{"type":"FeatureCollection","name":"lankao-township-streets","crs":{"type":"name","properties":{"name":"urn:ogc:def:crs:OGC:1.3:CRS84"}},"features":[{"type":"Feature","properties":{"adcode":"410225001","name":"兰阳街道","type":"街道","county_code":"410225","county_name":"兰考县","source_codes":["410225100","410225200"],"geometry_method":"参考图重分割","area_km2":27.1298},"geometry":{"type":"MultiPolygon","coordinates":[[[[114.86565774,34.80406058],[114.86514391,34.80406058],[114.86514391,34.80420135],[114.86497263,34.80420135],[114.86497263,34.80434211],[114.86463008,34.80434211],[114.86463008,34.80448288],[114.86428752,34.80448288],[114.86428752,34.80462365],[114.86394497,34.80462365],[114.86394497,34.80476441],[114.86377369,34.80476441],[114.86377369,34.80490518],[114.86343114,34.80490518],[114.86343114,34.80504595],[114.86308859,34.80504595],[114.86308859,34.80518671],[114.86291731,34.80518671],[114.86291731,34.80532748],[114.86257476,34.80532748],[114.86257476,34.80546825],[114.86223221,34.80546825],[114.86223221,34.80560902],[114.86188965,34.80560902],[114.86188965,34.80574978],[114.86171838,34.80574978],[114.86171838,34.80589055],[114.86137582,34.80589055],[114.86137582,34.80603132],[114.86120455,34.80603132],[114.86120455,34.80617208],[114.86069072,34.80617208],[114.86069072,34.80631285],[114.86034816,34.80631285],[114.86034816,34.80645362],[114.86017689,34.80645362],[114.86017689,34.80659438],[114.85983433,34.80659438],[114.85983433,34.80673515],[114.85966306,34.80673515],[114.85966306,34.80687592],[114.8593205,34.80687592],[114.8593205,34.80701668],[114.85897795,34.80701668],[114.85897795,34.80715745],[114.85880667,34.80715745],[114.85880667,34.80729822],[114.85846412,34.80729822],[114.85846412,34.80743898],[114.85829284,34.80743898],[114.85829284,34.80757975],[114.85795029,34.80757975],[114.85795029,34.80772052],[114.85777901,34.80772052],[114.85777901,34.80786128],[114.85743646,34.80786128],[114.85743646,34.80800205],[114.85709391,34.80800205],[114.85709391,34.80814282],[114.85675135,34.80814282],[114.85675135,34.80828359],[114.8564088,34.80828359],[114.8564088,34.80842435],[114.85606625,34.80842435],[114.85606625,34.80856512],[114.85589497,34.80856512],[114.85589497,34.80870589],[114.85555242,34.80870589],[114.85555242,34.80884665],[114.85520986,34.80884665],[114.85520986,34.80898742],[114.85503859,34.80898742],[114.85503859,34.80912819],[114.85469603,34.80912819],[114.85469603,34.80926895],[114.85435348,34.80926895],[114.85435348,34.80940972],[114.85401093,34.80940972],[114.85401093,34.80955049],[114.85383965,34.80955049],[114.85383965,34.80969125],[114.8534971,34.80969125],[114.8534971,34.80983202],[114.85315454,34.80983202],[114.85315454,34.80997279],[114.85298327,34.80997279],[114.85298327,34.81011355],[114.85264072,34.81011355],[114.85264072,34.81025432],[114.85178433,34.81025432],[114.85178433,34.81039509],[114.85109923,34.81039509],[114.85109923,34.81025432],[114.85092795,34.81025432],[114.85092795,34.80955049],[114.85075667,34.80955049],[114.85075667,34.80828359],[114.8505854,34.80828359],[114.8505854,34.80757975],[114.85041412,34.80757975],[114.85041412,34.80687592],[114.84887263,34.80687592],[114.84887263,34.80701668],[114.84750242,34.80701668],[114.84750242,34.80715745],[114.84698859,34.80715745],[114.84698859,34.80729822],[114.84596093,34.80729822],[114.84596093,34.80743898],[114.84441944,34.80743898],[114.84441944,34.80757975],[114.84339178,34.80757975],[114.84339178,34.80772052],[114.84133646,34.80772052],[114.84133646,34.80786128],[114.84099391,34.80786128],[114.84099391,34.80926895],[114.84116518,34.80926895],[114.84116518,34.81053585],[114.84133646,34.81053585],[114.84133646,34.81222506],[114.84116518,34.81222506],[114.84116518,34.81236582],[114.84082263,34.81236582],[114.84082263,34.81250659],[114.8403088,34.81250659],[114.8403088,34.81264736],[114.83979497,34.81264736],[114.83979497,34.81278812],[114.83928114,34.81278812],[114.83928114,34.81292889],[114.83876731,34.81292889],[114.83876731,34.81306966],[114.83825348,34.81306966],[114.83825348,34.81321042],[114.83773965,34.81321042],[114.83773965,34.81335119],[114.83722582,34.81335119],[114.83722582,34.81349196],[114.83671199,34.81349196],[114.83671199,34.81363273],[114.83619816,34.81363273],[114.83619816,34.81377349],[114.83568433,34.81377349],[114.83568433,34.81391426],[114.8351705,34.81391426],[114.8351705,34.81461809],[114.83534178,34.81461809],[114.83534178,34.81560346],[114.83551305,34.81560346],[114.83551305,34.8163073],[114.83568433,34.8163073],[114.83568433,34.81658883],[114.83585561,34.81658883],[114.83585561,34.8171519],[114.83602688,34.8171519],[114.83602688,34.81729266],[114.83585561,34.81729266],[114.83585561,34.81743343],[114.83551305,34.81743343],[114.83551305,34.8175742],[114.83499922,34.8175742],[114.83499922,34.81771496],[114.83448539,34.81771496],[114.83448539,34.81785573],[114.83397156,34.81785573],[114.83397156,34.8179965],[114.83345774,34.8179965],[114.83345774,34.81813726],[114.83311518,34.81813726],[114.83311518,34.81827803],[114.83208752,34.81827803],[114.83208752,34.8179965],[114.83191625,34.8179965],[114.83191625,34.81743343],[114.83174497,34.81743343],[114.83174497,34.81701113],[114.83157369,34.81701113],[114.83157369,34.81616653],[114.83140242,34.81616653],[114.83140242,34.815885],[114.83123114,34.815885],[114.83123114,34.81560346],[114.83105986,34.81560346],[114.83105986,34.81546269],[114.83088859,34.81546269],[114.83088859,34.81532193],[114.83105986,34.81532193],[114.83105986,34.81518116],[114.83088859,34.81518116],[114.83088859,34.81489963],[114.82986093,34.81489963],[114.82986093,34.81475886],[114.82951837,34.81475886],[114.82951837,34.81461809],[114.82900454,34.81461809],[114.82900454,34.81447733],[114.82849071,34.81447733],[114.82849071,34.81433656],[114.82797688,34.81433656],[114.82797688,34.81419579],[114.82763433,34.81419579],[114.82763433,34.81405503],[114.82729178,34.81405503],[114.82729178,34.81391426],[114.82677795,34.81391426],[114.82677795,34.81377349],[114.82540773,34.81377349],[114.82540773,34.81363273],[114.8242088,34.81363273],[114.8242088,34.81349196],[114.82300986,34.81349196],[114.82300986,34.81335119],[114.82249603,34.81335119],[114.82249603,34.81349196],[114.82232476,34.81349196],[114.82232476,34.81447733],[114.82215348,34.81447733],[114.82215348,34.81532193],[114.8219822,34.81532193],[114.8219822,34.81546269],[114.82146837,34.81546269],[114.82146837,34.81532193],[114.82095454,34.81532193],[114.82095454,34.81518116],[114.82044071,34.81518116],[114.82044071,34.81504039],[114.82026944,34.81504039],[114.82026944,34.81461809],[114.82009816,34.81461809],[114.82009816,34.81419579],[114.81992688,34.81419579],[114.81992688,34.81377349],[114.81975561,34.81377349],[114.81975561,34.81335119],[114.81958433,34.81335119],[114.81958433,34.81292889],[114.81941305,34.81292889],[114.81941305,34.81194352],[114.81924178,34.81194352],[114.81924178,34.81138046],[114.8190705,34.81138046],[114.8190705,34.81095816],[114.81889922,34.81095816],[114.81889922,34.81067662],[114.81872795,34.81067662],[114.81872795,34.80997279],[114.81855667,34.80997279],[114.81855667,34.80912819],[114.81838539,34.80912819],[114.81838539,34.80898742],[114.81821412,34.80898742],[114.81821412,34.80884665],[114.81804284,34.80884665],[114.81804284,34.80828359],[114.81787156,34.80828359],[114.81787156,34.80772052],[114.81770029,34.80772052],[114.81770029,34.80687592],[114.81752901,34.80687592],[114.81752901,34.80603132],[114.81735773,34.80603132],[114.81735773,34.80518671],[114.81633007,34.80518671],[114.81633007,34.80532748],[114.81239071,34.80532748],[114.81239071,34.80546825],[114.81050667,34.80546825],[114.81050667,34.80560902],[114.81033539,34.80560902],[114.81033539,34.80546825],[114.81016412,34.80546825],[114.81016412,34.80476441],[114.80965029,34.80476441],[114.80965029,34.80490518],[114.80862263,34.80490518],[114.80862263,34.80504595],[114.80776624,34.80504595],[114.80776624,34.80518671],[114.80708114,34.80518671],[114.80708114,34.80532748],[114.80639603,34.80532748],[114.80639603,34.80546825],[114.80622475,34.80546825],[114.80622475,34.80617208],[114.80639603,34.80617208],[114.80639603,34.80687592],[114.80656731,34.80687592],[114.80656731,34.80772052],[114.80673858,34.80772052],[114.80673858,34.80870589],[114.80690986,34.80870589],[114.80690986,34.80940972],[114.80708114,34.80940972],[114.80708114,34.81025432],[114.80725241,34.81025432],[114.80725241,34.81123969],[114.8058822,34.81123969],[114.8058822,34.81138046],[114.80485454,34.81138046],[114.80485454,34.81152122],[114.80468326,34.81152122],[114.80468326,34.81306966],[114.80416944,34.81306966],[114.80416944,34.81292889],[114.80279922,34.81292889],[114.80279922,34.81278812],[114.80194284,34.81278812],[114.80194284,34.81264736],[114.8000588,34.81264736],[114.8000588,34.81250659],[114.79920241,34.81250659],[114.79920241,34.81236582],[114.79834603,34.81236582],[114.79834603,34.81222506],[114.79748965,34.81222506],[114.79748965,34.81405503],[114.79594816,34.81405503],[114.79594816,34.81419579],[114.79526305,34.81419579],[114.79526305,34.81405503],[114.79406412,34.81405503],[114.79406412,34.81419579],[114.79303646,34.81419579],[114.79303646,34.81433656],[114.79149497,34.81433656],[114.79149497,34.81447733],[114.79098114,34.81447733],[114.79098114,34.81518116],[114.79115241,34.81518116],[114.79115241,34.81574423],[114.79132369,34.81574423],[114.79132369,34.81644806],[114.79149497,34.81644806],[114.79149497,34.81687036],[114.79166624,34.81687036],[114.79166624,34.81743343],[114.79183752,34.81743343],[114.79183752,34.8179965],[114.7920088,34.8179965],[114.7920088,34.81813726],[114.79218007,34.81813726],[114.79218007,34.81898187],[114.79235135,34.81898187],[114.79235135,34.8192634],[114.79252263,34.8192634],[114.79252263,34.8196857],[114.7926939,34.8196857],[114.7926939,34.81996723],[114.79286518,34.81996723],[114.79286518,34.8205303],[114.79303646,34.8205303],[114.79303646,34.82151567],[114.79320773,34.82151567],[114.79320773,34.82165644],[114.79337901,34.82165644],[114.79337901,34.82207874],[114.79355029,34.82207874],[114.79355029,34.8222195],[114.79372156,34.8222195],[114.79372156,34.82250104],[114.79389284,34.82250104],[114.79389284,34.82278257],[114.79406412,34.82278257],[114.79406412,34.8230641],[114.79423539,34.8230641],[114.79423539,34.82334564],[114.79440667,34.82334564],[114.79440667,34.82362717],[114.79457794,34.82362717],[114.79457794,34.82390871],[114.79474922,34.82390871],[114.79474922,34.82419024],[114.7949205,34.82419024],[114.7949205,34.82447177],[114.79509177,34.82447177],[114.79509177,34.82475331],[114.79526305,34.82475331],[114.79526305,34.82489407],[114.79543433,34.82489407],[114.79543433,34.82503484],[114.7956056,34.82503484],[114.7956056,34.82531637],[114.79526305,34.82531637],[114.79526305,34.82587944],[114.79543433,34.82587944],[114.79543433,34.82630174],[114.7956056,34.82630174],[114.7956056,34.82700558],[114.79577688,34.82700558],[114.79577688,34.82742788],[114.79594816,34.82742788],[114.79594816,34.82827248],[114.79611943,34.82827248],[114.79611943,34.82855401],[114.79680454,34.82855401],[114.79680454,34.83038398],[114.79663326,34.83038398],[114.79663326,34.83052475],[114.79629071,34.83052475],[114.79629071,34.83066551],[114.79594816,34.83066551],[114.79594816,34.83080628],[114.7956056,34.83080628],[114.7956056,34.83094705],[114.79543433,34.83094705],[114.79543433,34.83108781],[114.79526305,34.83108781],[114.79526305,34.83122858],[114.79509177,34.83122858],[114.79509177,34.83136935],[114.7949205,34.83136935],[114.7949205,34.83151011],[114.79457794,34.83151011],[114.79457794,34.83165088],[114.79440667,34.83165088],[114.79440667,34.83179165],[114.79406412,34.83179165],[114.79406412,34.83193242],[114.79389284,34.83193242],[114.79389284,34.83207318],[114.79355029,34.83207318],[114.79355029,34.83221395],[114.79337901,34.83221395],[114.79337901,34.83249548],[114.79320773,34.83249548],[114.79320773,34.83263625],[114.79303646,34.83263625],[114.79303646,34.83319932],[114.79320773,34.83319932],[114.79320773,34.83334008],[114.79337901,34.83334008],[114.79337901,34.83348085],[114.79355029,34.83348085],[114.79355029,34.83376238],[114.79372156,34.83376238],[114.79372156,34.83390315],[114.79389284,34.83390315],[114.79389284,34.83404392],[114.79406412,34.83404392],[114.79406412,34.83432545],[114.79423539,34.83432545],[114.79423539,34.83446622],[114.79526305,34.83446622],[114.79526305,34.83432545],[114.7956056,34.83432545],[114.7956056,34.83418468],[114.79594816,34.83418468],[114.79594816,34.83404392],[114.79646199,34.83404392],[114.79646199,34.83390315],[114.79714709,34.83390315],[114.79714709,34.83376238],[114.79800348,34.83376238],[114.79800348,34.83390315],[114.79885986,34.83390315],[114.79885986,34.83404392],[114.79937369,34.83404392],[114.79937369,34.83418468],[114.8000588,34.83418468],[114.8000588,34.83432545],[114.80057263,34.83432545],[114.80057263,34.83446622],[114.80091518,34.83446622],[114.80091518,34.83460699],[114.80160029,34.83460699],[114.80160029,34.83474775],[114.80177156,34.83474775],[114.80177156,34.83488852],[114.80211412,34.83488852],[114.80211412,34.83502929],[114.80228539,34.83502929],[114.80228539,34.83517005],[114.80262795,34.83517005],[114.80262795,34.83545159],[114.80279922,34.83545159],[114.80279922,34.83559235],[114.80314178,34.83559235],[114.80314178,34.83573312],[114.80331305,34.83573312],[114.80331305,34.83587389],[114.80365561,34.83587389],[114.80365561,34.83601465],[114.80382688,34.83601465],[114.80382688,34.83615542],[114.80399816,34.83615542],[114.80399816,34.83629619],[114.80416944,34.83629619],[114.80416944,34.83643695],[114.80434071,34.83643695],[114.80434071,34.83657772],[114.80502582,34.83657772],[114.80502582,34.83559235],[114.80485454,34.83559235],[114.80485454,34.83432545],[114.80502582,34.83432545],[114.80502582,34.83362162],[114.80485454,34.83362162],[114.80485454,34.83277702],[114.80468326,34.83277702],[114.80468326,34.83221395],[114.80485454,34.83221395],[114.80485454,34.83207318],[114.80502582,34.83207318],[114.80502582,34.83193242],[114.80553965,34.83193242],[114.80553965,34.83136935],[114.80571092,34.83136935],[114.80571092,34.83122858],[114.80656731,34.83122858],[114.80656731,34.83108781],[114.80708114,34.83108781],[114.80708114,34.83094705],[114.80828007,34.83094705],[114.80828007,34.83108781],[114.80845135,34.83108781],[114.80845135,34.83305855],[114.80793752,34.83305855],[114.80793752,34.83319932],[114.80776624,34.83319932],[114.80776624,34.83390315],[114.80793752,34.83390315],[114.80793752,34.83418468],[114.8081088,34.83418468],[114.8081088,34.83404392],[114.80845135,34.83404392],[114.80845135,34.83390315],[114.80896518,34.83390315],[114.80896518,34.83404392],[114.80913646,34.83404392],[114.80913646,34.83418468],[114.80930773,34.83418468],[114.80930773,34.83446622],[114.80947901,34.83446622],[114.80947901,34.83502929],[114.80965029,34.83502929],[114.80965029,34.83517005],[114.80982156,34.83517005],[114.80982156,34.83559235],[114.80999284,34.83559235],[114.80999284,34.83601465],[114.81016412,34.83601465],[114.81016412,34.83615542],[114.81033539,34.83615542],[114.81033539,34.83643695],[114.81050667,34.83643695],[114.81050667,34.83657772],[114.81067795,34.83657772],[114.81067795,34.83685925],[114.81084922,34.83685925],[114.81084922,34.83714079],[114.81067795,34.83714079],[114.81067795,34.83728156],[114.81050667,34.83728156],[114.81050667,34.83742232],[114.81033539,34.83742232],[114.81033539,34.83756309],[114.81016412,34.83756309],[114.81016412,34.83770386],[114.80999284,34.83770386],[114.80999284,34.83784462],[114.80982156,34.83784462],[114.80982156,34.83798539],[114.80965029,34.83798539],[114.80965029,34.83812616],[114.80947901,34.83812616],[114.80947901,34.83826692],[114.80930773,34.83826692],[114.80930773,34.83854846],[114.80913646,34.83854846],[114.80913646,34.83868922],[114.80896518,34.83868922],[114.80896518,34.83882999],[114.8087939,34.83882999],[114.8087939,34.83897076],[114.80862263,34.83897076],[114.80862263,34.83911152],[114.80845135,34.83911152],[114.80845135,34.83925229],[114.80828007,34.83925229],[114.80828007,34.83939306],[114.8081088,34.83939306],[114.8081088,34.83953382],[114.80793752,34.83953382],[114.80793752,34.83967459],[114.80776624,34.83967459],[114.80776624,34.83981536],[114.80759497,34.83981536],[114.80759497,34.83995613],[114.80742369,34.83995613],[114.80742369,34.84023766],[114.80725241,34.84023766],[114.80725241,34.84037843],[114.80708114,34.84037843],[114.80708114,34.84122303],[114.80725241,34.84122303],[114.80725241,34.84150456],[114.80742369,34.84150456],[114.80742369,34.84206763],[114.80759497,34.84206763],[114.80759497,34.8426307],[114.80776624,34.8426307],[114.80776624,34.84291223],[114.80793752,34.84291223],[114.80793752,34.84319376],[114.8081088,34.84319376],[114.8081088,34.8438976],[114.80828007,34.8438976],[114.80828007,34.84403836],[114.80845135,34.84403836],[114.80845135,34.84446066],[114.80862263,34.84446066],[114.80862263,34.84460143],[114.80896518,34.84460143],[114.80896518,34.8447422],[114.8087939,34.8447422],[114.8087939,34.84502373],[114.80862263,34.84502373],[114.80862263,34.84544603],[114.80845135,34.84544603],[114.80845135,34.8460091],[114.80828007,34.8460091],[114.80828007,34.84657217],[114.8081088,34.84657217],[114.8081088,34.84713523],[114.80793752,34.84713523],[114.80793752,34.8476983],[114.80776624,34.8476983],[114.80776624,34.8485429],[114.80793752,34.8485429],[114.80793752,34.84868367],[114.8081088,34.84868367],[114.8081088,34.84882444],[114.80828007,34.84882444],[114.80828007,34.84910597],[114.80845135,34.84910597],[114.80845135,34.84924674],[114.80896518,34.84924674],[114.80896518,34.8493875],[114.80965029,34.8493875],[114.80965029,34.84924674],[114.81084922,34.84924674],[114.81084922,34.84868367],[114.8110205,34.84868367],[114.8110205,34.8485429],[114.81119178,34.8485429],[114.81119178,34.84840214],[114.81187688,34.84840214],[114.81187688,34.84826137],[114.81221944,34.84826137],[114.81221944,34.8481206],[114.81239071,34.8481206],[114.81239071,34.84797984],[114.81273327,34.84797984],[114.81273327,34.84783907],[114.81290454,34.84783907],[114.81290454,34.8476983],[114.8132471,34.8476983],[114.8132471,34.84755754],[114.81341837,34.84755754],[114.81341837,34.84741677],[114.81358965,34.84741677],[114.81358965,34.847276],[114.81376093,34.847276],[114.81376093,34.84713523],[114.8139322,34.84713523],[114.8139322,34.84699447],[114.81427475,34.84699447],[114.81427475,34.84671293],[114.81444603,34.84671293],[114.81444603,34.84657217],[114.81478858,34.84657217],[114.81478858,34.8464314],[114.81513114,34.8464314],[114.81513114,34.84629063],[114.81530241,34.84629063],[114.81530241,34.84614987],[114.81564497,34.84614987],[114.81564497,34.8460091],[114.81598752,34.8460091],[114.81598752,34.84586833],[114.8161588,34.84586833],[114.8161588,34.84572757],[114.81633007,34.84572757],[114.81633007,34.8455868],[114.81667263,34.8455868],[114.81667263,34.84544603],[114.8168439,34.84544603],[114.8168439,34.84530527],[114.81701518,34.84530527],[114.81701518,34.8451645],[114.81735773,34.8451645],[114.81735773,34.84502373],[114.81752901,34.84502373],[114.81752901,34.84488297],[114.81787156,34.84488297],[114.81787156,34.8447422],[114.81804284,34.8447422],[114.81804284,34.84460143],[114.81821412,34.84460143],[114.81821412,34.84446066],[114.81838539,34.84446066],[114.81838539,34.8443199],[114.81855667,34.8443199],[114.81855667,34.84417913],[114.81872795,34.84417913],[114.81872795,34.84403836],[114.8190705,34.84403836],[114.8190705,34.8438976],[114.81924178,34.8438976],[114.81924178,34.84375683],[114.81958433,34.84375683],[114.81958433,34.84361606],[114.81975561,34.84361606],[114.81975561,34.8434753],[114.81992688,34.8434753],[114.81992688,34.84333453],[114.82009816,34.84333453],[114.82009816,34.84319376],[114.82044071,34.84319376],[114.82044071,34.843053],[114.82061199,34.843053],[114.82061199,34.84291223],[114.82112582,34.84291223],[114.82112582,34.84319376],[114.82095454,34.84319376],[114.82095454,34.84333453],[114.82078327,34.84333453],[114.82078327,34.8434753],[114.82061199,34.8434753],[114.82061199,34.84361606],[114.82026944,34.84361606],[114.82026944,34.84375683],[114.81992688,34.84375683],[114.81992688,34.84403836],[114.81975561,34.84403836],[114.81975561,34.84417913],[114.81958433,34.84417913],[114.81958433,34.8443199],[114.81924178,34.8443199],[114.81924178,34.84446066],[114.8190705,34.84446066],[114.8190705,34.84460143],[114.81889922,34.84460143],[114.81889922,34.8447422],[114.81872795,34.8447422],[114.81872795,34.8451645],[114.81889922,34.8451645],[114.81889922,34.84544603],[114.8190705,34.84544603],[114.8190705,34.8455868],[114.81924178,34.8455868],[114.81924178,34.84572757],[114.81941305,34.84572757],[114.81941305,34.84586833],[114.81975561,34.84586833],[114.81975561,34.84572757],[114.82009816,34.84572757],[114.82009816,34.8455868],[114.82026944,34.8455868],[114.82026944,34.84544603],[114.82044071,34.84544603],[114.82044071,34.8455868],[114.82061199,34.8455868],[114.82061199,34.84586833],[114.82026944,34.84586833],[114.82026944,34.8460091],[114.82009816,34.8460091],[114.82009816,34.84614987],[114.81992688,34.84614987],[114.81992688,34.84657217],[114.81975561,34.84657217],[114.81975561,34.84671293],[114.81958433,34.84671293],[114.81958433,34.8468537],[114.81941305,34.8468537],[114.81941305,34.84713523],[114.81924178,34.84713523],[114.81924178,34.847276],[114.81941305,34.847276],[114.81941305,34.84741677],[114.81958433,34.84741677],[114.81958433,34.84755754],[114.81975561,34.84755754],[114.81975561,34.84783907],[114.81992688,34.84783907],[114.81992688,34.8481206],[114.82009816,34.8481206],[114.82009816,34.8485429],[114.82026944,34.8485429],[114.82026944,34.84882444],[114.82044071,34.84882444],[114.82044071,34.84910597],[114.82061199,34.84910597],[114.82061199,34.84952827],[114.82112582,34.84952827],[114.82112582,34.8493875],[114.82146837,34.8493875],[114.82146837,34.84924674],[114.82181093,34.84924674],[114.82181093,34.84910597],[114.8219822,34.84910597],[114.8219822,34.8489652],[114.82232476,34.8489652],[114.82232476,34.84882444],[114.82266731,34.84882444],[114.82266731,34.84868367],[114.82283859,34.84868367],[114.82283859,34.8485429],[114.82318114,34.8485429],[114.82318114,34.84840214],[114.82352369,34.84840214],[114.82352369,34.84826137],[114.82369497,34.84826137],[114.82369497,34.8481206],[114.82386624,34.8481206],[114.82386624,34.84797984],[114.8242088,34.84797984],[114.8242088,34.84783907],[114.82438007,34.84783907],[114.82438007,34.8476983],[114.82455135,34.8476983],[114.82455135,34.84755754],[114.8248939,34.84755754],[114.8248939,34.84741677],[114.82506518,34.84741677],[114.82506518,34.847276],[114.82540773,34.847276],[114.82540773,34.84741677],[114.82557901,34.84741677],[114.82557901,34.84755754],[114.82575029,34.84755754],[114.82575029,34.8476983],[114.82592156,34.8476983],[114.82592156,34.84797984],[114.82609284,34.84797984],[114.82609284,34.84826137],[114.82626412,34.84826137],[114.82626412,34.84840214],[114.82694922,34.84840214],[114.82694922,34.84826137],[114.82729178,34.84826137],[114.82729178,34.8481206],[114.82763433,34.8481206],[114.82763433,34.84797984],[114.82797688,34.84797984],[114.82797688,34.84783907],[114.82831944,34.84783907],[114.82831944,34.8476983],[114.82866199,34.8476983],[114.82866199,34.84783907],[114.82883327,34.84783907],[114.82883327,34.8481206],[114.82900454,34.8481206],[114.82900454,34.84840214],[114.82917582,34.84840214],[114.82917582,34.84868367],[114.8293471,34.84868367],[114.8293471,34.8489652],[114.82951837,34.8489652],[114.82951837,34.84924674],[114.82968965,34.84924674],[114.82968965,34.84952827],[114.82986093,34.84952827],[114.82986093,34.8498098],[114.8300322,34.8498098],[114.8300322,34.85023211],[114.83020348,34.85023211],[114.83020348,34.85037287],[114.83037476,34.85037287],[114.83037476,34.85065441],[114.83054603,34.85065441],[114.83054603,34.85107671],[114.83071731,34.85107671],[114.83071731,34.85121747],[114.83088859,34.85121747],[114.83088859,34.85149901],[114.83105986,34.85149901],[114.83105986,34.85192131],[114.83037476,34.85192131],[114.83037476,34.85206207],[114.82986093,34.85206207],[114.82986093,34.85220284],[114.82883327,34.85220284],[114.82883327,34.85234361],[114.82849071,34.85234361],[114.82849071,34.85304744],[114.82866199,34.85304744],[114.82866199,34.85346974],[114.82883327,34.85346974],[114.82883327,34.85403281],[114.82900454,34.85403281],[114.82900454,34.85459588],[114.82917582,34.85459588],[114.82917582,34.85487741],[114.8293471,34.85487741],[114.8293471,34.85544048],[114.82951837,34.85544048],[114.82951837,34.85600355],[114.82968965,34.85600355],[114.82968965,34.85642585],[114.82986093,34.85642585],[114.82986093,34.85727045],[114.8300322,34.85727045],[114.8300322,34.85769275],[114.83020348,34.85769275],[114.83020348,34.85825582],[114.83037476,34.85825582],[114.83037476,34.85881888],[114.83054603,34.85881888],[114.83054603,34.85924118],[114.83071731,34.85924118],[114.83071731,34.85952272],[114.83243008,34.85952272],[114.83243008,34.85938195],[114.83294391,34.85938195],[114.83294391,34.85952272],[114.83311518,34.85952272],[114.83311518,34.86036732],[114.83328646,34.86036732],[114.83328646,34.86064885],[114.83380029,34.86064885],[114.83380029,34.86078962],[114.83482795,34.86078962],[114.83482795,34.86050808],[114.83499922,34.86050808],[114.83499922,34.86036732],[114.83551305,34.86036732],[114.83551305,34.86022655],[114.83585561,34.86022655],[114.83585561,34.86036732],[114.83602688,34.86036732],[114.83602688,34.86050808],[114.83619816,34.86050808],[114.83619816,34.86149345],[114.83636944,34.86149345],[114.83636944,34.86191575],[114.83654071,34.86191575],[114.83654071,34.86233805],[114.83671199,34.86233805],[114.83671199,34.86247882],[114.83722582,34.86247882],[114.83722582,34.86233805],[114.83756837,34.86233805],[114.83756837,34.86219729],[114.83773965,34.86219729],[114.83773965,34.86205652],[114.83791093,34.86205652],[114.83791093,34.86191575],[114.83825348,34.86191575],[114.83825348,34.86177499],[114.83859603,34.86177499],[114.83859603,34.86163422],[114.84013752,34.86163422],[114.84013752,34.86177499],[114.8403088,34.86177499],[114.8403088,34.86191575],[114.84048008,34.86191575],[114.84048008,34.86205652],[114.84082263,34.86205652],[114.84082263,34.86191575],[114.84150774,34.86191575],[114.84150774,34.86149345],[114.84133646,34.86149345],[114.84133646,34.86135269],[114.84116518,34.86135269],[114.84116518,34.86121192],[114.84099391,34.86121192],[114.84099391,34.86107115],[114.84082263,34.86107115],[114.84082263,34.86078962],[114.84099391,34.86078962],[114.84099391,34.86064885],[114.84202157,34.86064885],[114.84202157,34.86022655],[114.84185029,34.86022655],[114.84185029,34.85994502],[114.84167901,34.85994502],[114.84167901,34.85966348],[114.84150774,34.85966348],[114.84150774,34.85910042],[114.84133646,34.85910042],[114.84133646,34.85783351],[114.84116518,34.85783351],[114.84116518,34.85755198],[114.84167901,34.85755198],[114.84167901,34.85741121],[114.84287795,34.85741121],[114.84287795,34.85727045],[114.84339178,34.85727045],[114.84339178,34.85586278],[114.8432205,34.85586278],[114.8432205,34.85473664],[114.84304923,34.85473664],[114.84304923,34.85403281],[114.84287795,34.85403281],[114.84287795,34.85318821],[114.84270667,34.85318821],[114.84270667,34.85248437],[114.8425354,34.85248437],[114.8425354,34.85178054],[114.84236412,34.85178054],[114.84236412,34.85051364],[114.84219284,34.85051364],[114.84219284,34.85009134],[114.84202157,34.85009134],[114.84202157,34.84924674],[114.84185029,34.84924674],[114.84185029,34.8489652],[114.84167901,34.8489652],[114.84167901,34.84826137],[114.84185029,34.84826137],[114.84185029,34.8481206],[114.84167901,34.8481206],[114.84167901,34.84783907],[114.84150774,34.84783907],[114.84150774,34.84741677],[114.84133646,34.84741677],[114.84133646,34.84699447],[114.84116518,34.84699447],[114.84116518,34.84657217],[114.84099391,34.84657217],[114.84099391,34.84614987],[114.84082263,34.84614987],[114.84082263,34.84572757],[114.84065135,34.84572757],[114.84065135,34.84530527],[114.84048008,34.84530527],[114.84048008,34.8447422],[114.8403088,34.8447422],[114.8403088,34.8443199],[114.84013752,34.8443199],[114.84013752,34.8438976],[114.83996625,34.8438976],[114.83996625,34.8434753],[114.83979497,34.8434753],[114.83979497,34.84291223],[114.83962369,34.84291223],[114.83962369,34.84248993],[114.83945242,34.84248993],[114.83945242,34.84206763],[114.83928114,34.84206763],[114.83928114,34.84150456],[114.83910986,34.84150456],[114.83910986,34.84108226],[114.83893859,34.84108226],[114.83893859,34.84065996],[114.83876731,34.84065996],[114.83876731,34.84009689],[114.83859603,34.84009689],[114.83859603,34.83967459],[114.83842476,34.83967459],[114.83842476,34.83925229],[114.83825348,34.83925229],[114.83825348,34.83882999],[114.8380822,34.83882999],[114.8380822,34.83840769],[114.83791093,34.83840769],[114.83791093,34.83826692],[114.83773965,34.83826692],[114.83773965,34.83812616],[114.83756837,34.83812616],[114.83756837,34.83798539],[114.8373971,34.83798539],[114.8373971,34.83756309],[114.83722582,34.83756309],[114.83722582,34.83671849],[114.83705454,34.83671849],[114.83705454,34.83643695],[114.83688327,34.83643695],[114.83688327,34.83615542],[114.83671199,34.83615542],[114.83671199,34.83587389],[114.83654071,34.83587389],[114.83654071,34.83559235],[114.83636944,34.83559235],[114.83636944,34.83502929],[114.83722582,34.83502929],[114.83722582,34.83488852],[114.83756837,34.83488852],[114.83756837,34.83474775],[114.8380822,34.83474775],[114.8380822,34.83488852],[114.83825348,34.83488852],[114.83825348,34.83502929],[114.83876731,34.83502929],[114.83876731,34.83488852],[114.83910986,34.83488852],[114.83910986,34.83474775],[114.83928114,34.83474775],[114.83928114,34.83460699],[114.83962369,34.83460699],[114.83962369,34.83446622],[114.83979497,34.83446622],[114.83979497,34.83432545],[114.84013752,34.83432545],[114.84013752,34.83418468],[114.8403088,34.83418468],[114.8403088,34.83404392],[114.84048008,34.83404392],[114.84048008,34.83390315],[114.84082263,34.83390315],[114.84082263,34.83418468],[114.84099391,34.83418468],[114.84099391,34.83432545],[114.84116518,34.83432545],[114.84116518,34.83474775],[114.84133646,34.83474775],[114.84133646,34.83545159],[114.84150774,34.83545159],[114.84150774,34.83615542],[114.84167901,34.83615542],[114.84167901,34.83671849],[114.84185029,34.83671849],[114.84185029,34.83728156],[114.84287795,34.83728156],[114.84287795,34.83714079],[114.84339178,34.83714079],[114.84339178,34.83728156],[114.84356305,34.83728156],[114.84356305,34.83770386],[114.84373433,34.83770386],[114.84373433,34.83812616],[114.84390561,34.83812616],[114.84390561,34.83868922],[114.84407688,34.83868922],[114.84407688,34.83911152],[114.84424816,34.83911152],[114.84424816,34.83967459],[114.84441944,34.83967459],[114.84441944,34.84009689],[114.84510454,34.84009689],[114.84510454,34.84023766],[114.84527582,34.84023766],[114.84527582,34.84037843],[114.8454471,34.84037843],[114.8454471,34.84065996],[114.84561837,34.84065996],[114.84561837,34.84136379],[114.84578965,34.84136379],[114.84578965,34.84178609],[114.84596093,34.84178609],[114.84596093,34.84206763],[114.8461322,34.84206763],[114.8461322,34.84234916],[114.84630348,34.84234916],[114.84630348,34.84277146],[114.84647476,34.84277146],[114.84647476,34.84333453],[114.84664603,34.84333453],[114.84664603,34.84375683],[114.84681731,34.84375683],[114.84681731,34.84417913],[114.84698859,34.84417913],[114.84698859,34.84460143],[114.84715986,34.84460143],[114.84715986,34.84502373],[114.84733114,34.84502373],[114.84733114,34.8451645],[114.84750242,34.8451645],[114.84750242,34.84530527],[114.84767369,34.84530527],[114.84767369,34.84544603],[114.84784497,34.84544603],[114.84784497,34.8455868],[114.84801625,34.8455868],[114.84801625,34.84586833],[114.84818752,34.84586833],[114.84818752,34.84614987],[114.8483588,34.84614987],[114.8483588,34.8464314],[114.84853008,34.8464314],[114.84853008,34.84657217],[114.84870135,34.84657217],[114.84870135,34.8468537],[114.84887263,34.8468537],[114.84887263,34.84699447],[114.84904391,34.84699447],[114.84904391,34.847276],[114.84921518,34.847276],[114.84921518,34.84797984],[114.85024284,34.84797984],[114.85024284,34.84783907],[114.85092795,34.84783907],[114.85092795,34.8476983],[114.85161306,34.8476983],[114.85161306,34.84755754],[114.85229816,34.84755754],[114.85229816,34.84741677],[114.85281199,34.84741677],[114.85281199,34.84755754],[114.85298327,34.84755754],[114.85298327,34.8476983],[114.85315454,34.8476983],[114.85315454,34.8481206],[114.85332582,34.8481206],[114.85332582,34.84840214],[114.8534971,34.84840214],[114.8534971,34.84882444],[114.85366837,34.84882444],[114.85366837,34.84995057],[114.85383965,34.84995057],[114.85383965,34.85009134],[114.85435348,34.85009134],[114.85435348,34.85023211],[114.85452476,34.85023211],[114.85452476,34.85051364],[114.85469603,34.85051364],[114.85469603,34.85079517],[114.85486731,34.85079517],[114.85486731,34.85107671],[114.85503859,34.85107671],[114.85503859,34.85121747],[114.85538114,34.85121747],[114.85538114,34.85149901],[114.85555242,34.85149901],[114.85555242,34.85192131],[114.85520986,34.85192131],[114.85520986,34.85206207],[114.85486731,34.85206207],[114.85486731,34.85248437],[114.85503859,34.85248437],[114.85503859,34.85290668],[114.85520986,34.85290668],[114.85520986,34.85361051],[114.85503859,34.85361051],[114.85503859,34.85403281],[114.85520986,34.85403281],[114.85520986,34.85473664],[114.85503859,34.85473664],[114.85503859,34.85515894],[114.85520986,34.85515894],[114.85520986,34.85544048],[114.85538114,34.85544048],[114.85538114,34.85586278],[114.85555242,34.85586278],[114.85555242,34.85600355],[114.85623752,34.85600355],[114.85623752,34.85614431],[114.8564088,34.85614431],[114.8564088,34.85628508],[114.85658008,34.85628508],[114.85658008,34.85656661],[114.85675135,34.85656661],[114.85675135,34.85670738],[114.85658008,34.85670738],[114.85658008,34.85684815],[114.85555242,34.85684815],[114.85555242,34.85698891],[114.85538114,34.85698891],[114.85538114,34.85783351],[114.85555242,34.85783351],[114.85555242,34.85797428],[114.85572369,34.85797428],[114.85572369,34.85811505],[114.85589497,34.85811505],[114.85589497,34.85881888],[114.85606625,34.85881888],[114.85606625,34.85952272],[114.85623752,34.85952272],[114.85623752,34.86022655],[114.8564088,34.86022655],[114.8564088,34.86093039],[114.85658008,34.86093039],[114.85658008,34.86177499],[114.85623752,34.86177499],[114.85623752,34.86219729],[114.8564088,34.86219729],[114.8564088,34.86233805],[114.85726518,34.86233805],[114.85726518,34.86219729],[114.85795029,34.86219729],[114.85795029,34.86205652],[114.85880667,34.86205652],[114.85880667,34.86191575],[114.85966306,34.86191575],[114.85966306,34.86177499],[114.86017689,34.86177499],[114.86017689,34.86191575],[114.86034816,34.86191575],[114.86034816,34.86205652],[114.86086199,34.86205652],[114.86086199,34.86191575],[114.86137582,34.86191575],[114.86137582,34.86177499],[114.86206093,34.86177499],[114.86206093,34.86163422],[114.86274604,34.86163422],[114.86274604,34.86149345],[114.86343114,34.86149345],[114.86343114,34.86078962],[114.86325986,34.86078962],[114.86325986,34.86022655],[114.86308859,34.86022655],[114.86308859,34.85980425],[114.86291731,34.85980425],[114.86291731,34.85938195],[114.86308859,34.85938195],[114.86308859,34.85924118],[114.86377369,34.85924118],[114.86377369,34.85910042],[114.86428752,34.85910042],[114.86428752,34.85895965],[114.86480135,34.85895965],[114.86480135,34.85881888],[114.86531518,34.85881888],[114.86531518,34.85867812],[114.86600029,34.85867812],[114.86600029,34.85853735],[114.86651412,34.85853735],[114.86651412,34.85839658],[114.86702795,34.85839658],[114.86702795,34.85825582],[114.86754178,34.85825582],[114.86754178,34.85811505],[114.86805561,34.85811505],[114.86805561,34.85797428],[114.86856944,34.85797428],[114.86856944,34.85783351],[114.86925455,34.85783351],[114.86925455,34.85769275],[114.87045348,34.85769275],[114.87045348,34.85755198],[114.87079604,34.85755198],[114.87079604,34.85751492],[114.87075429,34.85737464],[114.87072142,34.85727045],[114.87062476,34.85696405],[114.87054379,34.85670738],[114.87045348,34.85642112],[114.87042537,34.85633199],[114.87040994,34.85633535],[114.87028221,34.85636311],[114.87012093,34.85639817],[114.86999362,34.85642585],[114.86992415,34.85644095],[114.86989137,34.85637289],[114.86984908,34.85628508],[114.86976838,34.85611753],[114.86971347,34.85600355],[114.86970544,34.85598687],[114.86964034,34.85585172],[114.8695971,34.85576437],[114.86950644,34.85558125],[114.86942582,34.8554184],[114.86936706,34.85529971],[114.86925455,34.85507244],[114.869158,34.85487741],[114.86908327,34.85472647],[114.86901862,34.85459588],[114.86891199,34.8543805],[114.86887164,34.85429899],[114.86881391,34.85418237],[114.86880955,34.85417358],[114.86874072,34.85403453],[114.86867018,34.85389204],[114.86856944,34.85368855],[114.86853881,34.85362668],[114.86849152,34.85346974],[114.86839816,34.85315994],[114.86834728,34.85299106],[114.86832185,34.85290668],[114.86822689,34.85259155],[114.86815217,34.85234361],[114.86814256,34.8523117],[114.86805561,34.85202315],[114.86803754,34.85196318],[114.86805561,34.85195779],[114.86817794,34.85192131],[114.86839816,34.85185564],[114.86840512,34.85185356],[114.86865001,34.85178054],[114.86891199,34.85170242],[114.86911042,34.85164325],[114.86908327,34.85157833],[114.86904439,34.85148536],[114.86899122,34.85135824],[114.86891199,34.85116881],[114.86886231,34.85105001],[114.86881595,34.85096104],[114.8688016,34.85093594],[114.86874072,34.85082942],[114.86864068,34.85065441],[114.86856944,34.85052978],[114.86847975,34.85037287],[114.86846568,34.85034826],[114.86839816,34.85023014],[114.86831882,34.85009134],[114.86822689,34.8499305],[114.8681579,34.8498098],[114.86805561,34.84963085],[114.86799698,34.84952827],[114.86791651,34.8493875],[114.8678976,34.84935442],[114.86790363,34.84935274],[114.86798652,34.84932964],[114.86805561,34.84931039],[114.86807178,34.84930589],[114.86805561,34.84926789],[114.86802336,34.84919213],[114.86798668,34.84910597],[114.86796295,34.84905023],[114.86788433,34.84886558],[114.86780689,34.84868367],[114.86771542,34.8484688],[114.86771347,34.84845578],[114.86771306,34.84845302],[114.86770495,34.84839881],[114.86770007,34.84836621],[114.86766929,34.84816039],[114.8675703,34.84813765],[114.86749609,34.8481206],[114.8673377,34.84808422],[114.86719923,34.84805241],[114.86714355,34.84803962],[114.86689875,34.84797984],[114.8666854,34.84792774],[114.86667496,34.84792519],[114.86632231,34.84783907],[114.8662097,34.84781157],[114.86600029,34.84776043],[114.86582712,34.84771814],[114.86576746,34.84755754],[114.86570959,34.84740178],[114.86568612,34.84733883],[114.86565866,34.8472652],[114.86565774,34.8472629],[114.86555031,34.84699447],[114.86548646,34.84683495],[114.86538129,34.84657217],[114.86531518,34.84640699],[114.86528144,34.84632267],[114.86514391,34.84635498],[114.86481861,34.8464314],[114.86450068,34.84650609],[114.86442943,34.84652283],[114.864394,34.8464314],[114.86434441,34.84630347],[114.86428752,34.84616351],[114.86422477,34.8460091],[114.86417213,34.84587961],[114.86411625,34.84574211],[114.86405313,34.8455868],[114.86394497,34.8453207],[114.86388148,34.8451645],[114.86384635,34.84507805],[114.86377369,34.84489929],[114.86374672,34.84483292],[114.86370985,34.8447422],[114.86364829,34.84459074],[114.86360242,34.84447788],[114.86359542,34.84446066],[114.86359203,34.84445231],[114.86355839,34.84446066],[114.86325986,34.84453477],[114.86308859,34.84457729],[114.86308011,34.8445794],[114.86297969,34.84433299],[114.86297436,34.8443199],[114.86291731,34.84417991],[114.86291114,34.84416476],[114.86285963,34.84403836],[114.8627777,34.84383732],[114.86274604,34.84375963],[114.86269412,34.84363223],[114.86268753,34.84361606],[114.86262673,34.84346687],[114.86258384,34.8433627],[114.86257476,34.84334065],[114.86251428,34.84319376],[114.86240348,34.84292465],[114.86234041,34.84277146],[114.86223221,34.84250865],[114.86216654,34.84234916],[114.86206093,34.84209266],[114.86199267,34.84192686],[114.86188965,34.84167666],[114.8618586,34.84160124],[114.86182405,34.84150872],[114.8618225,34.84150456],[114.86176293,34.84134503],[114.86181697,34.84122303],[114.86181745,34.84122195],[114.86181739,34.84121666],[114.86181593,34.84107626],[114.86181901,34.84102746],[114.86182391,34.84094968],[114.86182051,34.84094149],[114.86179052,34.8408694],[114.86171838,34.84070369],[114.86163805,34.84051919],[114.8615471,34.84031028],[114.86145419,34.84009689],[114.86137582,34.83991688],[114.86127033,34.83967459],[114.86125598,34.83964161],[114.86120455,34.83952348],[114.86114776,34.83939306],[114.86110313,34.83929054],[114.86120975,34.83925926],[114.86120455,34.83924665],[114.86109078,34.83897076],[114.86105371,34.83888085],[114.86103327,34.83882926],[114.86092202,34.83854846],[114.86088094,34.83844477],[114.86086199,34.83839695],[114.86075471,34.83812616],[114.86069072,34.83796463],[114.86064717,34.83785471],[114.86062022,34.83778669],[114.8605874,34.83770386],[114.86051944,34.83753231],[114.8604201,34.83728156],[114.86036501,34.83714249],[114.86034816,34.83709731],[114.86025943,34.83685925],[114.86017689,34.83663781],[114.86010202,34.83643695],[114.86000561,34.8361783],[114.85994461,34.83601465],[114.85983433,34.8357188],[114.85973473,34.83545159],[114.85966306,34.8352593],[114.85965606,34.83524053],[114.85957732,34.83502929],[114.85949178,34.83479978],[114.85941992,34.83460699],[114.85937623,34.83448978],[114.8593205,34.83434025],[114.85921005,34.83404392],[114.85916149,34.83391364],[114.85914923,34.83388119],[114.8590511,34.83362162],[114.85902091,34.83354175],[114.85897795,34.8334281],[114.85894894,34.83335137],[114.8588962,34.83319932],[114.85880667,34.83294119],[114.85879261,34.83290064],[114.85870091,34.83263625],[114.8586354,34.83244737],[114.85860838,34.83236947],[114.8585885,34.83231217],[114.85858706,34.83230802],[114.8585902,34.83230728],[114.8586354,34.83229667],[114.85865969,34.83229097],[114.85885006,34.83224628],[114.85902814,34.83220447],[114.85903422,34.83220305],[114.85897795,34.83203318],[114.85889794,34.83179165],[114.85880667,34.83151612],[114.85871143,34.83122858],[114.8586354,34.83099906],[114.85857154,34.83080628],[114.85846412,34.830482],[114.85838502,34.83024321],[114.85829284,34.82996494],[114.8581985,34.82968015],[114.8581402,34.82950413],[114.85812157,34.82944788],[114.85805862,34.82925785],[114.85795029,34.8289308],[114.85787211,34.82869478],[114.85781544,34.82852368],[114.85777901,34.82841371],[114.85768561,34.82813171],[114.85760774,34.82789661],[114.8574991,34.82756864],[114.85748947,34.82753954],[114.85743646,34.82737951],[114.85743503,34.8273752],[114.8574233,34.82733977],[114.85738029,34.82720994],[114.85735923,34.82714634],[114.8573423,34.82709522],[114.85732329,34.82703783],[114.85732221,34.82703458],[114.85732617,34.82703337],[114.8573938,34.82701263],[114.85741678,34.82700558],[114.85760774,34.826947],[114.85787568,34.82686481],[114.85812157,34.82678939],[114.85833459,34.82672404],[114.8586354,34.82663177],[114.85879349,34.82658328],[114.85897795,34.82652669],[114.8592524,34.82644251],[114.85949178,34.82636908],[114.85950079,34.82636632],[114.85971128,34.82630174],[114.86000561,34.82621144],[114.86017012,34.82616097],[114.86034816,34.82610635],[114.86062897,34.82602021],[114.86086199,34.82594872],[114.86108781,34.82587944],[114.86137582,34.82579108],[114.86154666,34.82573867],[114.86171838,34.82568599],[114.8620055,34.82559791],[114.86223221,34.82552836],[114.86246434,34.82545714],[114.86274604,34.82537072],[114.86292319,34.82531637],[114.86308859,34.82526563],[114.86338203,34.82517561],[114.86360242,34.825108],[114.86384088,34.82503484],[114.86411625,34.82495036],[114.86429972,34.82489407],[114.8644588,34.82484527],[114.86475857,34.82475331],[114.86497263,34.82468763],[114.86521741,34.82461254],[114.86525781,34.82460015],[114.86532541,34.82457941],[114.86532917,34.82457825],[114.86533367,34.8245771],[114.86540254,34.82455938],[114.86548646,34.82453779],[114.86574304,34.82447177],[114.86600029,34.82440559],[114.86629016,34.82433101],[114.86651412,34.82427339],[114.86683729,34.82419024],[114.86702795,34.82414118],[114.86738441,34.82404947],[114.86771306,34.82396492],[114.86793154,34.82390871],[114.86822689,34.82383272],[114.86847867,34.82376794],[114.86874072,34.82370052],[114.86902579,34.82362717],[114.86925455,34.82356832],[114.86957292,34.8234864],[114.86976838,34.82343612],[114.87012004,34.82334564],[114.87045348,34.82325985],[114.87066717,34.82320487],[114.87069634,34.82319737],[114.87076534,34.82317961],[114.87076883,34.82317871],[114.87076789,34.82317613],[114.87074721,34.82311911],[114.87072727,34.8230641],[114.8706781,34.82292854],[114.87067163,34.82291069],[114.87062476,34.82278146],[114.87052306,34.82250104],[114.87045348,34.8223092],[114.87037914,34.82210422],[114.8703699,34.82207874],[114.87036409,34.82206271],[114.87034338,34.82200562],[114.87034228,34.82200257],[114.8703389,34.8220027],[114.87028221,34.82200493],[114.87026682,34.82200554],[114.87011093,34.82201167],[114.86849829,34.82207511],[114.86842605,34.82207795],[114.8684228,34.82207808],[114.86842215,34.82207351],[114.86841378,34.82201435],[114.86839816,34.82190393],[114.86830342,34.82123414],[114.86822689,34.82069305],[114.86814413,34.820108],[114.86805561,34.81948217],[114.86796493,34.8188411],[114.86788433,34.81827128],[114.86780594,34.81771706],[114.86780564,34.81771496],[114.86771306,34.81706035],[114.86770411,34.81699712],[114.86769574,34.81693795],[114.86769544,34.81693582],[114.86769833,34.81693596],[114.86771306,34.81693663],[114.86777058,34.81693927],[114.86788433,34.8169445],[114.8693352,34.81701113],[114.86955312,34.81702114],[114.86962527,34.81702445],[114.86963063,34.8170247],[114.86963017,34.81702197],[114.86962026,34.81696292],[114.8695971,34.81682501],[114.86951017,34.8163073],[114.86948896,34.81618095],[114.86942582,34.81580491],[114.86938278,34.81554858],[114.8695971,34.81552853],[114.87001065,34.81548984],[114.87008285,34.81548309],[114.87008681,34.81548272],[114.87008563,34.81547751],[114.87008227,34.81546269],[114.87007236,34.81541903],[114.87001839,34.81518116],[114.86993965,34.81483417],[114.86985868,34.81447733],[114.86976838,34.81407934],[114.86966704,34.81363273],[114.8695971,34.81332451],[114.86955868,34.81315518],[114.8695454,34.81309666],[114.86954441,34.81309229],[114.86953952,34.81309291],[114.86946809,34.81310197],[114.86912238,34.8131458],[114.86908327,34.81315076],[114.86905103,34.81315484],[114.86904877,34.81315513],[114.86904265,34.81315538],[114.86897047,34.81315829],[114.86768014,34.81321042],[114.86752906,34.81321653],[114.8668751,34.81324294],[114.86680306,34.81324585],[114.86679859,34.81324604],[114.86679776,34.81324225],[114.86678488,34.81318372],[114.86675978,34.81306966],[114.8666854,34.81273165],[114.8666049,34.81236582],[114.86651412,34.8119533],[114.86641904,34.81152122],[114.86641514,34.81150351],[114.86640226,34.81144497],[114.8664015,34.81144151],[114.86639736,34.81144133],[114.86634284,34.811439],[114.86632533,34.81143825],[114.86507462,34.81138466],[114.86497647,34.81138046],[114.86489277,34.81137687],[114.86482074,34.81137378],[114.86481728,34.81137364],[114.86481664,34.81136987],[114.86480657,34.81131091],[114.86480135,34.81128037],[114.8647545,34.81100595],[114.8647223,34.81081739],[114.86464566,34.81036848],[114.86464125,34.81034266],[114.86463323,34.81029569],[114.86463008,34.81027723],[114.86462235,34.81023197],[114.86460318,34.81011969],[114.86460258,34.81011616],[114.86455407,34.80983202],[114.8644588,34.80927404],[114.8643618,34.80870589],[114.86430264,34.8083594],[114.86431827,34.80835741],[114.86483915,34.80829115],[114.86489862,34.80828359],[114.86491045,34.80828208],[114.86491629,34.80828134],[114.86491558,34.8082775],[114.86490453,34.80821851],[114.86489035,34.80814282],[114.86480135,34.80766759],[114.86470582,34.80715745],[114.86463008,34.80675301],[114.86454765,34.80631285],[114.86449564,34.80603515],[114.86448461,34.80597627],[114.86448431,34.80597465],[114.8644874,34.80597311],[114.86454972,34.80594201],[114.86465284,34.80589055],[114.86480135,34.80581644],[114.86493493,34.80574978],[114.86514391,34.8056455],[114.86521702,34.80560902],[114.86531518,34.80556003],[114.86549911,34.80546825],[114.86558242,34.80542668],[114.86565774,34.80538909],[114.86578119,34.80532748],[114.86600029,34.80521815],[114.86606327,34.80518671],[114.8661214,34.80515771],[114.86617157,34.80513267],[114.86618539,34.80512578],[114.86618557,34.80512569],[114.86618574,34.8051256],[114.86618592,34.80512551],[114.86618757,34.80512469],[114.8661877,34.80512462],[114.86618703,34.80506498],[114.86618086,34.80451918],[114.8661784,34.8043011],[114.86617772,34.80424109],[114.8661777,34.80423942],[114.866177,34.80423542],[114.86617157,34.80420474],[114.86616647,34.80417592],[114.86612115,34.80391981],[114.86565774,34.80391981],[114.86565774,34.80406058]]],[[[114.8007439,34.8748663],[114.80067951,34.8748663],[114.80069133,34.87488944],[114.80069,34.87489557],[114.80067724,34.87495443],[114.80066583,34.87500707],[114.8007439,34.87500707],[114.8007439,34.8748663]]],[[[114.80040135,34.87388094],[114.80023007,34.87388094],[114.80023007,34.87345863],[114.8000588,34.87345863],[114.8000588,34.8731771],[114.79988752,34.8731771],[114.79988752,34.8727548],[114.79971624,34.8727548],[114.79971624,34.87247327],[114.79954497,34.87247327],[114.79954497,34.87219173],[114.79945882,34.87219173],[114.79951541,34.87243412],[114.7995573,34.87256507],[114.79993874,34.87337133],[114.8001999,34.87389845],[114.80043662,34.87439098],[114.80057263,34.87465714],[114.80057263,34.87416247],[114.80040135,34.87416247],[114.80040135,34.87388094]]],[[[114.79937369,34.87185369],[114.79937369,34.8714879],[114.79927981,34.8714879],[114.79937369,34.87185369]]],[[[114.79920241,34.8711862],[114.79920241,34.8706433],[114.79907307,34.8706433],[114.79920241,34.8711862]]],[[[114.79903114,34.87046179],[114.79903114,34.87008023],[114.7989371,34.87008023],[114.79903114,34.87046179]]],[[[114.79885986,34.86977105],[114.79885986,34.8693764],[114.79876126,34.8693764],[114.79885986,34.86977105]]],[[[114.79868858,34.86908346],[114.79868858,34.86881333],[114.79862356,34.86881333],[114.79868858,34.86908346]]],[[[114.79954497,34.8675391],[114.79954497,34.86726489],[114.79949285,34.86726489],[114.79954497,34.8675391]]],[[[114.79937369,34.86667706],[114.79937369,34.86642029],[114.79932054,34.86642029],[114.79937369,34.86667706]]],[[[114.79920241,34.8658285],[114.79920241,34.86571646],[114.79918117,34.86571646],[114.79920241,34.8658285]]],[[[114.79817475,34.86529416],[114.79800348,34.86529416],[114.79800348,34.86515339],[114.79794108,34.86515339],[114.79803289,34.86567713],[114.79903114,34.86556308],[114.79903114,34.86515339],[114.79817475,34.86515339],[114.79817475,34.86529416]]],[[[114.79714709,34.86430879],[114.7969813,34.86430879],[114.79703946,34.86448692],[114.79712172,34.86489604],[114.7978322,34.8648357],[114.7978322,34.86444956],[114.79714709,34.86444956],[114.79714709,34.86430879]]],[[[114.76921503,34.83179165],[114.76922901,34.83179165],[114.76922901,34.83171694],[114.76921503,34.83179165]]],[[[114.77299709,34.80476441],[114.77265454,34.80476441],[114.77265454,34.80522539],[114.77419603,34.80508445],[114.77419603,34.80462365],[114.77299709,34.80462365],[114.77299709,34.80476441]]],[[[114.77214071,34.80659438],[114.77179816,34.80659438],[114.77179816,34.80645362],[114.77163647,34.80645362],[114.77174057,34.80708867],[114.77285242,34.80691096],[114.77265454,34.80556607],[114.77265454,34.80645362],[114.77214071,34.80645362],[114.77214071,34.80659438]]],[[[114.77162688,34.80639511],[114.77162688,34.80560902],[114.77149802,34.80560902],[114.77162688,34.80639511]]],[[[114.77128433,34.80448288],[114.7707705,34.80448288],[114.7707705,34.80462365],[114.7694259,34.80462365],[114.76944396,34.80471264],[114.76940028,34.80471717],[114.76940028,34.80476441],[114.7689441,34.80476441],[114.76730338,34.80493435],[114.76737515,34.80531135],[114.76954658,34.80517092],[114.77139755,34.80499604],[114.7714556,34.80535023],[114.7714556,34.80462365],[114.77128433,34.80462365],[114.77128433,34.80448288]]],[[[114.766761,34.80481692],[114.76734496,34.80474227],[114.76734496,34.80459839],[114.76675358,34.8046724],[114.766761,34.80481692]]],[[[114.76922901,34.80376042],[114.76922901,34.80335675],[114.76911946,34.80335675],[114.76922901,34.80376042]]],[[[114.76905773,34.80312123],[114.76905773,34.80293445],[114.76900878,34.80293445],[114.76905773,34.80312123]]],[[[114.76905773,34.80100109],[114.76905773,34.80068218],[114.76897096,34.80068218],[114.76905773,34.80100109]]],[[[114.76888645,34.80037158],[114.76888645,34.79995098],[114.76876343,34.79991941],[114.76888645,34.80037158]]],[[[114.76991411,34.797163],[114.76974284,34.797163],[114.76974284,34.79688147],[114.76957156,34.79688147],[114.76957156,34.7967407],[114.76927804,34.7967407],[114.76943373,34.79731354],[114.76977054,34.79724703],[114.76992671,34.79780251],[114.77016805,34.79777191],[114.77025667,34.79812596],[114.77025667,34.79730377],[114.76991411,34.79730377],[114.76991411,34.797163]]],[[[114.76905773,34.79575534],[114.76665986,34.79575534],[114.76665986,34.7958961],[114.76648858,34.7958961],[114.76648858,34.79575534],[114.7663173,34.79575534],[114.7663173,34.79533304],[114.76615569,34.79533304],[114.76650363,34.7964337],[114.76752578,34.7961898],[114.76759967,34.79636218],[114.76857707,34.7961686],[114.76863439,34.79631985],[114.76913684,34.79622117],[114.76922901,34.7965603],[114.76922901,34.79617764],[114.76905773,34.79617764],[114.76905773,34.79575534]]],[[[114.76614603,34.79530246],[114.76614603,34.79491074],[114.76602112,34.79491074],[114.76614603,34.79530246]]],[[[114.76597475,34.79477264],[114.76597475,34.79448843],[114.76587932,34.79448843],[114.76597475,34.79477264]]],[[[114.76580347,34.79426254],[114.76580347,34.79419002],[114.76578081,34.79419503],[114.76580347,34.79426254]]],[[[114.76597475,34.79291885],[114.76579872,34.79296246],[114.76528796,34.79317111],[114.76542196,34.79349132],[114.76604953,34.79331712],[114.76614603,34.79353618],[114.76614603,34.79322153],[114.76597475,34.79322153],[114.76597475,34.79291885]]],[[[114.76785879,34.79153233],[114.76785879,34.7912508],[114.76771382,34.7912508],[114.76793081,34.79168273],[114.76797814,34.79181386],[114.76803007,34.79181386],[114.76803007,34.79153233],[114.76785879,34.79153233]]],[[[114.76768752,34.79119845],[114.76768752,34.79086896],[114.76754087,34.79090654],[114.76768752,34.79119845]]],[[[114.76751624,34.78984313],[114.76751624,34.7895616],[114.76734496,34.7895616],[114.76734496,34.78942083],[114.76665986,34.78942083],[114.76665986,34.7895616],[114.76614603,34.7895616],[114.76614603,34.78970236],[114.76580347,34.78970236],[114.76580347,34.78984313],[114.76511837,34.78984313],[114.76511837,34.78942083],[114.76494709,34.78942083],[114.76494709,34.78913929],[114.76477582,34.78913929],[114.76477582,34.78871699],[114.76426199,34.78871699],[114.76426199,34.78885776],[114.76391943,34.78885776],[114.76391943,34.78899853],[114.7634056,34.78899853],[114.7634056,34.78913929],[114.76306305,34.78913929],[114.76306305,34.78928006],[114.7627205,34.78928006],[114.7627205,34.78942083],[114.76203539,34.78942083],[114.76203539,34.78899853],[114.76186411,34.78899853],[114.76186411,34.78857623],[114.76169284,34.78857623],[114.76169284,34.78829469],[114.76100773,34.78829469],[114.76100773,34.78843546],[114.76066518,34.78843546],[114.76066518,34.78857623],[114.76032262,34.78857623],[114.76032262,34.78871699],[114.75998007,34.78871699],[114.75998007,34.78885776],[114.75980879,34.78885776],[114.75980879,34.78899853],[114.75929496,34.78899853],[114.75929496,34.78857623],[114.75912369,34.78857623],[114.75912369,34.78829469],[114.75895241,34.78829469],[114.75895241,34.78801316],[114.75878113,34.78801316],[114.75878113,34.78759086],[114.75860986,34.78759086],[114.75860986,34.78730933],[114.75843858,34.78730933],[114.75843858,34.78702779],[114.7582673,34.78702779],[114.7582673,34.78674626],[114.75809787,34.78674626],[114.75948982,34.78951312],[114.75955488,34.78964902],[114.76075904,34.78909591],[114.76163467,34.78871989],[114.76231221,34.79006255],[114.76474511,34.78921948],[114.76514901,34.79010395],[114.76534367,34.7905404],[114.76722005,34.78998313],[114.76748187,34.78997327],[114.7676723,34.7904062],[114.76768752,34.7904062],[114.76768752,34.78984313],[114.76751624,34.78984313]]],[[[114.75792475,34.78590166],[114.75741092,34.78590166],[114.75741092,34.78576089],[114.75672581,34.78576089],[114.75672581,34.78562012],[114.75638326,34.78562012],[114.75638326,34.78547936],[114.75586943,34.78547936],[114.75586943,34.78533859],[114.75501305,34.78533859],[114.75501305,34.78519782],[114.7546705,34.78519782],[114.7546705,34.78505706],[114.75432794,34.78505706],[114.75432794,34.78491629],[114.75312901,34.78491629],[114.75312901,34.78477552],[114.75295773,34.78477552],[114.75295773,34.78463476],[114.75280224,34.78463476],[114.75306551,34.78537089],[114.75382005,34.78539308],[114.75435732,34.78541403],[114.75436351,34.78560557],[114.75523631,34.78579407],[114.7554725,34.78587759],[114.75692885,34.78623582],[114.75764773,34.78640436],[114.75793227,34.78641588],[114.75809603,34.78674258],[114.75809603,34.78632396],[114.75792475,34.78632396],[114.75792475,34.78590166]]],[[[114.75261518,34.78393092],[114.75227262,34.78393092],[114.75227262,34.78379015],[114.75210135,34.78379015],[114.75210135,34.78367512],[114.7520538,34.78368476],[114.75225556,34.78446485],[114.75269785,34.78436369],[114.75278645,34.78459063],[114.75278645,34.78407169],[114.75261518,34.78407169],[114.75261518,34.78393092]]],[[[114.75227262,34.78275857],[114.75227262,34.78238249],[114.752176,34.78238249],[114.75227262,34.78275857]]],[[[114.75210135,34.78209194],[114.75210135,34.78153788],[114.75196064,34.78153788],[114.75210135,34.78209194]]],[[[114.75193007,34.78141375],[114.75193007,34.7813549],[114.75191609,34.78135696],[114.75193007,34.78141375]]],[[[114.75261518,34.78024924],[114.75261518,34.77984868],[114.75253006,34.77984868],[114.75261518,34.78024924]]],[[[114.75347156,34.77745565],[114.75312901,34.77745565],[114.75312901,34.77731488],[114.75278645,34.77731488],[114.75278645,34.77717411],[114.75261518,34.77717411],[114.75261518,34.77703335],[114.75227262,34.77703335],[114.75227262,34.77689258],[114.75210135,34.77689258],[114.75210135,34.77675181],[114.75193007,34.77675181],[114.75193007,34.77661105],[114.75182936,34.77661105],[114.75203638,34.7773833],[114.75362214,34.77809725],[114.75364284,34.77823187],[114.75364284,34.77787795],[114.75347156,34.77787795],[114.75347156,34.77745565]]],[[[114.75175879,34.77626412],[114.75175879,34.77609344],[114.75172532,34.77609954],[114.75175879,34.77626412]]],[[[114.75569815,34.77281034],[114.75501305,34.77281034],[114.75501305,34.77295111],[114.75415667,34.77295111],[114.75415667,34.77309187],[114.75398539,34.77309187],[114.75398539,34.77295111],[114.75381411,34.77295111],[114.75381411,34.77281034],[114.75364284,34.77281034],[114.75364284,34.77266957],[114.75312901,34.77266957],[114.75312901,34.77281034],[114.7524439,34.77281034],[114.7524439,34.77295111],[114.75193007,34.77295111],[114.75193007,34.77309187],[114.75151537,34.77309187],[114.75141624,34.77323063],[114.75141624,34.77323264],[114.75141481,34.77323264],[114.75102611,34.77376904],[114.75135809,34.77372868],[114.75384275,34.77321774],[114.75400785,34.773685],[114.75534396,34.77338535],[114.75552688,34.7733424],[114.75552688,34.77323264],[114.75569815,34.77323264],[114.75569815,34.77281034]]],[[[114.75808765,34.7653497],[114.75809603,34.7653497],[114.75809603,34.76533755],[114.75808765,34.7653497]]],[[[114.7607648,34.76070439],[114.76083645,34.76070439],[114.76083645,34.76058276],[114.7607648,34.76070439]]],[[[114.76135028,34.76042111],[114.76123093,34.76028496],[114.7612252,34.76028209],[114.76107724,34.760208],[114.76103907,34.76018888],[114.76100773,34.76017318],[114.76099959,34.7601691],[114.76098412,34.76033212],[114.76084773,34.76056363],[114.76117901,34.76056363],[114.76117901,34.76042286],[114.76135028,34.76042111]]]]}},{"type":"Feature","properties":{"adcode":"410225002","name":"桐乡街道","type":"街道","county_code":"410225","county_name":"兰考县","source_codes":["410225200","410225201"],"geometry_method":"参考图重分割","area_km2":47.9294},"geometry":{"type":"Polygon","coordinates":[[[114.87045348,34.85769275],[114.86925455,34.85769275],[114.86925455,34.85783351],[114.86856944,34.85783351],[114.86856944,34.85797428],[114.86805561,34.85797428],[114.86805561,34.85811505],[114.86754178,34.85811505],[114.86754178,34.85825582],[114.86702795,34.85825582],[114.86702795,34.85839658],[114.86651412,34.85839658],[114.86651412,34.85853735],[114.86600029,34.85853735],[114.86600029,34.85867812],[114.86531518,34.85867812],[114.86531518,34.85881888],[114.86480135,34.85881888],[114.86480135,34.85895965],[114.86428752,34.85895965],[114.86428752,34.85910042],[114.86377369,34.85910042],[114.86377369,34.85924118],[114.86308859,34.85924118],[114.86308859,34.85938195],[114.86291731,34.85938195],[114.86291731,34.85980425],[114.86308859,34.85980425],[114.86308859,34.86022655],[114.86325986,34.86022655],[114.86325986,34.86078962],[114.86343114,34.86078962],[114.86343114,34.86149345],[114.86274604,34.86149345],[114.86274604,34.86163422],[114.86206093,34.86163422],[114.86206093,34.86177499],[114.86137582,34.86177499],[114.86137582,34.86191575],[114.86086199,34.86191575],[114.86086199,34.86205652],[114.86034816,34.86205652],[114.86034816,34.86191575],[114.86017689,34.86191575],[114.86017689,34.86177499],[114.85966306,34.86177499],[114.85966306,34.86191575],[114.85880667,34.86191575],[114.85880667,34.86205652],[114.85795029,34.86205652],[114.85795029,34.86219729],[114.85726518,34.86219729],[114.85726518,34.86233805],[114.8564088,34.86233805],[114.8564088,34.86219729],[114.85623752,34.86219729],[114.85623752,34.86177499],[114.85658008,34.86177499],[114.85658008,34.86093039],[114.8564088,34.86093039],[114.8564088,34.86022655],[114.85623752,34.86022655],[114.85623752,34.85952272],[114.85606625,34.85952272],[114.85606625,34.85881888],[114.85589497,34.85881888],[114.85589497,34.85811505],[114.85572369,34.85811505],[114.85572369,34.85797428],[114.85555242,34.85797428],[114.85555242,34.85783351],[114.85538114,34.85783351],[114.85538114,34.85698891],[114.85555242,34.85698891],[114.85555242,34.85684815],[114.85658008,34.85684815],[114.85658008,34.85670738],[114.85675135,34.85670738],[114.85675135,34.85656661],[114.85658008,34.85656661],[114.85658008,34.85628508],[114.8564088,34.85628508],[114.8564088,34.85614431],[114.85623752,34.85614431],[114.85623752,34.85600355],[114.85555242,34.85600355],[114.85555242,34.85586278],[114.85538114,34.85586278],[114.85538114,34.85544048],[114.85520986,34.85544048],[114.85520986,34.85515894],[114.85503859,34.85515894],[114.85503859,34.85473664],[114.85520986,34.85473664],[114.85520986,34.85403281],[114.85503859,34.85403281],[114.85503859,34.85361051],[114.85520986,34.85361051],[114.85520986,34.85290668],[114.85503859,34.85290668],[114.85503859,34.85248437],[114.85486731,34.85248437],[114.85486731,34.85206207],[114.85520986,34.85206207],[114.85520986,34.85192131],[114.85555242,34.85192131],[114.85555242,34.85149901],[114.85538114,34.85149901],[114.85538114,34.85121747],[114.85503859,34.85121747],[114.85503859,34.85107671],[114.85486731,34.85107671],[114.85486731,34.85079517],[114.85469603,34.85079517],[114.85469603,34.85051364],[114.85452476,34.85051364],[114.85452476,34.85023211],[114.85435348,34.85023211],[114.85435348,34.85009134],[114.85383965,34.85009134],[114.85383965,34.84995057],[114.85366837,34.84995057],[114.85366837,34.84882444],[114.8534971,34.84882444],[114.8534971,34.84840214],[114.85332582,34.84840214],[114.85332582,34.8481206],[114.85315454,34.8481206],[114.85315454,34.8476983],[114.85298327,34.8476983],[114.85298327,34.84755754],[114.85281199,34.84755754],[114.85281199,34.84741677],[114.85229816,34.84741677],[114.85229816,34.84755754],[114.85161306,34.84755754],[114.85161306,34.8476983],[114.85092795,34.8476983],[114.85092795,34.84783907],[114.85024284,34.84783907],[114.85024284,34.84797984],[114.84921518,34.84797984],[114.84921518,34.847276],[114.84904391,34.847276],[114.84904391,34.84699447],[114.84887263,34.84699447],[114.84887263,34.8468537],[114.84870135,34.8468537],[114.84870135,34.84657217],[114.84853008,34.84657217],[114.84853008,34.8464314],[114.8483588,34.8464314],[114.8483588,34.84614987],[114.84818752,34.84614987],[114.84818752,34.84586833],[114.84801625,34.84586833],[114.84801625,34.8455868],[114.84784497,34.8455868],[114.84784497,34.84544603],[114.84767369,34.84544603],[114.84767369,34.84530527],[114.84750242,34.84530527],[114.84750242,34.8451645],[114.84733114,34.8451645],[114.84733114,34.84502373],[114.84715986,34.84502373],[114.84715986,34.84460143],[114.84698859,34.84460143],[114.84698859,34.84417913],[114.84681731,34.84417913],[114.84681731,34.84375683],[114.84664603,34.84375683],[114.84664603,34.84333453],[114.84647476,34.84333453],[114.84647476,34.84277146],[114.84630348,34.84277146],[114.84630348,34.84234916],[114.8461322,34.84234916],[114.8461322,34.84206763],[114.84596093,34.84206763],[114.84596093,34.84178609],[114.84578965,34.84178609],[114.84578965,34.84136379],[114.84561837,34.84136379],[114.84561837,34.84065996],[114.8454471,34.84065996],[114.8454471,34.84037843],[114.84527582,34.84037843],[114.84527582,34.84023766],[114.84510454,34.84023766],[114.84510454,34.84009689],[114.84441944,34.84009689],[114.84441944,34.83967459],[114.84424816,34.83967459],[114.84424816,34.83911152],[114.84407688,34.83911152],[114.84407688,34.83868922],[114.84390561,34.83868922],[114.84390561,34.83812616],[114.84373433,34.83812616],[114.84373433,34.83770386],[114.84356305,34.83770386],[114.84356305,34.83728156],[114.84339178,34.83728156],[114.84339178,34.83714079],[114.84287795,34.83714079],[114.84287795,34.83728156],[114.84185029,34.83728156],[114.84185029,34.83671849],[114.84167901,34.83671849],[114.84167901,34.83615542],[114.84150774,34.83615542],[114.84150774,34.83545159],[114.84133646,34.83545159],[114.84133646,34.83474775],[114.84116518,34.83474775],[114.84116518,34.83432545],[114.84099391,34.83432545],[114.84099391,34.83418468],[114.84082263,34.83418468],[114.84082263,34.83390315],[114.84048008,34.83390315],[114.84048008,34.83404392],[114.8403088,34.83404392],[114.8403088,34.83418468],[114.84013752,34.83418468],[114.84013752,34.83432545],[114.83979497,34.83432545],[114.83979497,34.83446622],[114.83962369,34.83446622],[114.83962369,34.83460699],[114.83928114,34.83460699],[114.83928114,34.83474775],[114.83910986,34.83474775],[114.83910986,34.83488852],[114.83876731,34.83488852],[114.83876731,34.83502929],[114.83825348,34.83502929],[114.83825348,34.83488852],[114.8380822,34.83488852],[114.8380822,34.83474775],[114.83756837,34.83474775],[114.83756837,34.83488852],[114.83722582,34.83488852],[114.83722582,34.83502929],[114.83636944,34.83502929],[114.83636944,34.83559235],[114.83654071,34.83559235],[114.83654071,34.83587389],[114.83671199,34.83587389],[114.83671199,34.83615542],[114.83688327,34.83615542],[114.83688327,34.83643695],[114.83705454,34.83643695],[114.83705454,34.83671849],[114.83722582,34.83671849],[114.83722582,34.83756309],[114.8373971,34.83756309],[114.8373971,34.83798539],[114.83756837,34.83798539],[114.83756837,34.83812616],[114.83773965,34.83812616],[114.83773965,34.83826692],[114.83791093,34.83826692],[114.83791093,34.83840769],[114.8380822,34.83840769],[114.8380822,34.83882999],[114.83825348,34.83882999],[114.83825348,34.83925229],[114.83842476,34.83925229],[114.83842476,34.83967459],[114.83859603,34.83967459],[114.83859603,34.84009689],[114.83876731,34.84009689],[114.83876731,34.84065996],[114.83893859,34.84065996],[114.83893859,34.84108226],[114.83910986,34.84108226],[114.83910986,34.84150456],[114.83928114,34.84150456],[114.83928114,34.84206763],[114.83945242,34.84206763],[114.83945242,34.84248993],[114.83962369,34.84248993],[114.83962369,34.84291223],[114.83979497,34.84291223],[114.83979497,34.8434753],[114.83996625,34.8434753],[114.83996625,34.8438976],[114.84013752,34.8438976],[114.84013752,34.8443199],[114.8403088,34.8443199],[114.8403088,34.8447422],[114.84048008,34.8447422],[114.84048008,34.84530527],[114.84065135,34.84530527],[114.84065135,34.84572757],[114.84082263,34.84572757],[114.84082263,34.84614987],[114.84099391,34.84614987],[114.84099391,34.84657217],[114.84116518,34.84657217],[114.84116518,34.84699447],[114.84133646,34.84699447],[114.84133646,34.84741677],[114.84150774,34.84741677],[114.84150774,34.84783907],[114.84167901,34.84783907],[114.84167901,34.8481206],[114.84185029,34.8481206],[114.84185029,34.84826137],[114.84167901,34.84826137],[114.84167901,34.8489652],[114.84185029,34.8489652],[114.84185029,34.84924674],[114.84202157,34.84924674],[114.84202157,34.85009134],[114.84219284,34.85009134],[114.84219284,34.85051364],[114.84236412,34.85051364],[114.84236412,34.85178054],[114.8425354,34.85178054],[114.8425354,34.85248437],[114.84270667,34.85248437],[114.84270667,34.85318821],[114.84287795,34.85318821],[114.84287795,34.85403281],[114.84304923,34.85403281],[114.84304923,34.85473664],[114.8432205,34.85473664],[114.8432205,34.85586278],[114.84339178,34.85586278],[114.84339178,34.85727045],[114.84287795,34.85727045],[114.84287795,34.85741121],[114.84167901,34.85741121],[114.84167901,34.85755198],[114.84116518,34.85755198],[114.84116518,34.85783351],[114.84133646,34.85783351],[114.84133646,34.85910042],[114.84150774,34.85910042],[114.84150774,34.85966348],[114.84167901,34.85966348],[114.84167901,34.85994502],[114.84185029,34.85994502],[114.84185029,34.86022655],[114.84202157,34.86022655],[114.84202157,34.86064885],[114.84099391,34.86064885],[114.84099391,34.86078962],[114.84082263,34.86078962],[114.84082263,34.86107115],[114.84099391,34.86107115],[114.84099391,34.86121192],[114.84116518,34.86121192],[114.84116518,34.86135269],[114.84133646,34.86135269],[114.84133646,34.86149345],[114.84150774,34.86149345],[114.84150774,34.86191575],[114.84082263,34.86191575],[114.84082263,34.86205652],[114.84048008,34.86205652],[114.84048008,34.86191575],[114.8403088,34.86191575],[114.8403088,34.86177499],[114.84013752,34.86177499],[114.84013752,34.86163422],[114.83859603,34.86163422],[114.83859603,34.86177499],[114.83825348,34.86177499],[114.83825348,34.86191575],[114.83791093,34.86191575],[114.83791093,34.86205652],[114.83773965,34.86205652],[114.83773965,34.86219729],[114.83756837,34.86219729],[114.83756837,34.86233805],[114.83722582,34.86233805],[114.83722582,34.86247882],[114.83671199,34.86247882],[114.83671199,34.86233805],[114.83654071,34.86233805],[114.83654071,34.86191575],[114.83636944,34.86191575],[114.83636944,34.86149345],[114.83619816,34.86149345],[114.83619816,34.86050808],[114.83602688,34.86050808],[114.83602688,34.86036732],[114.83585561,34.86036732],[114.83585561,34.86022655],[114.83551305,34.86022655],[114.83551305,34.86036732],[114.83499922,34.86036732],[114.83499922,34.86050808],[114.83482795,34.86050808],[114.83482795,34.86078962],[114.83380029,34.86078962],[114.83380029,34.86064885],[114.83328646,34.86064885],[114.83328646,34.86036732],[114.83311518,34.86036732],[114.83311518,34.85952272],[114.83294391,34.85952272],[114.83294391,34.85938195],[114.83243008,34.85938195],[114.83243008,34.85952272],[114.83071731,34.85952272],[114.83071731,34.85924118],[114.83054603,34.85924118],[114.83054603,34.85881888],[114.83037476,34.85881888],[114.83037476,34.85825582],[114.83020348,34.85825582],[114.83020348,34.85769275],[114.8300322,34.85769275],[114.8300322,34.85727045],[114.82986093,34.85727045],[114.82986093,34.85642585],[114.82968965,34.85642585],[114.82968965,34.85600355],[114.82951837,34.85600355],[114.82951837,34.85544048],[114.8293471,34.85544048],[114.8293471,34.85487741],[114.82917582,34.85487741],[114.82917582,34.85459588],[114.82900454,34.85459588],[114.82900454,34.85403281],[114.82883327,34.85403281],[114.82883327,34.85346974],[114.82866199,34.85346974],[114.82866199,34.85304744],[114.82849071,34.85304744],[114.82849071,34.85234361],[114.82883327,34.85234361],[114.82883327,34.85220284],[114.82986093,34.85220284],[114.82986093,34.85206207],[114.83037476,34.85206207],[114.83037476,34.85192131],[114.83105986,34.85192131],[114.83105986,34.85149901],[114.83088859,34.85149901],[114.83088859,34.85121747],[114.83071731,34.85121747],[114.83071731,34.85107671],[114.83054603,34.85107671],[114.83054603,34.85065441],[114.83037476,34.85065441],[114.83037476,34.85037287],[114.83020348,34.85037287],[114.83020348,34.85023211],[114.8300322,34.85023211],[114.8300322,34.8498098],[114.82986093,34.8498098],[114.82986093,34.84952827],[114.82968965,34.84952827],[114.82968965,34.84924674],[114.82951837,34.84924674],[114.82951837,34.8489652],[114.8293471,34.8489652],[114.8293471,34.84868367],[114.82917582,34.84868367],[114.82917582,34.84840214],[114.82900454,34.84840214],[114.82900454,34.8481206],[114.82883327,34.8481206],[114.82883327,34.84783907],[114.82866199,34.84783907],[114.82866199,34.8476983],[114.82831944,34.8476983],[114.82831944,34.84783907],[114.82797688,34.84783907],[114.82797688,34.84797984],[114.82763433,34.84797984],[114.82763433,34.8481206],[114.82729178,34.8481206],[114.82729178,34.84826137],[114.82694922,34.84826137],[114.82694922,34.84840214],[114.82626412,34.84840214],[114.82626412,34.84826137],[114.82609284,34.84826137],[114.82609284,34.84797984],[114.82592156,34.84797984],[114.82592156,34.8476983],[114.82575029,34.8476983],[114.82575029,34.84755754],[114.82557901,34.84755754],[114.82557901,34.84741677],[114.82540773,34.84741677],[114.82540773,34.847276],[114.82506518,34.847276],[114.82506518,34.84741677],[114.8248939,34.84741677],[114.8248939,34.84755754],[114.82455135,34.84755754],[114.82455135,34.8476983],[114.82438007,34.8476983],[114.82438007,34.84783907],[114.8242088,34.84783907],[114.8242088,34.84797984],[114.82386624,34.84797984],[114.82386624,34.8481206],[114.82369497,34.8481206],[114.82369497,34.84826137],[114.82352369,34.84826137],[114.82352369,34.84840214],[114.82318114,34.84840214],[114.82318114,34.8485429],[114.82283859,34.8485429],[114.82283859,34.84868367],[114.82266731,34.84868367],[114.82266731,34.84882444],[114.82232476,34.84882444],[114.82232476,34.8489652],[114.8219822,34.8489652],[114.8219822,34.84910597],[114.82181093,34.84910597],[114.82181093,34.84924674],[114.82146837,34.84924674],[114.82146837,34.8493875],[114.82112582,34.8493875],[114.82112582,34.84952827],[114.82061199,34.84952827],[114.82061199,34.84910597],[114.82044071,34.84910597],[114.82044071,34.84882444],[114.82026944,34.84882444],[114.82026944,34.8485429],[114.82009816,34.8485429],[114.82009816,34.8481206],[114.81992688,34.8481206],[114.81992688,34.84783907],[114.81975561,34.84783907],[114.81975561,34.84755754],[114.81958433,34.84755754],[114.81958433,34.84741677],[114.81941305,34.84741677],[114.81941305,34.847276],[114.81924178,34.847276],[114.81924178,34.84713523],[114.81941305,34.84713523],[114.81941305,34.8468537],[114.81958433,34.8468537],[114.81958433,34.84671293],[114.81975561,34.84671293],[114.81975561,34.84657217],[114.81992688,34.84657217],[114.81992688,34.84614987],[114.82009816,34.84614987],[114.82009816,34.8460091],[114.82026944,34.8460091],[114.82026944,34.84586833],[114.82061199,34.84586833],[114.82061199,34.8455868],[114.82044071,34.8455868],[114.82044071,34.84544603],[114.82026944,34.84544603],[114.82026944,34.8455868],[114.82009816,34.8455868],[114.82009816,34.84572757],[114.81975561,34.84572757],[114.81975561,34.84586833],[114.81941305,34.84586833],[114.81941305,34.84572757],[114.81924178,34.84572757],[114.81924178,34.8455868],[114.8190705,34.8455868],[114.8190705,34.84544603],[114.81889922,34.84544603],[114.81889922,34.8451645],[114.81872795,34.8451645],[114.81872795,34.8447422],[114.81889922,34.8447422],[114.81889922,34.84460143],[114.8190705,34.84460143],[114.8190705,34.84446066],[114.81924178,34.84446066],[114.81924178,34.8443199],[114.81958433,34.8443199],[114.81958433,34.84417913],[114.81975561,34.84417913],[114.81975561,34.84403836],[114.81992688,34.84403836],[114.81992688,34.84375683],[114.82026944,34.84375683],[114.82026944,34.84361606],[114.82061199,34.84361606],[114.82061199,34.8434753],[114.82078327,34.8434753],[114.82078327,34.84333453],[114.82095454,34.84333453],[114.82095454,34.84319376],[114.82112582,34.84319376],[114.82112582,34.84291223],[114.82061199,34.84291223],[114.82061199,34.843053],[114.82044071,34.843053],[114.82044071,34.84319376],[114.82009816,34.84319376],[114.82009816,34.84333453],[114.81992688,34.84333453],[114.81992688,34.8434753],[114.81975561,34.8434753],[114.81975561,34.84361606],[114.81958433,34.84361606],[114.81958433,34.84375683],[114.81924178,34.84375683],[114.81924178,34.8438976],[114.8190705,34.8438976],[114.8190705,34.84403836],[114.81872795,34.84403836],[114.81872795,34.84417913],[114.81855667,34.84417913],[114.81855667,34.8443199],[114.81838539,34.8443199],[114.81838539,34.84446066],[114.81821412,34.84446066],[114.81821412,34.84460143],[114.81804284,34.84460143],[114.81804284,34.8447422],[114.81787156,34.8447422],[114.81787156,34.84488297],[114.81752901,34.84488297],[114.81752901,34.84502373],[114.81735773,34.84502373],[114.81735773,34.8451645],[114.81701518,34.8451645],[114.81701518,34.84530527],[114.8168439,34.84530527],[114.8168439,34.84544603],[114.81667263,34.84544603],[114.81667263,34.8455868],[114.81633007,34.8455868],[114.81633007,34.84572757],[114.8161588,34.84572757],[114.8161588,34.84586833],[114.81598752,34.84586833],[114.81598752,34.8460091],[114.81564497,34.8460091],[114.81564497,34.84614987],[114.81530241,34.84614987],[114.81530241,34.84629063],[114.81513114,34.84629063],[114.81513114,34.8464314],[114.81478858,34.8464314],[114.81478858,34.84657217],[114.81444603,34.84657217],[114.81444603,34.84671293],[114.81427475,34.84671293],[114.81427475,34.84699447],[114.8139322,34.84699447],[114.8139322,34.84713523],[114.81376093,34.84713523],[114.81376093,34.847276],[114.81358965,34.847276],[114.81358965,34.84741677],[114.81341837,34.84741677],[114.81341837,34.84755754],[114.8132471,34.84755754],[114.8132471,34.8476983],[114.81290454,34.8476983],[114.81290454,34.84783907],[114.81273327,34.84783907],[114.81273327,34.84797984],[114.81239071,34.84797984],[114.81239071,34.8481206],[114.81221944,34.8481206],[114.81221944,34.84826137],[114.81187688,34.84826137],[114.81187688,34.84840214],[114.81119178,34.84840214],[114.81119178,34.8485429],[114.8110205,34.8485429],[114.8110205,34.84868367],[114.81084922,34.84868367],[114.81084922,34.84924674],[114.80965029,34.84924674],[114.80965029,34.8493875],[114.80896518,34.8493875],[114.80896518,34.84924674],[114.80845135,34.84924674],[114.80845135,34.84910597],[114.80828007,34.84910597],[114.80828007,34.84882444],[114.8081088,34.84882444],[114.8081088,34.84868367],[114.80793752,34.84868367],[114.80793752,34.8485429],[114.80776624,34.8485429],[114.80776624,34.8476983],[114.80793752,34.8476983],[114.80793752,34.84713523],[114.8081088,34.84713523],[114.8081088,34.84657217],[114.80828007,34.84657217],[114.80828007,34.8460091],[114.80845135,34.8460091],[114.80845135,34.84544603],[114.80862263,34.84544603],[114.80862263,34.84502373],[114.8087939,34.84502373],[114.8087939,34.8447422],[114.80896518,34.8447422],[114.80896518,34.84460143],[114.80862263,34.84460143],[114.80862263,34.84446066],[114.80845135,34.84446066],[114.80845135,34.84403836],[114.80828007,34.84403836],[114.80828007,34.8438976],[114.8081088,34.8438976],[114.8081088,34.84319376],[114.80793752,34.84319376],[114.80793752,34.84291223],[114.80776624,34.84291223],[114.80776624,34.8426307],[114.80759497,34.8426307],[114.80759497,34.84206763],[114.80742369,34.84206763],[114.80742369,34.84150456],[114.80725241,34.84150456],[114.80725241,34.84122303],[114.80708114,34.84122303],[114.80708114,34.84037843],[114.80725241,34.84037843],[114.80725241,34.84023766],[114.80742369,34.84023766],[114.80742369,34.83995613],[114.80759497,34.83995613],[114.80759497,34.83981536],[114.80776624,34.83981536],[114.80776624,34.83967459],[114.80793752,34.83967459],[114.80793752,34.83953382],[114.8081088,34.83953382],[114.8081088,34.83939306],[114.80828007,34.83939306],[114.80828007,34.83925229],[114.80845135,34.83925229],[114.80845135,34.83911152],[114.80862263,34.83911152],[114.80862263,34.83897076],[114.8087939,34.83897076],[114.8087939,34.83882999],[114.80896518,34.83882999],[114.80896518,34.83868922],[114.80913646,34.83868922],[114.80913646,34.83854846],[114.80930773,34.83854846],[114.80930773,34.83826692],[114.80947901,34.83826692],[114.80947901,34.83812616],[114.80965029,34.83812616],[114.80965029,34.83798539],[114.80982156,34.83798539],[114.80982156,34.83784462],[114.80999284,34.83784462],[114.80999284,34.83770386],[114.81016412,34.83770386],[114.81016412,34.83756309],[114.81033539,34.83756309],[114.81033539,34.83742232],[114.81050667,34.83742232],[114.81050667,34.83728156],[114.81067795,34.83728156],[114.81067795,34.83714079],[114.81084922,34.83714079],[114.81084922,34.83685925],[114.81067795,34.83685925],[114.81067795,34.83657772],[114.81050667,34.83657772],[114.81050667,34.83643695],[114.81033539,34.83643695],[114.81033539,34.83615542],[114.81016412,34.83615542],[114.81016412,34.83601465],[114.80999284,34.83601465],[114.80999284,34.83559235],[114.80982156,34.83559235],[114.80982156,34.83517005],[114.80965029,34.83517005],[114.80965029,34.83502929],[114.80947901,34.83502929],[114.80947901,34.83446622],[114.80930773,34.83446622],[114.80930773,34.83418468],[114.80913646,34.83418468],[114.80913646,34.83404392],[114.80896518,34.83404392],[114.80896518,34.83390315],[114.80845135,34.83390315],[114.80845135,34.83404392],[114.8081088,34.83404392],[114.8081088,34.83418468],[114.80793752,34.83418468],[114.80793752,34.83390315],[114.80776624,34.83390315],[114.80776624,34.83319932],[114.80793752,34.83319932],[114.80793752,34.83305855],[114.80845135,34.83305855],[114.80845135,34.83108781],[114.80828007,34.83108781],[114.80828007,34.83094705],[114.80708114,34.83094705],[114.80708114,34.83108781],[114.80656731,34.83108781],[114.80656731,34.83122858],[114.80571092,34.83122858],[114.80571092,34.83136935],[114.80553965,34.83136935],[114.80553965,34.83193242],[114.80502582,34.83193242],[114.80502582,34.83207318],[114.80485454,34.83207318],[114.80485454,34.83221395],[114.80468326,34.83221395],[114.80468326,34.83277702],[114.80485454,34.83277702],[114.80485454,34.83362162],[114.80502582,34.83362162],[114.80502582,34.83432545],[114.80485454,34.83432545],[114.80485454,34.83559235],[114.80502582,34.83559235],[114.80502582,34.83657772],[114.80434071,34.83657772],[114.80434071,34.83643695],[114.80416944,34.83643695],[114.80416944,34.83629619],[114.80399816,34.83629619],[114.80399816,34.83615542],[114.80382688,34.83615542],[114.80382688,34.83601465],[114.80365561,34.83601465],[114.80365561,34.83587389],[114.80331305,34.83587389],[114.80331305,34.83573312],[114.80314178,34.83573312],[114.80314178,34.83559235],[114.80279922,34.83559235],[114.80279922,34.83545159],[114.80262795,34.83545159],[114.80262795,34.83517005],[114.80228539,34.83517005],[114.80228539,34.83502929],[114.80211412,34.83502929],[114.80211412,34.83488852],[114.80177156,34.83488852],[114.80177156,34.83474775],[114.80160029,34.83474775],[114.80160029,34.83460699],[114.80091518,34.83460699],[114.80091518,34.83446622],[114.80057263,34.83446622],[114.80057263,34.83432545],[114.8000588,34.83432545],[114.8000588,34.83418468],[114.79937369,34.83418468],[114.79937369,34.83404392],[114.79885986,34.83404392],[114.79885986,34.83390315],[114.79800348,34.83390315],[114.79800348,34.83376238],[114.79714709,34.83376238],[114.79714709,34.83390315],[114.79646199,34.83390315],[114.79646199,34.83404392],[114.79594816,34.83404392],[114.79594816,34.83418468],[114.7956056,34.83418468],[114.7956056,34.83432545],[114.79526305,34.83432545],[114.79526305,34.83446622],[114.79423539,34.83446622],[114.79423539,34.83432545],[114.79406412,34.83432545],[114.79406412,34.83404392],[114.79389284,34.83404392],[114.79389284,34.83390315],[114.79372156,34.83390315],[114.79372156,34.83376238],[114.79355029,34.83376238],[114.79355029,34.83348085],[114.79337901,34.83348085],[114.79337901,34.83334008],[114.79320773,34.83334008],[114.79320773,34.83319932],[114.79303646,34.83319932],[114.79303646,34.83263625],[114.79320773,34.83263625],[114.79320773,34.83249548],[114.79337901,34.83249548],[114.79337901,34.83221395],[114.79355029,34.83221395],[114.79355029,34.83207318],[114.79389284,34.83207318],[114.79389284,34.83193242],[114.79406412,34.83193242],[114.79406412,34.83179165],[114.79440667,34.83179165],[114.79440667,34.83165088],[114.79457794,34.83165088],[114.79457794,34.83151011],[114.7949205,34.83151011],[114.7949205,34.83136935],[114.79509177,34.83136935],[114.79509177,34.83122858],[114.79526305,34.83122858],[114.79526305,34.83108781],[114.79543433,34.83108781],[114.79543433,34.83094705],[114.7956056,34.83094705],[114.7956056,34.83080628],[114.79594816,34.83080628],[114.79594816,34.83066551],[114.79629071,34.83066551],[114.79629071,34.83052475],[114.79663326,34.83052475],[114.79663326,34.83038398],[114.79680454,34.83038398],[114.79680454,34.82855401],[114.79611943,34.82855401],[114.79611943,34.82827248],[114.79594816,34.82827248],[114.79594816,34.82742788],[114.79577688,34.82742788],[114.79577688,34.82700558],[114.7956056,34.82700558],[114.7956056,34.82630174],[114.79543433,34.82630174],[114.79543433,34.82587944],[114.79526305,34.82587944],[114.79526305,34.82531637],[114.7956056,34.82531637],[114.7956056,34.82503484],[114.79543433,34.82503484],[114.79543433,34.82489407],[114.79526305,34.82489407],[114.79526305,34.82475331],[114.79509177,34.82475331],[114.79509177,34.82447177],[114.7949205,34.82447177],[114.7949205,34.82419024],[114.79474922,34.82419024],[114.79474922,34.82390871],[114.79457794,34.82390871],[114.79457794,34.82362717],[114.79440667,34.82362717],[114.79440667,34.82334564],[114.79423539,34.82334564],[114.79423539,34.8230641],[114.79406412,34.8230641],[114.79406412,34.82278257],[114.79389284,34.82278257],[114.79389284,34.82250104],[114.79372156,34.82250104],[114.79372156,34.8222195],[114.79355029,34.8222195],[114.79355029,34.82207874],[114.79337901,34.82207874],[114.79337901,34.82165644],[114.79320773,34.82165644],[114.79320773,34.82151567],[114.79303646,34.82151567],[114.79303646,34.8205303],[114.79286518,34.8205303],[114.79286518,34.81996723],[114.7926939,34.81996723],[114.7926939,34.8196857],[114.79252263,34.8196857],[114.79252263,34.8192634],[114.79235135,34.8192634],[114.79235135,34.81898187],[114.79218007,34.81898187],[114.79218007,34.81813726],[114.7920088,34.81813726],[114.7920088,34.8179965],[114.79183752,34.8179965],[114.79183752,34.81743343],[114.79166624,34.81743343],[114.79166624,34.81687036],[114.79149497,34.81687036],[114.79149497,34.81644806],[114.79132369,34.81644806],[114.79132369,34.81574423],[114.79115241,34.81574423],[114.79115241,34.81518116],[114.79098114,34.81518116],[114.79098114,34.81504039],[114.7897822,34.81504039],[114.7897822,34.81518116],[114.78841199,34.81518116],[114.78841199,34.81532193],[114.78824071,34.81532193],[114.78824071,34.81518116],[114.78806943,34.81518116],[114.78806943,34.81504039],[114.78652794,34.81504039],[114.78652794,34.81518116],[114.78601411,34.81518116],[114.78601411,34.81391426],[114.78635667,34.81391426],[114.78635667,34.81377349],[114.7868705,34.81377349],[114.7868705,34.81363273],[114.78704177,34.81363273],[114.78704177,34.81349196],[114.7868705,34.81349196],[114.7868705,34.81222506],[114.78669922,34.81222506],[114.78669922,34.81194352],[114.78601411,34.81194352],[114.78601411,34.81222506],[114.78584284,34.81222506],[114.78584284,34.81250659],[114.78498645,34.81250659],[114.78498645,34.81236582],[114.78481518,34.81236582],[114.78481518,34.81222506],[114.78430135,34.81222506],[114.78430135,34.81208429],[114.78413007,34.81208429],[114.78413007,34.81194352],[114.78344497,34.81194352],[114.78344497,34.81180276],[114.78327369,34.81180276],[114.78327369,34.81123969],[114.78430135,34.81123969],[114.78430135,34.81025432],[114.78327369,34.81025432],[114.78327369,34.81011355],[114.78224603,34.81011355],[114.78224603,34.80997279],[114.78121837,34.80997279],[114.78121837,34.80983202],[114.78019071,34.80983202],[114.78019071,34.80969125],[114.77916305,34.80969125],[114.77916305,34.80955049],[114.77899177,34.80955049],[114.77899177,34.80940972],[114.77779284,34.80940972],[114.77779284,34.80926895],[114.77762156,34.80926895],[114.77762156,34.80814282],[114.77745028,34.80814282],[114.77745028,34.80800205],[114.77539496,34.80800205],[114.77539496,34.80814282],[114.7736822,34.80814282],[114.7736822,34.80828359],[114.77351092,34.80828359],[114.77351092,34.80856512],[114.77333965,34.80856512],[114.77333965,34.80969125],[114.77316837,34.80969125],[114.77316837,34.81053585],[114.77299709,34.81053585],[114.77299709,34.81152122],[114.77282582,34.81152122],[114.77282582,34.81264736],[114.77265454,34.81264736],[114.77265454,34.81349196],[114.77248326,34.81349196],[114.77248326,34.81433656],[114.77231199,34.81433656],[114.77231199,34.81489963],[114.77214071,34.81489963],[114.77214071,34.81616653],[114.77196943,34.81616653],[114.77196943,34.81644806],[114.77179816,34.81644806],[114.77179816,34.8175742],[114.77162688,34.8175742],[114.77162688,34.81855957],[114.7714556,34.81855957],[114.7714556,34.8196857],[114.77128433,34.8196857],[114.77128433,34.82067107],[114.77111305,34.82067107],[114.77111305,34.82151567],[114.77094177,34.82151567],[114.77094177,34.8226418],[114.7707705,34.8226418],[114.7707705,34.82334564],[114.77059922,34.82334564],[114.77059922,34.82433101],[114.77042794,34.82433101],[114.77042794,34.82559791],[114.77025667,34.82559791],[114.77025667,34.82644251],[114.77008539,34.82644251],[114.77008539,34.82714634],[114.76991411,34.82714634],[114.76991411,34.82785018],[114.76974284,34.82785018],[114.76974284,34.82855401],[114.76957156,34.82855401],[114.76957156,34.82953938],[114.76940028,34.82953938],[114.76940028,34.83010245],[114.76922901,34.83010245],[114.76922901,34.83171694],[114.76922901,34.83179165],[114.76921503,34.83179165],[114.76905773,34.83179165],[114.76905773,34.83193242],[114.76888645,34.83193242],[114.76888645,34.83291778],[114.76871518,34.83291778],[114.76871518,34.83376238],[114.7685439,34.83376238],[114.7685439,34.83432545],[114.76648858,34.83432545],[114.76648858,34.83446622],[114.76597475,34.83446622],[114.76597475,34.83460699],[114.76580347,34.83460699],[114.76580347,34.83531082],[114.7656322,34.83531082],[114.7656322,34.83615542],[114.76546092,34.83615542],[114.76546092,34.83714079],[114.76528964,34.83714079],[114.76528964,34.83812616],[114.76511837,34.83812616],[114.76511837,34.83897076],[114.76494709,34.83897076],[114.76494709,34.84065996],[114.76477582,34.84065996],[114.76477582,34.84178609],[114.76494709,34.84178609],[114.76494709,34.84220839],[114.76477582,34.84220839],[114.76477582,34.84234916],[114.76443326,34.84234916],[114.76443326,34.84248993],[114.76426199,34.84248993],[114.76426199,34.8426307],[114.76409071,34.8426307],[114.76409071,34.84277146],[114.76374816,34.84277146],[114.76374816,34.84333453],[114.76357688,34.84333453],[114.76357688,34.8438976],[114.76374816,34.8438976],[114.76374816,34.84530527],[114.76391943,34.84530527],[114.76391943,34.84657217],[114.76409071,34.84657217],[114.76409071,34.8476983],[114.76426199,34.8476983],[114.76426199,34.8481206],[114.76443326,34.8481206],[114.76443326,34.84826137],[114.76460454,34.84826137],[114.76460454,34.8481206],[114.76546092,34.8481206],[114.76546092,34.84797984],[114.76614603,34.84797984],[114.76614603,34.84783907],[114.76700241,34.84783907],[114.76700241,34.84797984],[114.76717369,34.84797984],[114.76717369,34.8485429],[114.76734496,34.8485429],[114.76734496,34.84924674],[114.76751624,34.84924674],[114.76751624,34.85009134],[114.76768752,34.85009134],[114.76768752,34.85065441],[114.76785879,34.85065441],[114.76785879,34.85107671],[114.76803007,34.85107671],[114.76803007,34.85178054],[114.76820135,34.85178054],[114.76820135,34.85234361],[114.76837262,34.85234361],[114.76837262,34.85304744],[114.7685439,34.85304744],[114.7685439,34.85375128],[114.76871518,34.85375128],[114.76871518,34.85445511],[114.76888645,34.85445511],[114.76888645,34.85459588],[114.76957156,34.85459588],[114.76957156,34.85487741],[114.77008539,34.85487741],[114.77008539,34.85473664],[114.77025667,34.85473664],[114.77025667,34.85459588],[114.77042794,34.85459588],[114.77042794,34.85445511],[114.7707705,34.85445511],[114.7707705,34.85431434],[114.77094177,34.85431434],[114.77094177,34.85417358],[114.77111305,34.85417358],[114.77111305,34.85403281],[114.7714556,34.85403281],[114.7714556,34.85389204],[114.77162688,34.85389204],[114.77162688,34.85375128],[114.77179816,34.85375128],[114.77179816,34.85361051],[114.77214071,34.85361051],[114.77214071,34.85346974],[114.77231199,34.85346974],[114.77231199,34.85332898],[114.77248326,34.85332898],[114.77248326,34.85318821],[114.77299709,34.85318821],[114.77299709,34.85304744],[114.77316837,34.85304744],[114.77316837,34.85290668],[114.77385348,34.85290668],[114.77385348,34.85318821],[114.77402475,34.85318821],[114.77402475,34.85375128],[114.77419603,34.85375128],[114.77419603,34.85445511],[114.77436731,34.85445511],[114.77436731,34.85487741],[114.77453858,34.85487741],[114.77453858,34.85544048],[114.77470986,34.85544048],[114.77470986,34.85614431],[114.77488114,34.85614431],[114.77488114,34.85670738],[114.77505241,34.85670738],[114.77505241,34.85727045],[114.77522369,34.85727045],[114.77522369,34.85755198],[114.77539496,34.85755198],[114.77539496,34.85825582],[114.77556624,34.85825582],[114.77556624,34.85867812],[114.77573752,34.85867812],[114.77573752,34.85938195],[114.77590879,34.85938195],[114.77590879,34.85994502],[114.77608007,34.85994502],[114.77608007,34.86050808],[114.77625135,34.86050808],[114.77625135,34.86078962],[114.77642262,34.86078962],[114.77642262,34.86107115],[114.77796411,34.86107115],[114.77796411,34.86093039],[114.77847794,34.86093039],[114.77847794,34.86078962],[114.77916305,34.86078962],[114.77916305,34.86064885],[114.78001943,34.86064885],[114.78001943,34.86050808],[114.78156092,34.86050808],[114.78156092,34.86036732],[114.78224603,34.86036732],[114.78224603,34.86022655],[114.78293114,34.86022655],[114.78293114,34.86008578],[114.7839588,34.86008578],[114.7839588,34.85994502],[114.78498645,34.85994502],[114.78498645,34.85980425],[114.78618539,34.85980425],[114.78618539,34.85994502],[114.78635667,34.85994502],[114.78635667,34.86022655],[114.78652794,34.86022655],[114.78652794,34.86050808],[114.78669922,34.86050808],[114.78669922,34.86078962],[114.7868705,34.86078962],[114.7868705,34.86135269],[114.78704177,34.86135269],[114.78704177,34.86177499],[114.78721305,34.86177499],[114.78721305,34.86219729],[114.78738433,34.86219729],[114.78738433,34.86247882],[114.7875556,34.86247882],[114.7875556,34.86290112],[114.78772688,34.86290112],[114.78772688,34.86318265],[114.78789816,34.86318265],[114.78789816,34.86332342],[114.78806943,34.86332342],[114.78806943,34.86360496],[114.78824071,34.86360496],[114.78824071,34.86388649],[114.78841199,34.86388649],[114.78841199,34.86416802],[114.78858326,34.86416802],[114.78858326,34.86430879],[114.78926837,34.86430879],[114.78926837,34.86416802],[114.78995348,34.86416802],[114.78995348,34.86473109],[114.79012475,34.86473109],[114.79012475,34.86501262],[114.79029603,34.86501262],[114.79029603,34.86585722],[114.79098114,34.86585722],[114.79098114,34.86571646],[114.79166624,34.86571646],[114.79166624,34.86557569],[114.79183752,34.86557569],[114.79183752,34.86543492],[114.7926939,34.86543492],[114.7926939,34.86529416],[114.79286518,34.86529416],[114.79286518,34.86515339],[114.79355029,34.86515339],[114.79355029,34.86501262],[114.79389284,34.86501262],[114.79389284,34.86487186],[114.79457794,34.86487186],[114.79457794,34.86501262],[114.79474922,34.86501262],[114.79474922,34.86487186],[114.7949205,34.86487186],[114.7949205,34.86473109],[114.79577688,34.86473109],[114.79577688,34.86487186],[114.79611943,34.86487186],[114.79611943,34.86473109],[114.79629071,34.86473109],[114.79629071,34.86459032],[114.79646199,34.86459032],[114.79646199,34.86444956],[114.79663326,34.86444956],[114.79663326,34.86430879],[114.7969813,34.86430879],[114.79714709,34.86430879],[114.79714709,34.86444956],[114.7978322,34.86444956],[114.7978322,34.8648357],[114.7978322,34.86515339],[114.79794108,34.86515339],[114.79800348,34.86515339],[114.79800348,34.86529416],[114.79817475,34.86529416],[114.79817475,34.86515339],[114.79903114,34.86515339],[114.79903114,34.86556308],[114.79903114,34.86571646],[114.79918117,34.86571646],[114.79920241,34.86571646],[114.79920241,34.8658285],[114.79920241,34.86642029],[114.79932054,34.86642029],[114.79937369,34.86642029],[114.79937369,34.86667706],[114.79937369,34.86726489],[114.79949285,34.86726489],[114.79954497,34.86726489],[114.79954497,34.8675391],[114.79954497,34.86810949],[114.79903114,34.86810949],[114.79903114,34.86825026],[114.79868858,34.86825026],[114.79868858,34.86839103],[114.79851731,34.86839103],[114.79851731,34.86881333],[114.79862356,34.86881333],[114.79868858,34.86881333],[114.79868858,34.86908346],[114.79868858,34.8693764],[114.79876126,34.8693764],[114.79885986,34.8693764],[114.79885986,34.86977105],[114.79885986,34.87008023],[114.7989371,34.87008023],[114.79903114,34.87008023],[114.79903114,34.87046179],[114.79903114,34.8706433],[114.79907307,34.8706433],[114.79920241,34.8706433],[114.79920241,34.8711862],[114.79920241,34.8714879],[114.79927981,34.8714879],[114.79937369,34.8714879],[114.79937369,34.87185369],[114.79937369,34.87219173],[114.79945882,34.87219173],[114.79954497,34.87219173],[114.79954497,34.87247327],[114.79971624,34.87247327],[114.79971624,34.8727548],[114.79988752,34.8727548],[114.79988752,34.8731771],[114.8000588,34.8731771],[114.8000588,34.87345863],[114.80023007,34.87345863],[114.80023007,34.87388094],[114.80040135,34.87388094],[114.80040135,34.87416247],[114.80057263,34.87416247],[114.80057263,34.87465714],[114.80057263,34.8748663],[114.80067951,34.8748663],[114.8007439,34.8748663],[114.8007439,34.87500707],[114.80066583,34.87500707],[114.80066315,34.87501942],[114.80057263,34.8755335],[114.80049983,34.87594688],[114.80049181,34.87599244],[114.80041995,34.87640051],[114.80041744,34.87641474],[114.80040955,34.87645955],[114.80040891,34.87646319],[114.80041468,34.87646265],[114.80048639,34.87645583],[114.80049569,34.87645495],[114.8009187,34.87641474],[114.80160029,34.87634995],[114.80239963,34.87627397],[114.80277128,34.87623865],[114.80314178,34.87620342],[114.80365297,34.87615483],[114.8038804,34.8761332],[114.80398825,34.87612295],[114.80420437,34.8761017],[114.80468326,34.87605459],[114.80481624,34.87604151],[114.80485454,34.87603774],[114.8048887,34.87603438],[114.80489168,34.87603409],[114.80489368,34.87603961],[114.8049144,34.87609659],[114.80491648,34.8761023],[114.80492772,34.8761332],[114.80502582,34.876403],[114.80513246,34.87669627],[114.80519709,34.87687404],[114.80527935,34.87710024],[114.80528583,34.87711857],[114.80536837,34.87735206],[114.80542711,34.87751821],[114.80543512,34.87754087],[114.80549298,34.87770452],[114.80551326,34.87776187],[114.80551461,34.8777657],[114.80551739,34.87776814],[114.80553965,34.87778769],[114.80556702,34.87781173],[114.80557918,34.87782241],[114.80571092,34.87793811],[114.80573947,34.87796317],[114.8058822,34.87808852],[114.80589976,34.87810394],[114.80595891,34.87815588],[114.80605348,34.87823893],[114.80606005,34.87824471],[114.80606695,34.87825077],[114.80622475,34.87835087],[114.80627325,34.87838164],[114.8062793,34.87838547],[114.80639603,34.87845953],[114.8065012,34.87852624],[114.80656731,34.87856818],[114.80666876,34.87863254],[114.80672489,34.87866701],[114.80678613,34.87870462],[114.80690986,34.8787806],[114.80695412,34.87880777],[114.80700917,34.87884158],[114.80706391,34.8788752],[114.80706902,34.87887791],[114.80706917,34.87887799],[114.80707281,34.87887992],[114.80707296,34.87888],[114.80708114,34.87888434],[114.8071353,34.87891307],[114.8071722,34.87893264],[114.80720218,34.87894854],[114.80725241,34.87897519],[114.80746757,34.87908931],[114.80747939,34.87909558],[114.80752519,34.87910965],[114.80768432,34.87915852],[114.80776624,34.87916826],[114.80790873,34.87918521],[114.80796186,34.87919153],[114.80805725,34.87920288],[114.80808799,34.87920654],[114.80810628,34.87920871],[114.80828586,34.87923008],[114.80877662,34.87928845],[114.80885612,34.87929791],[114.80884269,34.87923995],[114.80881078,34.87910227],[114.8087939,34.87902943],[114.80870993,34.87866701],[114.80862263,34.87829025],[114.80854684,34.87796317],[114.80848349,34.87768979],[114.80845135,34.87755057],[114.80840433,34.87734688],[114.80835162,34.87711857],[114.80828007,34.87680866],[114.80818913,34.87641474],[114.8081088,34.87606675],[114.80802665,34.8757109],[114.80793752,34.87532484],[114.80790813,34.87519753],[114.80787057,34.87501813],[114.80786456,34.8750028],[114.80784,34.87494017],[114.80784165,34.87494016],[114.80784962,34.87494011],[114.80792218,34.87493965],[114.80845135,34.87493629],[114.80850099,34.87493598],[114.80854854,34.87493568],[114.80872703,34.87493454],[114.80878334,34.87493419],[114.80885756,34.87492949],[114.80917773,34.87490922],[114.8094091,34.87488667],[114.80950577,34.87487725],[114.80978047,34.87488218],[114.80990951,34.87488449],[114.81012926,34.87488715],[114.81017463,34.8748877],[114.81067795,34.87492961],[114.81069923,34.87493138],[114.81094953,34.8749595],[114.81118207,34.87497551],[114.81131127,34.87498441],[114.81154979,34.87498016],[114.81175703,34.87497647],[114.8119951,34.87498481],[114.81219388,34.87498101],[114.81233337,34.87500288],[114.81236013,34.87500707],[114.8124241,34.8750171],[114.81257561,34.87502997],[114.81307582,34.87507244],[114.81357245,34.87511461],[114.81361244,34.87511801],[114.81368509,34.87512418],[114.81368994,34.87512459],[114.81369179,34.87512456],[114.81369191,34.87512456],[114.81373961,34.87512384],[114.81376467,34.87512263],[114.81385738,34.87511819],[114.81399733,34.87512216],[114.81433997,34.8751319],[114.81437398,34.87513286],[114.81437453,34.87514784],[114.81438565,34.87544885],[114.81444603,34.87593025],[114.814486,34.87624884],[114.81448915,34.87627397],[114.81449336,34.87630755],[114.81457004,34.87631313],[114.81495986,34.87634152],[114.8149661,34.87634198],[114.81587892,34.87640845],[114.81592146,34.87641474],[114.81613873,34.87644685],[114.81633007,34.87647514],[114.8168738,34.87655551],[114.81702131,34.87657731],[114.81752901,34.87663523],[114.81787899,34.87667516],[114.81794799,34.8766785],[114.81831516,34.87669627],[114.81913206,34.87673581],[114.81914132,34.87674386],[114.81918932,34.87678555],[114.81919564,34.87679104],[114.81919781,34.87679293],[114.81924178,34.87680799],[114.8193266,34.87683704],[114.81938308,34.87685639],[114.81956865,34.87691994],[114.81958433,34.87692532],[114.81973758,34.87697781],[114.81992688,34.87704264],[114.82012909,34.8771119],[114.82014857,34.87711857],[114.82026944,34.87715997],[114.82036444,34.87719251],[114.82038448,34.87719937],[114.82039044,34.87720063],[114.82066787,34.87725934],[114.82095454,34.87732],[114.82133311,34.87740011],[114.82143897,34.87742251],[114.82163965,34.8774777],[114.8216689,34.87748574],[114.82186937,34.87754087],[114.82215348,34.87761901],[114.82231117,34.87766238],[114.82238122,34.87768164],[114.82266731,34.87776032],[114.82289309,34.87782241],[114.82290273,34.87782506],[114.82297127,34.87784391],[114.82297278,34.87784432],[114.82297274,34.87784871],[114.82297212,34.87790872],[114.82296898,34.87821559],[114.82296683,34.87842525],[114.822973,34.8784356],[114.82300986,34.87849749],[114.82308522,34.87862399],[114.82309236,34.87866701],[114.82312368,34.87885553],[114.82314124,34.87896118],[114.82317437,34.87916062],[114.82318114,34.8794385],[114.82320588,34.88045489],[114.82320691,34.88049698],[114.82320726,34.88051143],[114.8232753,34.88055025],[114.82335242,34.88059425],[114.82342864,34.88063774],[114.82352369,34.88069198],[114.82367535,34.88077851],[114.82386624,34.88088743],[114.82392206,34.88091928],[114.82403752,34.88098516],[114.82416877,34.88106004],[114.82423279,34.88109657],[114.82428353,34.88112552],[114.82433685,34.88114236],[114.82438007,34.88115601],[114.82452198,34.88120081],[114.82472263,34.88126416],[114.82496782,34.88134158],[114.82523646,34.8814264],[114.82541366,34.88148234],[114.82557901,34.88153455],[114.8258595,34.88162311],[114.82609284,34.88169679],[114.82630534,34.88176388],[114.82660667,34.88185902],[114.82675118,34.88190465],[114.82690852,34.88195432],[114.82694922,34.88196717],[114.82719703,34.88204541],[114.82734601,34.88209245],[114.82741402,34.88211392],[114.82742099,34.88211612],[114.82742158,34.88211631],[114.8274217,34.8821156],[114.82742172,34.88211549],[114.82742174,34.88211537],[114.82742234,34.88211196],[114.82742236,34.88211184],[114.82742238,34.88211173],[114.82743289,34.88205127],[114.8274339,34.88204541],[114.82746069,34.88189131],[114.82746305,34.8818878],[114.82750281,34.88182883],[114.82754659,34.88176388],[114.82763433,34.88163373],[114.82773638,34.88148234],[114.82780561,34.88137965],[114.82792617,34.88120081],[114.82797688,34.88112558],[114.82802106,34.88106004],[114.82814816,34.88087151],[114.82821085,34.88077851],[114.82829036,34.88066056],[114.82831103,34.8806299],[114.82831944,34.88061743],[114.82840064,34.88049698],[114.82847526,34.88038628],[114.82849071,34.88036335],[114.82849553,34.88035621],[114.82851085,34.88033348],[114.82851203,34.88033174],[114.82851301,34.88033241],[114.82854758,34.88035621],[114.82856842,34.88037055],[114.82866199,34.88043495],[114.8287521,34.88049698],[114.82883327,34.88055284],[114.82895663,34.88063774],[114.82900454,34.88067072],[114.82916115,34.88077851],[114.8293471,34.88090649],[114.82936567,34.88091928],[114.82939636,34.8809404],[114.82951837,34.88102438],[114.82957019,34.88106004],[114.82968965,34.88114226],[114.82977472,34.88120081],[114.82986093,34.88126014],[114.82994498,34.88131799],[114.82996821,34.88134158],[114.8300322,34.88140654],[114.83010688,34.88148234],[114.83020348,34.88158041],[114.83024554,34.88162311],[114.83037476,34.88175429],[114.83052287,34.88190465],[114.83054045,34.88192249],[114.83054603,34.88192816],[114.83066153,34.88204541],[114.83071731,34.88210203],[114.8308002,34.88218618],[114.83088859,34.8822759],[114.83093887,34.88232695],[114.83096762,34.88235613],[114.83105986,34.88244977],[114.83107754,34.88246771],[114.83123114,34.88262364],[114.83135487,34.88274925],[114.83140242,34.88279751],[114.83149354,34.88289001],[114.83157369,34.88297137],[114.83163221,34.88303078],[114.831725,34.88312497],[114.83174497,34.88314633],[114.83176855,34.88317155],[114.83188727,34.88329851],[114.83191625,34.88332951],[114.83203179,34.88345308],[114.83208752,34.88351269],[114.83216341,34.88359385],[114.8322588,34.88369586],[114.83229503,34.88373461],[114.83243008,34.88387904],[114.83245688,34.88390771],[114.83255827,34.88401615],[114.83260135,34.88406222],[114.83268377,34.88415036],[114.83269012,34.88415691],[114.83277263,34.88424207],[114.83282651,34.88429768],[114.83285884,34.88433105],[114.83293275,34.88440734],[114.83294391,34.88441751],[114.83296685,34.88443845],[114.83311518,34.88457377],[114.83327545,34.88471998],[114.83328646,34.88473003],[114.83342974,34.88486075],[114.83345774,34.88488629],[114.83358404,34.88500152],[114.83362901,34.88504255],[114.83373833,34.88514228],[114.83380029,34.8851988],[114.83389263,34.88528305],[114.83396472,34.88534882],[114.83397156,34.88535506],[114.83401222,34.88539215],[114.83404693,34.88542382],[114.83409783,34.88547025],[114.83414284,34.88551239],[114.83419859,34.88556458],[114.83431412,34.88567275],[114.83434894,34.88570535],[114.83448539,34.8858331],[114.8344993,34.88584612],[114.83465667,34.88599346],[114.83480001,34.88612765],[114.83482795,34.88615381],[114.83495036,34.88626842],[114.83499922,34.88631416],[114.83509278,34.88640176],[114.83510072,34.88640918],[114.8351705,34.88647452],[114.83525107,34.88654995],[114.83534178,34.88663487],[114.83540143,34.88669072],[114.83551305,34.88679522],[114.83555179,34.88683148],[114.83555186,34.88683155],[114.8356004,34.88687699],[114.83560243,34.88687889],[114.83560855,34.88687542],[114.83566804,34.8868417],[114.83568606,34.88683148],[114.83585561,34.88673537],[114.83593439,34.88669072],[114.83602688,34.88663829],[114.83618272,34.88654995],[114.83636944,34.88644411],[114.83643105,34.88640918],[114.83654071,34.88634702],[114.83667937,34.88626842],[114.83688327,34.88615284],[114.8369277,34.88612765],[114.83705454,34.88605575],[114.83717603,34.88598688],[114.83722582,34.88595866],[114.83742436,34.88584612],[114.83756837,34.88576448],[114.83767269,34.88570535],[114.83773965,34.88566739],[114.83792102,34.88556458],[114.83806216,34.88548458],[114.8380822,34.88547322],[114.83816935,34.88542382],[114.83825348,34.88537612],[114.83841766,34.88528305],[114.83859105,34.88518476],[114.83859603,34.88518212],[114.83867123,34.88514228],[114.83876731,34.88509139],[114.83888833,34.88502728],[114.83893696,34.88500152],[114.83904099,34.88494641],[114.83910101,34.88491461],[114.83912802,34.88496993],[114.83921218,34.88514228],[114.83928114,34.88528351],[114.83930995,34.88534251],[114.83933051,34.8853846],[114.83948383,34.88536954],[114.83951231,34.88536674],[114.83962369,34.88535579],[114.83965302,34.88535291],[114.83990901,34.88532776],[114.84014918,34.88530416],[114.840364,34.88528305],[114.84078498,34.88524168],[114.84116518,34.88520432],[114.84179643,34.88514228],[114.84246638,34.88507644],[114.8425354,34.88506962],[114.84322471,34.88500152],[114.84390561,34.88493424],[114.84464937,34.88486075],[114.8454471,34.88478193],[114.84607403,34.88471998],[114.84674655,34.88465353],[114.84680364,34.88464789],[114.84681829,34.88464644],[114.8468195,34.88464632],[114.84682048,34.88464849],[114.84682053,34.88464858],[114.84684616,34.88470533],[114.84691637,34.88486075],[114.84698859,34.8850206],[114.84704356,34.88514228],[114.84715986,34.88539972],[114.84723434,34.88556458],[114.84733114,34.88577885],[114.84742513,34.88598688],[114.84750242,34.88615797],[114.84755497,34.88627429],[114.84761591,34.88640918],[114.84761903,34.88641609],[114.84767369,34.88653709],[114.8477431,34.88669072],[114.84780383,34.88682514],[114.84784497,34.8869162],[114.84789593,34.88702899],[114.84793312,34.88711131],[114.84793389,34.88711302],[114.84794538,34.88713845],[114.84796952,34.88718835],[114.84801625,34.8872838],[114.84807047,34.88739455],[114.84818752,34.88763366],[114.84827721,34.88781685],[114.8483588,34.88798352],[114.84840786,34.88808373],[114.84841503,34.88809839],[114.84853008,34.88833337],[114.84860728,34.88849108],[114.84862178,34.88852069],[114.84870135,34.88868323],[114.84873492,34.8887518],[114.84875748,34.88880222],[114.84887263,34.88905968],[114.84894636,34.88922452],[114.84904391,34.88944262],[114.84913524,34.88964682],[114.84919028,34.88976989],[114.84921518,34.88982556],[114.84932412,34.89006912],[114.84938646,34.89020849],[114.84945005,34.89035066],[114.84955774,34.89059142],[114.84960556,34.89069835],[114.84963581,34.89077296],[114.84972901,34.89100285],[114.84977822,34.89112422],[114.84977874,34.8911255],[114.84981532,34.89119526],[114.84990029,34.8913573],[114.84996295,34.89147679],[114.85007157,34.89168392],[114.85014119,34.89181669],[114.85017715,34.89188527],[114.85018382,34.89189909],[114.85019974,34.89193206],[114.85024284,34.89202137],[114.85031611,34.89217316],[114.85031935,34.89218062],[114.85041412,34.89239924],[114.85050242,34.89260293],[114.85051982,34.89264305],[114.85054326,34.89269713],[114.85054805,34.89269811],[114.8505482,34.89269814],[114.85054836,34.89269817],[114.85054851,34.8926982],[114.85054867,34.89269823],[114.85054883,34.89269827],[114.85054898,34.8926983],[114.85054914,34.89269833],[114.8505493,34.89269836],[114.85054945,34.89269839],[114.85054961,34.89269843],[114.85054976,34.89269846],[114.85054992,34.89269849],[114.8505854,34.89270573],[114.85062313,34.89271343],[114.85077146,34.89274369],[114.85081468,34.89275251],[114.8508852,34.8927669],[114.85088658,34.89276718],[114.85089251,34.89276873],[114.85096179,34.8927868],[114.85109923,34.89282263],[114.85112827,34.89283021],[114.85115672,34.89283763],[114.85139377,34.89288087],[114.85141344,34.89288446],[114.85178433,34.89295212],[114.85218512,34.89302523],[114.85227277,34.89304122],[114.85275693,34.89302523],[114.85429784,34.89297434],[114.85430419,34.89297413],[114.85435348,34.89296455],[114.85476568,34.89288446],[114.85520986,34.89279815],[114.85549016,34.89274369],[114.85562825,34.89271686],[114.85589497,34.89266504],[114.85609467,34.89262623],[114.85621462,34.89260293],[114.8565004,34.8925474],[114.85658008,34.89253191],[114.85666572,34.89251527],[114.85668545,34.8925122],[114.85683049,34.89248962],[114.85687295,34.892483],[114.85700682,34.89246216],[114.85720831,34.89243079],[114.85733651,34.89240136],[114.85743646,34.89237841],[114.8576848,34.89232139],[114.85795029,34.89226044],[114.85829793,34.89218062],[114.8586354,34.89210315],[114.85891105,34.89203986],[114.85914923,34.89198518],[114.85952418,34.89189909],[114.85983433,34.89182788],[114.8601373,34.89175832],[114.86051944,34.89167059],[114.86075043,34.89161756],[114.86087326,34.89158936],[114.86103327,34.89155262],[114.86136351,34.89147679],[114.8614581,34.89145507],[114.86171838,34.89140663],[114.86201736,34.89135098],[114.86208955,34.89133602],[114.86240348,34.891271],[114.86276919,34.89119526],[114.86308859,34.8911291],[114.86344884,34.89105449],[114.86377369,34.89098721],[114.86412848,34.89091372],[114.8644588,34.89084531],[114.86450647,34.89083543],[114.86469334,34.89077296],[114.86473906,34.89075767],[114.86480547,34.89073547],[114.86480684,34.8907352],[114.86480696,34.89073518],[114.86481262,34.89073407],[114.86481273,34.89073404],[114.86488421,34.89072004],[114.86497263,34.8907027],[114.86519289,34.89065953],[114.86526409,34.89064558],[114.86526837,34.89064474],[114.86527045,34.8906443],[114.86532796,34.89063219],[114.86534143,34.89062935],[114.86565774,34.89056273],[114.86586802,34.89051844],[114.86600902,34.89049142],[114.86607813,34.89047818],[114.86626789,34.89044182],[114.86627939,34.89049142],[114.86634284,34.89076495],[114.86644266,34.89119526],[114.86651412,34.89150332],[114.86652243,34.89153916],[114.86653599,34.8915976],[114.86653656,34.89160003],[114.86654006,34.89159926],[114.86660996,34.89158381],[114.86662876,34.89157966],[114.86685667,34.89152931],[114.86709435,34.89147679],[114.86721893,34.89144927],[114.8673705,34.89135193],[114.86739527,34.89133602],[114.8674227,34.8913184],[114.8674273,34.89131545],[114.86751043,34.89133602],[114.8676344,34.8913667],[114.86777785,34.89133602],[114.86805561,34.89127663],[114.86824388,34.89123637],[114.86843611,34.89119526],[114.86846073,34.89118999],[114.86874072,34.89113012],[114.86909434,34.89105449],[114.86942582,34.8909836],[114.86975257,34.89091372],[114.87011093,34.89083708],[114.87025356,34.89080658],[114.87041078,34.89077296],[114.87046009,34.89076241],[114.87079604,34.89069026],[114.87106644,34.89063219],[114.87130987,34.89057991],[114.87172191,34.89049142],[114.87199497,34.89043278],[114.87237737,34.89035066],[114.87252816,34.89031827],[114.87260395,34.890302],[114.87267576,34.8902859],[114.87268008,34.89028493],[114.87301478,34.89020989],[114.87331904,34.89014168],[114.87336518,34.89013133],[114.87338945,34.89012589],[114.87339219,34.89012527],[114.87339625,34.89012433],[114.87346651,34.89010804],[114.87363426,34.89006912],[114.87387901,34.89001235],[114.87424109,34.88992836],[114.87456412,34.88985342],[114.87484791,34.88978759],[114.87507795,34.88973423],[114.87545473,34.88964682],[114.87557459,34.88961902],[114.87576306,34.8895753],[114.87592457,34.88953783],[114.87603158,34.889513],[114.87606153,34.88950605],[114.87610135,34.88949682],[114.87610614,34.88949571],[114.8761092,34.88949504],[114.87617932,34.88947983],[114.87635539,34.88944164],[114.87644816,34.88941021],[114.8764533,34.88940847],[114.87648308,34.88939838],[114.87655045,34.88937555],[114.8765919,34.88936529],[114.87662699,34.8893566],[114.87679072,34.88931606],[114.87716042,34.88922452],[114.87722333,34.88920895],[114.87747582,34.88916225],[114.87747966,34.88916155],[114.87790033,34.88908375],[114.877955,34.88907365],[114.87816093,34.8890116],[114.87838864,34.88894299],[114.87867476,34.88885678],[114.87885584,34.88880222],[114.87889982,34.88878897],[114.87896763,34.88876854],[114.8789732,34.88876686],[114.87897583,34.88876608],[114.87901731,34.88875371],[114.87904373,34.88874584],[114.87906231,34.8887403],[114.87932683,34.88866145],[114.87953114,34.88860055],[114.87960824,34.88857757],[114.87979908,34.88852069],[114.87989627,34.88849172],[114.88004497,34.88846138],[114.88044424,34.88837992],[114.88073008,34.8883216],[114.88078668,34.88831006],[114.88085532,34.88829605],[114.88085681,34.88829586],[114.88086545,34.88829475],[114.88093678,34.88828557],[114.88129755,34.88823915],[114.8816775,34.88819027],[114.88192902,34.88815791],[114.88218823,34.88812455],[114.88233167,34.88809839],[114.8827854,34.88801561],[114.88294057,34.88798731],[114.8830834,34.88795762],[114.8834705,34.88787716],[114.88376064,34.88781685],[114.88396281,34.88777483],[114.88403928,34.88775894],[114.88411183,34.88774691],[114.88415561,34.88773965],[114.88453914,34.88767609],[114.88501199,34.88759771],[114.88501231,34.88759766],[114.88502111,34.8875962],[114.88518327,34.88761354],[114.88554212,34.8876519],[114.88561374,34.88765956],[114.88561759,34.88765997],[114.88562209,34.88765927],[114.88569307,34.8876482],[114.88603965,34.88759414],[114.88641679,34.88753532],[114.88649313,34.88752341],[114.8866334,34.88749649],[114.88672476,34.88747896],[114.88716452,34.88739455],[114.88756979,34.88731677],[114.88758114,34.88731459],[114.88789793,34.88725379],[114.88826625,34.88718309],[114.88863133,34.88711302],[114.88874809,34.88709061],[114.88895136,34.88705318],[114.88939086,34.88697225],[114.88980774,34.88689549],[114.89015533,34.88683148],[114.89049285,34.88676934],[114.89062853,34.88674435],[114.89091647,34.88669072],[114.89134923,34.88661011],[114.89147476,34.88658673],[114.89154753,34.88657317],[114.89162279,34.8865562],[114.89165048,34.88654995],[114.89167172,34.88654516],[114.89195655,34.88648092],[114.89203101,34.88646413],[114.89203434,34.88646354],[114.89210514,34.88645105],[114.89234237,34.88640918],[114.89271944,34.88634264],[114.893049,34.88628449],[114.89314007,34.88626842],[114.89357582,34.88619152],[114.89393774,34.88612765],[114.89399865,34.8861169],[114.89426093,34.88607041],[114.89473209,34.88598688],[114.89511731,34.88591859],[114.89552617,34.88584612],[114.89581407,34.88579508],[114.8959737,34.88576402],[114.89627527,34.88570535],[114.8966588,34.88563073],[114.89699879,34.88556458],[114.89734391,34.88549744],[114.89758803,34.88544994],[114.89765833,34.88543627],[114.89766196,34.88543556],[114.89766088,34.88543158],[114.89765877,34.88542382],[114.89764511,34.88537349],[114.89764272,34.88536469],[114.89758236,34.88514228],[114.89752144,34.88491784],[114.89751519,34.88489481],[114.89750478,34.88485647],[114.89757557,34.88484554],[114.89785774,34.88480197],[114.89838871,34.88471998],[114.8983952,34.88471898],[114.89887875,34.88465379],[114.8988854,34.88465283],[114.89939506,34.88457922],[114.89944035,34.88457267],[114.89983154,34.88451617],[114.89991306,34.88450414],[114.90035811,34.88443845],[114.90075316,34.88438014],[114.90076944,34.88437774],[114.9013118,34.88429768],[114.90131754,34.88429683],[114.90170346,34.88424076],[114.9017971,34.88422715],[114.90181531,34.88422451],[114.90228051,34.88415691],[114.90243197,34.88413491],[114.90250324,34.88412455],[114.90251147,34.88412336],[114.90258135,34.88410743],[114.90265348,34.884091],[114.90294372,34.88402487],[114.90294826,34.88401615],[114.90299604,34.88392443],[114.90301338,34.88389114],[114.90299604,34.88382763],[114.90289417,34.8834546],[114.90289376,34.88345308],[114.90282476,34.88320042],[114.90274,34.88289001],[114.9026968,34.88273184],[114.90272134,34.88267074],[114.90274633,34.88260848],[114.90276251,34.88256819],[114.90279122,34.88249668],[114.90282476,34.88248511],[114.90287189,34.88246886],[114.90287521,34.88246771],[114.90299604,34.88242605],[114.90328079,34.88232786],[114.90328178,34.88232695],[114.90333859,34.88227482],[114.9034352,34.88218618],[114.90345117,34.88217153],[114.90350047,34.8821263],[114.90350348,34.88212353],[114.9035034,34.88212313],[114.90349199,34.88206434],[114.90343366,34.88176388],[114.90341714,34.8816788],[114.90340409,34.88161156],[114.90339672,34.8815736],[114.90333859,34.88127413],[114.90324238,34.88077851],[114.90316731,34.88039182],[114.90307842,34.87993391],[114.903002,34.87954019],[114.90299604,34.8795095],[114.90291447,34.87908931],[114.90289226,34.87897488],[114.90282476,34.87862698],[114.90275059,34.87824471],[114.90272388,34.87810702],[114.90272375,34.87810636],[114.90265348,34.87810778],[114.90210125,34.87811892],[114.90202899,34.87812038],[114.90202112,34.87812053],[114.90202098,34.87811948],[114.90202096,34.87811934],[114.90201885,34.87810394],[114.90201271,34.87805893],[114.90196838,34.87773439],[114.9019595,34.87766942],[114.90189379,34.87718834],[114.90188427,34.87711857],[114.9017971,34.87648039],[114.90171123,34.87585167],[114.90165981,34.87547519],[114.90162773,34.87524032],[114.90162618,34.87522897],[114.90162583,34.87522636],[114.90161756,34.87516584],[114.90161621,34.87516595],[114.90160764,34.87516666],[114.90153577,34.87517259],[114.90094072,34.87522168],[114.90080409,34.87523295],[114.90066889,34.8752441],[114.90065757,34.87514294],[114.90064387,34.87502053],[114.90062181,34.87489294],[114.90061183,34.87483522],[114.90059817,34.87474043],[114.90051488,34.87416247],[114.90042689,34.87355184],[114.90042683,34.87355141],[114.90033578,34.87290949],[114.9003338,34.87289557],[114.90025561,34.87234428],[114.90024473,34.87226757],[114.90022466,34.87212605],[114.90017408,34.87176943],[114.90015369,34.87162565],[114.90012717,34.87143519],[114.90008434,34.87112751],[114.90006565,34.87099326],[114.90002391,34.87070651],[114.89999422,34.87050253],[114.89996726,34.87031724],[114.89991306,34.86994485],[114.89990993,34.86992336],[114.89990132,34.8698642],[114.89990096,34.8698617],[114.89990629,34.86986113],[114.89991306,34.86986041],[114.899978,34.86985348],[114.90049158,34.8697987],[114.90076238,34.86976981],[114.90076174,34.86976505],[114.90076125,34.86976143],[114.90070377,34.86933566],[114.90069026,34.86923563],[114.90063895,34.86885558],[114.90063482,34.86885585],[114.90059817,34.86885821],[114.90057956,34.86885941],[114.90050686,34.8688641],[114.90050229,34.86886439],[114.90050208,34.86886289],[114.9004951,34.86881333],[114.90049374,34.86880372],[114.90042689,34.86832898],[114.90041442,34.86824041],[114.90040297,34.86815913],[114.9003829,34.86801661],[114.90033651,34.86768719],[114.90029647,34.86740281],[114.90025561,34.8671127],[114.90023202,34.86694516],[114.90022367,34.86688586],[114.90022336,34.86688364],[114.90022081,34.86688386],[114.90014875,34.86688988],[114.89991306,34.8669096],[114.89968965,34.86692829],[114.89961761,34.86693432],[114.89961195,34.86693479],[114.89961012,34.86693104],[114.89958292,34.86687556],[114.89957051,34.86685022],[114.89949778,34.86670183],[114.89943665,34.8665771],[114.89940238,34.86650718],[114.89939923,34.86649618],[114.89935425,34.86633924],[114.89933611,34.86627595],[114.89931186,34.86615634],[114.89930829,34.86613876],[114.89928115,34.86600489],[114.89925342,34.86586807],[114.89922795,34.8657331],[114.89919989,34.86558437],[114.89917561,34.86545564],[114.89914514,34.86529416],[114.8991427,34.86528124],[114.89905668,34.8647605],[114.89905446,34.8647471],[114.89904653,34.86469908],[114.89902312,34.86456379],[114.8990028,34.86444636],[114.898979,34.86430879],[114.8988854,34.86376781],[114.89886408,34.86364456],[114.89881058,34.86332342],[114.89879808,34.8632484],[114.89878827,34.86318946],[114.8987878,34.86318666],[114.89878709,34.86318232],[114.89877747,34.86312336],[114.89877414,34.86310296],[114.89863231,34.86311834],[114.8984918,34.86315217],[114.89838662,34.86317749],[114.89838344,34.86313108],[114.89838318,34.86312735],[114.89797062,34.86318265],[114.89770732,34.86321795],[114.89762378,34.86322915],[114.89755241,34.86323872],[114.89754565,34.86323963],[114.89754554,34.86323548],[114.89754409,34.86318265],[114.89754389,34.86317542],[114.89754187,34.86310152],[114.8975411,34.86307316],[114.89754053,34.86305229],[114.89753328,34.86278724],[114.89752372,34.86267357],[114.89751519,34.86257223],[114.89747033,34.86203914],[114.8974268,34.86152194],[114.89742426,34.86149345],[114.89738993,34.86110844],[114.89736741,34.8608559],[114.89734391,34.86061183],[114.89731453,34.86030671],[114.89730535,34.86021137],[114.89727558,34.85985751],[114.89726573,34.85974044],[114.89725925,34.85966348],[114.89725212,34.85957872],[114.89724159,34.85948567],[114.89717839,34.85892712],[114.89717263,34.85885984],[114.89712198,34.85826822],[114.89711235,34.85814523],[114.89708795,34.85783351],[114.89707152,34.85762361],[114.89703675,34.8571237],[114.89703663,34.85712188],[114.89691414,34.85712968],[114.89683318,34.85713484],[114.89664906,34.85714656],[114.89662145,34.85714803],[114.89650518,34.85715422],[114.89566259,34.85719907],[114.89563114,34.85720074],[114.89559057,34.8572029],[114.8955849,34.8572032],[114.89558187,34.85720356],[114.89551042,34.8572119],[114.89500919,34.85727045],[114.89463403,34.85731427],[114.89426093,34.85733697],[114.8940983,34.85734687],[114.89407017,34.85734944],[114.89402899,34.8573532],[114.89339348,34.85741121],[114.89310245,34.85743778],[114.89254816,34.85748838],[114.89210659,34.85752869],[114.89185146,34.85755198],[114.89111074,34.85761959],[114.89100668,34.85762909],[114.89077687,34.85765007],[114.89063279,34.85766322],[114.89030923,34.85769275],[114.89011488,34.85771049],[114.8898299,34.85773721],[114.88963646,34.85775535],[114.889148,34.85780116],[114.88878473,34.85783351],[114.88874029,34.85783747],[114.88841437,34.8578665],[114.88818395,34.85788702],[114.8879237,34.8579108],[114.88776339,34.85792544],[114.88724599,34.85797269],[114.88722911,34.85797428],[114.88655348,34.85803787],[114.88617699,34.8580733],[114.88588475,34.8581008],[114.88581297,34.85810756],[114.88580759,34.85810806],[114.88580448,34.85810835],[114.88573266,34.85811501],[114.88573224,34.85811505],[114.88541778,34.8581442],[114.88539616,34.85814621],[114.88539037,34.85811505],[114.88535455,34.85792232],[114.88530083,34.8576333],[114.88528119,34.85755198],[114.88521619,34.85728285],[114.88518327,34.85714657],[114.88517425,34.85710923],[114.88516009,34.85705058],[114.88515854,34.85704417],[114.88515785,34.8570413],[114.88508457,34.85704692],[114.88484072,34.85706564],[114.88428968,34.85710794],[114.88408948,34.85712968],[114.8834705,34.85719689],[114.88279315,34.85727045],[114.88254164,34.85729776],[114.88233306,34.85732041],[114.88231503,34.8573227],[114.88227132,34.85732827],[114.88210029,34.85735006],[114.88162037,34.85741121],[114.88127277,34.8574555],[114.88107263,34.857481],[114.88066331,34.85753315],[114.88051244,34.85755198],[114.8798737,34.85763169],[114.87978422,34.85764286],[114.8793844,34.85769275],[114.87884604,34.85775993],[114.87825629,34.85783351],[114.8776471,34.85790953],[114.87761905,34.85791303],[114.87754769,34.85792193],[114.87754233,34.8579226],[114.87753906,34.857923],[114.87746764,34.85793161],[114.87711386,34.85797428],[114.87644816,34.85805457],[114.87635495,34.85806582],[114.87607381,34.85809659],[114.87591771,34.85811505],[114.87524923,34.85819409],[114.87472719,34.85825582],[114.87428605,34.85830798],[114.87427013,34.85825582],[114.87422157,34.85809676],[114.8741412,34.85783351],[114.87406742,34.85759184],[114.87405029,34.85759644],[114.87387901,34.8576424],[114.87369137,34.85769275],[114.87336518,34.85778028],[114.87316678,34.85783351],[114.87285135,34.85791816],[114.87264219,34.85797428],[114.87233753,34.85805604],[114.8721176,34.85811505],[114.87192077,34.85816787],[114.8718237,34.85819356],[114.87158844,34.85825582],[114.87130987,34.85832954],[114.87105828,34.85839612],[114.87105538,34.85838635],[114.87096731,34.85809044],[114.87091125,34.85790205],[114.87089085,34.85783351],[114.87079604,34.85751492],[114.87079604,34.85755198],[114.87045348,34.85755198],[114.87045348,34.85769275]]]}},{"type":"Feature","properties":{"adcode":"410225003","name":"惠安街道","type":"街道","county_code":"410225","county_name":"兰考县","source_codes":["410225200"],"geometry_method":"参考图重分割","area_km2":54.5499},"geometry":{"type":"Polygon","coordinates":[[[114.76084773,34.76056363],[114.76083645,34.76056363],[114.76083645,34.76058276],[114.76083645,34.76070439],[114.7607648,34.76070439],[114.76066518,34.76070439],[114.76066518,34.76084516],[114.7604939,34.76084516],[114.7604939,34.76112669],[114.76032262,34.76112669],[114.76032262,34.76140823],[114.76015135,34.76140823],[114.76015135,34.76168976],[114.75998007,34.76168976],[114.75998007,34.76197129],[114.75980879,34.76197129],[114.75980879,34.76225283],[114.75963752,34.76225283],[114.75963752,34.76253436],[114.75946624,34.76253436],[114.75946624,34.76281589],[114.75929496,34.76281589],[114.75929496,34.76309743],[114.75912369,34.76309743],[114.75912369,34.76337896],[114.75895241,34.76337896],[114.75895241,34.7636605],[114.75878113,34.7636605],[114.75878113,34.76394203],[114.75860986,34.76394203],[114.75860986,34.76436433],[114.75843858,34.76436433],[114.75843858,34.76464586],[114.7582673,34.76464586],[114.7582673,34.76506816],[114.75809603,34.76506816],[114.75809603,34.76533755],[114.75809603,34.7653497],[114.75808765,34.7653497],[114.75792475,34.7653497],[114.75792475,34.76549046],[114.75775347,34.76549046],[114.75775347,34.76563123],[114.7575822,34.76563123],[114.7575822,34.765772],[114.75741092,34.765772],[114.75741092,34.76605353],[114.75723964,34.76605353],[114.75723964,34.7661943],[114.75706837,34.7661943],[114.75706837,34.76633507],[114.75689709,34.76633507],[114.75689709,34.7666166],[114.75672581,34.7666166],[114.75672581,34.76675737],[114.75655454,34.76675737],[114.75655454,34.76689813],[114.75638326,34.76689813],[114.75638326,34.7670389],[114.75621198,34.7670389],[114.75621198,34.76732043],[114.75604071,34.76732043],[114.75604071,34.7674612],[114.75586943,34.7674612],[114.75586943,34.76760197],[114.75569815,34.76760197],[114.75569815,34.76774273],[114.75552688,34.76774273],[114.75552688,34.76802427],[114.7553556,34.76802427],[114.7553556,34.76816503],[114.75518433,34.76816503],[114.75518433,34.7683058],[114.75501305,34.7683058],[114.75501305,34.76858734],[114.75484177,34.76858734],[114.75484177,34.7687281],[114.7546705,34.7687281],[114.7546705,34.76886887],[114.75449922,34.76886887],[114.75449922,34.76900964],[114.75432794,34.76900964],[114.75432794,34.76929117],[114.75415667,34.76929117],[114.75415667,34.76943194],[114.75398539,34.76943194],[114.75398539,34.7695727],[114.75381411,34.7695727],[114.75381411,34.76971347],[114.75364284,34.76971347],[114.75364284,34.769995],[114.75347156,34.769995],[114.75347156,34.77013577],[114.75330028,34.77013577],[114.75330028,34.77027654],[114.75312901,34.77027654],[114.75312901,34.77055807],[114.75295773,34.77055807],[114.75295773,34.77069884],[114.75278645,34.77069884],[114.75278645,34.7708396],[114.75261518,34.7708396],[114.75261518,34.77098037],[114.7524439,34.77098037],[114.7524439,34.77126191],[114.75227262,34.77126191],[114.75227262,34.77140267],[114.75210135,34.77140267],[114.75210135,34.77154344],[114.75193007,34.77154344],[114.75193007,34.77182497],[114.75175879,34.77182497],[114.75175879,34.77196574],[114.75158752,34.77196574],[114.75158752,34.77210651],[114.75141624,34.77210651],[114.75141624,34.77224727],[114.75124496,34.77224727],[114.75124496,34.77238804],[114.75107369,34.77238804],[114.75107369,34.77266957],[114.75090241,34.77266957],[114.75090241,34.77281034],[114.75073113,34.77281034],[114.75073113,34.77295111],[114.75090241,34.77295111],[114.75090241,34.77309187],[114.75107369,34.77309187],[114.75107369,34.77323264],[114.75141481,34.77323264],[114.75141624,34.77323264],[114.75141624,34.77323063],[114.75141624,34.77309187],[114.75151537,34.77309187],[114.75193007,34.77309187],[114.75193007,34.77295111],[114.7524439,34.77295111],[114.7524439,34.77281034],[114.75312901,34.77281034],[114.75312901,34.77266957],[114.75364284,34.77266957],[114.75364284,34.77281034],[114.75381411,34.77281034],[114.75381411,34.77295111],[114.75398539,34.77295111],[114.75398539,34.77309187],[114.75415667,34.77309187],[114.75415667,34.77295111],[114.75501305,34.77295111],[114.75501305,34.77281034],[114.75569815,34.77281034],[114.75569815,34.77323264],[114.75552688,34.77323264],[114.75552688,34.7733424],[114.75552688,34.77365494],[114.7553556,34.77365494],[114.7553556,34.77393648],[114.75518433,34.77393648],[114.75518433,34.77464031],[114.7546705,34.77464031],[114.7546705,34.77478108],[114.75398539,34.77478108],[114.75398539,34.77492184],[114.75347156,34.77492184],[114.75347156,34.77506261],[114.75312901,34.77506261],[114.75312901,34.77520338],[114.75295773,34.77520338],[114.75295773,34.77534414],[114.75261518,34.77534414],[114.75261518,34.77548491],[114.75193007,34.77548491],[114.75193007,34.77562568],[114.75175879,34.77562568],[114.75175879,34.77576644],[114.75158752,34.77576644],[114.75158752,34.77604798],[114.75175879,34.77604798],[114.75175879,34.77609344],[114.75175879,34.77626412],[114.75175879,34.77661105],[114.75182936,34.77661105],[114.75193007,34.77661105],[114.75193007,34.77675181],[114.75210135,34.77675181],[114.75210135,34.77689258],[114.75227262,34.77689258],[114.75227262,34.77703335],[114.75261518,34.77703335],[114.75261518,34.77717411],[114.75278645,34.77717411],[114.75278645,34.77731488],[114.75312901,34.77731488],[114.75312901,34.77745565],[114.75347156,34.77745565],[114.75347156,34.77787795],[114.75364284,34.77787795],[114.75364284,34.77823187],[114.75364284,34.77872255],[114.75330028,34.77872255],[114.75330028,34.77886331],[114.75278645,34.77886331],[114.75278645,34.77900408],[114.7524439,34.77900408],[114.7524439,34.77984868],[114.75253006,34.77984868],[114.75261518,34.77984868],[114.75261518,34.78024924],[114.75261518,34.78069328],[114.75227262,34.78069328],[114.75227262,34.78083405],[114.75193007,34.78083405],[114.75193007,34.78097482],[114.75175879,34.78097482],[114.75175879,34.78111558],[114.75193007,34.78111558],[114.75193007,34.7813549],[114.75193007,34.78141375],[114.75193007,34.78153788],[114.75196064,34.78153788],[114.75210135,34.78153788],[114.75210135,34.78209194],[114.75210135,34.78238249],[114.752176,34.78238249],[114.75227262,34.78238249],[114.75227262,34.78275857],[114.75227262,34.78308632],[114.75210135,34.78308632],[114.75210135,34.78322709],[114.75193007,34.78322709],[114.75193007,34.78364939],[114.75210135,34.78364939],[114.75210135,34.78367512],[114.75210135,34.78379015],[114.75227262,34.78379015],[114.75227262,34.78393092],[114.75261518,34.78393092],[114.75261518,34.78407169],[114.75278645,34.78407169],[114.75278645,34.78459063],[114.75278645,34.78463476],[114.75280224,34.78463476],[114.75295773,34.78463476],[114.75295773,34.78477552],[114.75312901,34.78477552],[114.75312901,34.78491629],[114.75432794,34.78491629],[114.75432794,34.78505706],[114.7546705,34.78505706],[114.7546705,34.78519782],[114.75501305,34.78519782],[114.75501305,34.78533859],[114.75586943,34.78533859],[114.75586943,34.78547936],[114.75638326,34.78547936],[114.75638326,34.78562012],[114.75672581,34.78562012],[114.75672581,34.78576089],[114.75741092,34.78576089],[114.75741092,34.78590166],[114.75792475,34.78590166],[114.75792475,34.78632396],[114.75809603,34.78632396],[114.75809603,34.78674258],[114.75809603,34.78674626],[114.75809787,34.78674626],[114.7582673,34.78674626],[114.7582673,34.78702779],[114.75843858,34.78702779],[114.75843858,34.78730933],[114.75860986,34.78730933],[114.75860986,34.78759086],[114.75878113,34.78759086],[114.75878113,34.78801316],[114.75895241,34.78801316],[114.75895241,34.78829469],[114.75912369,34.78829469],[114.75912369,34.78857623],[114.75929496,34.78857623],[114.75929496,34.78899853],[114.75980879,34.78899853],[114.75980879,34.78885776],[114.75998007,34.78885776],[114.75998007,34.78871699],[114.76032262,34.78871699],[114.76032262,34.78857623],[114.76066518,34.78857623],[114.76066518,34.78843546],[114.76100773,34.78843546],[114.76100773,34.78829469],[114.76169284,34.78829469],[114.76169284,34.78857623],[114.76186411,34.78857623],[114.76186411,34.78899853],[114.76203539,34.78899853],[114.76203539,34.78942083],[114.7627205,34.78942083],[114.7627205,34.78928006],[114.76306305,34.78928006],[114.76306305,34.78913929],[114.7634056,34.78913929],[114.7634056,34.78899853],[114.76391943,34.78899853],[114.76391943,34.78885776],[114.76426199,34.78885776],[114.76426199,34.78871699],[114.76477582,34.78871699],[114.76477582,34.78913929],[114.76494709,34.78913929],[114.76494709,34.78942083],[114.76511837,34.78942083],[114.76511837,34.78984313],[114.76580347,34.78984313],[114.76580347,34.78970236],[114.76614603,34.78970236],[114.76614603,34.7895616],[114.76665986,34.7895616],[114.76665986,34.78942083],[114.76734496,34.78942083],[114.76734496,34.7895616],[114.76751624,34.7895616],[114.76751624,34.78984313],[114.76768752,34.78984313],[114.76768752,34.7904062],[114.7676723,34.7904062],[114.76751624,34.7904062],[114.76751624,34.79054696],[114.76768752,34.79054696],[114.76768752,34.79086896],[114.76768752,34.79119845],[114.76768752,34.7912508],[114.76771382,34.7912508],[114.76785879,34.7912508],[114.76785879,34.79153233],[114.76803007,34.79153233],[114.76803007,34.79181386],[114.76797814,34.79181386],[114.76785879,34.79181386],[114.76785879,34.79195463],[114.76734496,34.79195463],[114.76734496,34.7920954],[114.76683113,34.7920954],[114.76683113,34.79223617],[114.7663173,34.79223617],[114.7663173,34.79237693],[114.76580347,34.79237693],[114.76580347,34.7925177],[114.7656322,34.7925177],[114.7656322,34.79279923],[114.76597475,34.79279923],[114.76597475,34.79291885],[114.76597475,34.79322153],[114.76614603,34.79322153],[114.76614603,34.79353618],[114.76614603,34.79364383],[114.76580347,34.79364383],[114.76580347,34.79419002],[114.76580347,34.79426254],[114.76580347,34.79448843],[114.76587932,34.79448843],[114.76597475,34.79448843],[114.76597475,34.79477264],[114.76597475,34.79491074],[114.76602112,34.79491074],[114.76614603,34.79491074],[114.76614603,34.79530246],[114.76614603,34.79533304],[114.76615569,34.79533304],[114.7663173,34.79533304],[114.7663173,34.79575534],[114.76648858,34.79575534],[114.76648858,34.7958961],[114.76665986,34.7958961],[114.76665986,34.79575534],[114.76905773,34.79575534],[114.76905773,34.79617764],[114.76922901,34.79617764],[114.76922901,34.7965603],[114.76922901,34.7967407],[114.76927804,34.7967407],[114.76957156,34.7967407],[114.76957156,34.79688147],[114.76974284,34.79688147],[114.76974284,34.797163],[114.76991411,34.797163],[114.76991411,34.79730377],[114.77025667,34.79730377],[114.77025667,34.79812596],[114.77025667,34.79842991],[114.76974284,34.79842991],[114.76974284,34.79857067],[114.76940028,34.79857067],[114.76940028,34.79871144],[114.76922901,34.79871144],[114.76922901,34.79885221],[114.76940028,34.79885221],[114.76940028,34.79941527],[114.76871518,34.79941527],[114.76871518,34.79969681],[114.76888645,34.79969681],[114.76888645,34.79995098],[114.76888645,34.80037158],[114.76888645,34.80068218],[114.76897096,34.80068218],[114.76905773,34.80068218],[114.76905773,34.80100109],[114.76905773,34.80180831],[114.76888645,34.80180831],[114.76888645,34.80293445],[114.76900878,34.80293445],[114.76905773,34.80293445],[114.76905773,34.80312123],[114.76905773,34.80335675],[114.76911946,34.80335675],[114.76922901,34.80335675],[114.76922901,34.80376042],[114.76922901,34.80391981],[114.76905773,34.80391981],[114.76905773,34.80406058],[114.76803007,34.80406058],[114.76803007,34.80420135],[114.76751624,34.80420135],[114.76751624,34.80434211],[114.76734496,34.80434211],[114.76734496,34.80459839],[114.76734496,34.80474227],[114.76734496,34.80476441],[114.7689441,34.80476441],[114.76940028,34.80476441],[114.76940028,34.80471717],[114.76940028,34.80462365],[114.7694259,34.80462365],[114.7707705,34.80462365],[114.7707705,34.80448288],[114.77128433,34.80448288],[114.77128433,34.80462365],[114.7714556,34.80462365],[114.7714556,34.80535023],[114.7714556,34.80560902],[114.77149802,34.80560902],[114.77162688,34.80560902],[114.77162688,34.80639511],[114.77162688,34.80645362],[114.77163647,34.80645362],[114.77179816,34.80645362],[114.77179816,34.80659438],[114.77214071,34.80659438],[114.77214071,34.80645362],[114.77265454,34.80645362],[114.77265454,34.80556607],[114.77265454,34.80522539],[114.77265454,34.80476441],[114.77299709,34.80476441],[114.77299709,34.80462365],[114.77419603,34.80462365],[114.77419603,34.80508445],[114.77419603,34.80532748],[114.77402475,34.80532748],[114.77402475,34.80603132],[114.77385348,34.80603132],[114.77385348,34.80701668],[114.7736822,34.80701668],[114.7736822,34.80814282],[114.77539496,34.80814282],[114.77539496,34.80800205],[114.77745028,34.80800205],[114.77745028,34.80814282],[114.77762156,34.80814282],[114.77762156,34.80926895],[114.77779284,34.80926895],[114.77779284,34.80940972],[114.77899177,34.80940972],[114.77899177,34.80955049],[114.77916305,34.80955049],[114.77916305,34.80969125],[114.78019071,34.80969125],[114.78019071,34.80983202],[114.78121837,34.80983202],[114.78121837,34.80997279],[114.78224603,34.80997279],[114.78224603,34.81011355],[114.78327369,34.81011355],[114.78327369,34.81025432],[114.78430135,34.81025432],[114.78430135,34.81123969],[114.78327369,34.81123969],[114.78327369,34.81180276],[114.78344497,34.81180276],[114.78344497,34.81194352],[114.78413007,34.81194352],[114.78413007,34.81208429],[114.78430135,34.81208429],[114.78430135,34.81222506],[114.78481518,34.81222506],[114.78481518,34.81236582],[114.78498645,34.81236582],[114.78498645,34.81250659],[114.78584284,34.81250659],[114.78584284,34.81222506],[114.78601411,34.81222506],[114.78601411,34.81194352],[114.78669922,34.81194352],[114.78669922,34.81222506],[114.7868705,34.81222506],[114.7868705,34.81349196],[114.78704177,34.81349196],[114.78704177,34.81363273],[114.7868705,34.81363273],[114.7868705,34.81377349],[114.78635667,34.81377349],[114.78635667,34.81391426],[114.78601411,34.81391426],[114.78601411,34.81518116],[114.78652794,34.81518116],[114.78652794,34.81504039],[114.78806943,34.81504039],[114.78806943,34.81518116],[114.78824071,34.81518116],[114.78824071,34.81532193],[114.78841199,34.81532193],[114.78841199,34.81518116],[114.7897822,34.81518116],[114.7897822,34.81504039],[114.79098114,34.81504039],[114.79098114,34.81447733],[114.79149497,34.81447733],[114.79149497,34.81433656],[114.79303646,34.81433656],[114.79303646,34.81419579],[114.79406412,34.81419579],[114.79406412,34.81405503],[114.79526305,34.81405503],[114.79526305,34.81419579],[114.79594816,34.81419579],[114.79594816,34.81405503],[114.79748965,34.81405503],[114.79748965,34.81222506],[114.79834603,34.81222506],[114.79834603,34.81236582],[114.79920241,34.81236582],[114.79920241,34.81250659],[114.8000588,34.81250659],[114.8000588,34.81264736],[114.80194284,34.81264736],[114.80194284,34.81278812],[114.80279922,34.81278812],[114.80279922,34.81292889],[114.80416944,34.81292889],[114.80416944,34.81306966],[114.80468326,34.81306966],[114.80468326,34.81152122],[114.80485454,34.81152122],[114.80485454,34.81138046],[114.8058822,34.81138046],[114.8058822,34.81123969],[114.80725241,34.81123969],[114.80725241,34.81025432],[114.80708114,34.81025432],[114.80708114,34.80940972],[114.80690986,34.80940972],[114.80690986,34.80870589],[114.80673858,34.80870589],[114.80673858,34.80772052],[114.80656731,34.80772052],[114.80656731,34.80687592],[114.80639603,34.80687592],[114.80639603,34.80617208],[114.80622475,34.80617208],[114.80622475,34.80546825],[114.80639603,34.80546825],[114.80639603,34.80532748],[114.80708114,34.80532748],[114.80708114,34.80518671],[114.80776624,34.80518671],[114.80776624,34.80504595],[114.80862263,34.80504595],[114.80862263,34.80490518],[114.80965029,34.80490518],[114.80965029,34.80476441],[114.81016412,34.80476441],[114.81016412,34.80546825],[114.81033539,34.80546825],[114.81033539,34.80560902],[114.81050667,34.80560902],[114.81050667,34.80546825],[114.81239071,34.80546825],[114.81239071,34.80532748],[114.81633007,34.80532748],[114.81633007,34.80518671],[114.81735773,34.80518671],[114.81735773,34.80603132],[114.81752901,34.80603132],[114.81752901,34.80687592],[114.81770029,34.80687592],[114.81770029,34.80772052],[114.81787156,34.80772052],[114.81787156,34.80828359],[114.81804284,34.80828359],[114.81804284,34.80884665],[114.81821412,34.80884665],[114.81821412,34.80898742],[114.81838539,34.80898742],[114.81838539,34.80912819],[114.81855667,34.80912819],[114.81855667,34.80997279],[114.81872795,34.80997279],[114.81872795,34.81067662],[114.81889922,34.81067662],[114.81889922,34.81095816],[114.8190705,34.81095816],[114.8190705,34.81138046],[114.81924178,34.81138046],[114.81924178,34.81194352],[114.81941305,34.81194352],[114.81941305,34.81292889],[114.81958433,34.81292889],[114.81958433,34.81335119],[114.81975561,34.81335119],[114.81975561,34.81377349],[114.81992688,34.81377349],[114.81992688,34.81419579],[114.82009816,34.81419579],[114.82009816,34.81461809],[114.82026944,34.81461809],[114.82026944,34.81504039],[114.82044071,34.81504039],[114.82044071,34.81518116],[114.82095454,34.81518116],[114.82095454,34.81532193],[114.82146837,34.81532193],[114.82146837,34.81546269],[114.8219822,34.81546269],[114.8219822,34.81532193],[114.82215348,34.81532193],[114.82215348,34.81447733],[114.82232476,34.81447733],[114.82232476,34.81349196],[114.82249603,34.81349196],[114.82249603,34.81335119],[114.82300986,34.81335119],[114.82300986,34.81349196],[114.8242088,34.81349196],[114.8242088,34.81363273],[114.82540773,34.81363273],[114.82540773,34.81377349],[114.82677795,34.81377349],[114.82677795,34.81391426],[114.82729178,34.81391426],[114.82729178,34.81405503],[114.82763433,34.81405503],[114.82763433,34.81419579],[114.82797688,34.81419579],[114.82797688,34.81433656],[114.82849071,34.81433656],[114.82849071,34.81447733],[114.82900454,34.81447733],[114.82900454,34.81461809],[114.82951837,34.81461809],[114.82951837,34.81475886],[114.82986093,34.81475886],[114.82986093,34.81489963],[114.83088859,34.81489963],[114.83088859,34.81518116],[114.83105986,34.81518116],[114.83105986,34.81532193],[114.83088859,34.81532193],[114.83088859,34.81546269],[114.83105986,34.81546269],[114.83105986,34.81560346],[114.83123114,34.81560346],[114.83123114,34.815885],[114.83140242,34.815885],[114.83140242,34.81616653],[114.83157369,34.81616653],[114.83157369,34.81701113],[114.83174497,34.81701113],[114.83174497,34.81743343],[114.83191625,34.81743343],[114.83191625,34.8179965],[114.83208752,34.8179965],[114.83208752,34.81827803],[114.83311518,34.81827803],[114.83311518,34.81813726],[114.83345774,34.81813726],[114.83345774,34.8179965],[114.83397156,34.8179965],[114.83397156,34.81785573],[114.83448539,34.81785573],[114.83448539,34.81771496],[114.83499922,34.81771496],[114.83499922,34.8175742],[114.83551305,34.8175742],[114.83551305,34.81743343],[114.83585561,34.81743343],[114.83585561,34.81729266],[114.83602688,34.81729266],[114.83602688,34.8171519],[114.83585561,34.8171519],[114.83585561,34.81658883],[114.83568433,34.81658883],[114.83568433,34.8163073],[114.83551305,34.8163073],[114.83551305,34.81560346],[114.83534178,34.81560346],[114.83534178,34.81461809],[114.8351705,34.81461809],[114.8351705,34.81391426],[114.83568433,34.81391426],[114.83568433,34.81377349],[114.83619816,34.81377349],[114.83619816,34.81363273],[114.83671199,34.81363273],[114.83671199,34.81349196],[114.83722582,34.81349196],[114.83722582,34.81335119],[114.83773965,34.81335119],[114.83773965,34.81321042],[114.83825348,34.81321042],[114.83825348,34.81306966],[114.83876731,34.81306966],[114.83876731,34.81292889],[114.83928114,34.81292889],[114.83928114,34.81278812],[114.83979497,34.81278812],[114.83979497,34.81264736],[114.8403088,34.81264736],[114.8403088,34.81250659],[114.84082263,34.81250659],[114.84082263,34.81236582],[114.84116518,34.81236582],[114.84116518,34.81222506],[114.84133646,34.81222506],[114.84133646,34.81053585],[114.84116518,34.81053585],[114.84116518,34.80926895],[114.84099391,34.80926895],[114.84099391,34.80786128],[114.84133646,34.80786128],[114.84133646,34.80772052],[114.84339178,34.80772052],[114.84339178,34.80757975],[114.84441944,34.80757975],[114.84441944,34.80743898],[114.84596093,34.80743898],[114.84596093,34.80729822],[114.84698859,34.80729822],[114.84698859,34.80715745],[114.84750242,34.80715745],[114.84750242,34.80701668],[114.84887263,34.80701668],[114.84887263,34.80687592],[114.85041412,34.80687592],[114.85041412,34.80757975],[114.8505854,34.80757975],[114.8505854,34.80828359],[114.85075667,34.80828359],[114.85075667,34.80955049],[114.85092795,34.80955049],[114.85092795,34.81025432],[114.85109923,34.81025432],[114.85109923,34.81039509],[114.85178433,34.81039509],[114.85178433,34.81025432],[114.85264072,34.81025432],[114.85264072,34.81011355],[114.85298327,34.81011355],[114.85298327,34.80997279],[114.85315454,34.80997279],[114.85315454,34.80983202],[114.8534971,34.80983202],[114.8534971,34.80969125],[114.85383965,34.80969125],[114.85383965,34.80955049],[114.85401093,34.80955049],[114.85401093,34.80940972],[114.85435348,34.80940972],[114.85435348,34.80926895],[114.85469603,34.80926895],[114.85469603,34.80912819],[114.85503859,34.80912819],[114.85503859,34.80898742],[114.85520986,34.80898742],[114.85520986,34.80884665],[114.85555242,34.80884665],[114.85555242,34.80870589],[114.85589497,34.80870589],[114.85589497,34.80856512],[114.85606625,34.80856512],[114.85606625,34.80842435],[114.8564088,34.80842435],[114.8564088,34.80828359],[114.85675135,34.80828359],[114.85675135,34.80814282],[114.85709391,34.80814282],[114.85709391,34.80800205],[114.85743646,34.80800205],[114.85743646,34.80786128],[114.85777901,34.80786128],[114.85777901,34.80772052],[114.85795029,34.80772052],[114.85795029,34.80757975],[114.85829284,34.80757975],[114.85829284,34.80743898],[114.85846412,34.80743898],[114.85846412,34.80729822],[114.85880667,34.80729822],[114.85880667,34.80715745],[114.85897795,34.80715745],[114.85897795,34.80701668],[114.8593205,34.80701668],[114.8593205,34.80687592],[114.85966306,34.80687592],[114.85966306,34.80673515],[114.85983433,34.80673515],[114.85983433,34.80659438],[114.86017689,34.80659438],[114.86017689,34.80645362],[114.86034816,34.80645362],[114.86034816,34.80631285],[114.86069072,34.80631285],[114.86069072,34.80617208],[114.86120455,34.80617208],[114.86120455,34.80603132],[114.86137582,34.80603132],[114.86137582,34.80589055],[114.86171838,34.80589055],[114.86171838,34.80574978],[114.86188965,34.80574978],[114.86188965,34.80560902],[114.86223221,34.80560902],[114.86223221,34.80546825],[114.86257476,34.80546825],[114.86257476,34.80532748],[114.86291731,34.80532748],[114.86291731,34.80518671],[114.86308859,34.80518671],[114.86308859,34.80504595],[114.86343114,34.80504595],[114.86343114,34.80490518],[114.86377369,34.80490518],[114.86377369,34.80476441],[114.86394497,34.80476441],[114.86394497,34.80462365],[114.86428752,34.80462365],[114.86428752,34.80448288],[114.86463008,34.80448288],[114.86463008,34.80434211],[114.86497263,34.80434211],[114.86497263,34.80420135],[114.86514391,34.80420135],[114.86514391,34.80406058],[114.86565774,34.80406058],[114.86565774,34.80391981],[114.86612115,34.80391981],[114.86609624,34.80377905],[114.86600029,34.80323675],[114.86594426,34.80292009],[114.8659219,34.80279368],[114.86582901,34.80226871],[114.86574756,34.80180831],[114.86565774,34.80130064],[114.86557322,34.80082294],[114.86548646,34.80033257],[114.86539888,34.79983757],[114.86531518,34.7993645],[114.86522455,34.79885221],[114.86514391,34.79839643],[114.86505133,34.79787315],[114.86505035,34.79786684],[114.86499405,34.79750092],[114.86498538,34.79744454],[114.86498497,34.79744188],[114.86498444,34.79743845],[114.86498824,34.79743807],[114.86505982,34.7974309],[114.86565774,34.79737104],[114.86632957,34.79730377],[114.86668286,34.7972684],[114.86677282,34.79725939],[114.86683109,34.79725356],[114.86685667,34.797251],[114.86690275,34.79724638],[114.86690637,34.79724602],[114.8669063,34.79724301],[114.86690493,34.79718349],[114.86689604,34.79679565],[114.86689485,34.7967439],[114.86686284,34.79534795],[114.86685706,34.79509602],[114.86685667,34.79509602],[114.86684971,34.79509617],[114.86667721,34.79509975],[114.86660497,34.79510124],[114.86660046,34.79510134],[114.86659945,34.79509684],[114.86658924,34.7950515],[114.86658627,34.79503831],[114.86651412,34.79471788],[114.86643076,34.79434767],[114.86634284,34.79395721],[114.86627228,34.79364383],[114.86617157,34.79319655],[114.86608211,34.79279923],[114.86600029,34.79243588],[114.86597972,34.79234452],[114.86595007,34.79221282],[114.86593437,34.7920847],[114.86591843,34.79195463],[114.86588499,34.7916818],[114.8658377,34.79118808],[114.86583454,34.79114921],[114.86582901,34.79108112],[114.86582301,34.79100719],[114.86580673,34.79080671],[114.86576035,34.79042544],[114.86574626,34.79026543],[114.86572537,34.79002819],[114.86567497,34.78963105],[114.86565774,34.78943981],[114.86560459,34.78884996],[114.86556725,34.78843546],[114.86555944,34.78834874],[114.8655137,34.78802415],[114.8654872,34.78783609],[114.86548646,34.78783083],[114.86548124,34.78779377],[114.86547618,34.78775786],[114.865475,34.78774552],[114.86541994,34.78716996],[114.8653946,34.78688703],[114.86536758,34.78658521],[114.86536471,34.78654765],[114.86532293,34.78600041],[114.86531518,34.7858783],[114.86528603,34.78541874],[114.86524912,34.78483706],[114.86524596,34.78481432],[114.86522095,34.78463476],[114.86521712,34.78460721],[114.86516884,34.78416535],[114.86514391,34.78396313],[114.86509944,34.78360245],[114.86508907,34.78353764],[114.86506188,34.78336785],[114.86501876,34.78309858],[114.86501051,34.78294408],[114.86500752,34.78288797],[114.86500651,34.78286173],[114.86500265,34.78276097],[114.86497967,34.78216127],[114.86497263,34.78197766],[114.86496539,34.78178873],[114.86496345,34.78100962],[114.8649508,34.78038655],[114.86492537,34.77934695],[114.86492062,34.77910815],[114.86491936,34.77904457],[114.86490009,34.77900408],[114.86480135,34.77879652],[114.8646992,34.77858178],[114.86463008,34.77843649],[114.86456527,34.77830025],[114.86452193,34.77820914],[114.86449509,34.77666852],[114.86381671,34.77675181],[114.86325986,34.77682018],[114.86279836,34.77687684],[114.86274604,34.77643803],[114.86274439,34.7764242],[114.86266597,34.77576644],[114.86257476,34.77500143],[114.86255026,34.77479594],[114.86248136,34.77421801],[114.86242842,34.77377392],[114.86240348,34.77356478],[114.86231354,34.77281034],[114.86226223,34.77237992],[114.8615784,34.77235914],[114.8615471,34.77224886],[114.86146674,34.77196574],[114.86137582,34.77164542],[114.86132431,34.77146393],[114.86137582,34.77138441],[114.86145518,34.77126191],[114.86152662,34.77115163],[114.86148322,34.77000319],[114.86146163,34.76943194],[114.86144648,34.76903101],[114.86142277,34.76840349],[114.86086199,34.76837742],[114.86008049,34.7683411],[114.86002474,34.76834174],[114.85828243,34.76836197],[114.8579407,34.7683058],[114.85777901,34.76827923],[114.85777586,34.76827871],[114.85763748,34.76816503],[114.85757311,34.76811216],[114.85692263,34.76809612],[114.85628186,34.76808033],[114.85504056,34.76804972],[114.85499291,34.76802427],[114.85486731,34.76795718],[114.85472936,34.7678835],[114.85452476,34.76777422],[114.85446581,34.76774273],[114.85435348,34.76768273],[114.85420227,34.76760197],[114.85402711,34.76750841],[114.85401093,34.76750406],[114.85385142,34.7674612],[114.85366837,34.76741201],[114.85332758,34.76732043],[114.85298327,34.76722791],[114.85280373,34.76717967],[114.85270993,34.76715446],[114.8526614,34.76709247],[114.85264072,34.76706604],[114.85250928,34.76689813],[114.85248177,34.76686298],[114.85246944,34.76684653],[114.85242401,34.76678591],[114.85240262,34.76675737],[114.85229816,34.76661797],[114.85229714,34.7666166],[114.85227895,34.76659233],[114.85212697,34.76655068],[114.85191319,34.7666166],[114.85178433,34.76665633],[114.85172188,34.76667559],[114.85166225,34.76675737],[114.85162391,34.76680996],[114.85161306,34.76682485],[114.85158684,34.76686081],[114.85158589,34.76686211],[114.85157231,34.76688074],[114.85157009,34.76688378],[114.85149474,34.7670389],[114.85149336,34.76704174],[114.85144178,34.76714793],[114.85135798,34.76732043],[114.8512705,34.76750052],[114.85122122,34.76760197],[114.85121613,34.76761245],[114.85109923,34.76780491],[114.85105149,34.7678835],[114.85092795,34.76808689],[114.85088048,34.76816503],[114.85086464,34.76819112],[114.85086205,34.76819538],[114.85075667,34.76828441],[114.85073135,34.7683058],[114.8505854,34.76842911],[114.85056473,34.76844657],[114.85041412,34.76857381],[114.8503981,34.76858734],[114.85030359,34.76866718],[114.85027554,34.76869088],[114.85024284,34.76871851],[114.85024098,34.76872008],[114.85023148,34.7687281],[114.85007157,34.7688632],[114.85006486,34.76886887],[114.84992565,34.76898648],[114.84990029,34.76898648],[114.84933159,34.76898645],[114.84870135,34.76898642],[114.84865938,34.76898642],[114.84865901,34.76850757],[114.84853008,34.76851443],[114.84716024,34.76858734],[114.84596093,34.76865116],[114.84592399,34.76865313],[114.84590959,34.76916959],[114.8459094,34.76917625],[114.84589863,34.76956261],[114.8458748,34.7704173],[114.84587464,34.77042279],[114.84505858,34.77044816],[114.84503808,34.7704488],[114.84502596,34.77044918],[114.84373433,34.77048933],[114.84205267,34.7705416],[114.84152238,34.77055807],[114.84053093,34.77058887],[114.84052268,34.77055807],[114.84048008,34.77039889],[114.84040965,34.77013577],[114.8403088,34.76975899],[114.84030244,34.76973522],[114.83977059,34.76973516],[114.83972657,34.7695727],[114.83962369,34.76919302],[114.83961827,34.76917301],[114.83945539,34.76918291],[114.83893859,34.76921432],[114.83893449,34.76921457],[114.83893859,34.76924871],[114.83900292,34.76978529],[114.83902806,34.769995],[114.8390618,34.77027641],[114.83906167,34.77027654],[114.83893859,34.7704067],[114.8388013,34.77055188],[114.83879545,34.77055807],[114.83878831,34.77056563],[114.83877769,34.77057685],[114.83876731,34.77058783],[114.83870746,34.77065113],[114.83873199,34.77140267],[114.83873328,34.77144229],[114.83842476,34.77147563],[114.83779717,34.77154344],[114.83777093,34.77154627],[114.8377707,34.77154344],[114.83776395,34.77146229],[114.83773965,34.77116978],[114.83765374,34.77013577],[114.83765211,34.77011619],[114.83764552,34.77003688],[114.83764492,34.77002958],[114.83756837,34.76910831],[114.83753588,34.76871721],[114.83747831,34.76802427],[114.83744651,34.76764146],[114.8373971,34.76704672],[114.8373627,34.76663267],[114.83722582,34.76667594],[114.83703353,34.76673673],[114.83697202,34.76675737],[114.83671199,34.7668446],[114.83655242,34.76689813],[114.83636944,34.76695952],[114.83613281,34.7670389],[114.83585561,34.7671319],[114.83579283,34.76715296],[114.83548894,34.76717373],[114.83548538,34.76717081],[114.83534178,34.76705278],[114.83532488,34.7670389],[114.83518489,34.76692384],[114.8351705,34.76691675],[114.83513277,34.76689813],[114.83505823,34.76686136],[114.83484561,34.76689813],[114.83458814,34.76694266],[114.83457709,34.76694457],[114.83448539,34.76696043],[114.83409595,34.76702777],[114.83407952,34.7670389],[114.83397156,34.767112],[114.83387163,34.76717967],[114.83380029,34.76722797],[114.83366558,34.76731919],[114.83366225,34.76732043],[114.83345774,34.76739684],[114.83338706,34.76742324],[114.83318445,34.76742321],[114.833055,34.7674612],[114.83303235,34.76746785],[114.83282995,34.76752725],[114.83277263,34.76758787],[114.83273493,34.76762773],[114.83273472,34.76762795],[114.83265278,34.7677146],[114.83241065,34.76769542],[114.83236736,34.76769199],[114.83236491,34.7676918],[114.83228202,34.76768523],[114.83208752,34.76766982],[114.83177536,34.76764509],[114.83175711,34.76764365],[114.8315454,34.76762687],[114.83140242,34.76761555],[114.83133578,34.76761027],[114.83134402,34.768],[114.83134442,34.76801883],[114.83134725,34.7681525],[114.83136177,34.76883866],[114.83126568,34.76883865],[114.8312626,34.76883865],[114.83126005,34.76883865],[114.83120161,34.76883864],[114.82734949,34.76883787],[114.82732607,34.76883787],[114.82703099,34.7688378],[114.82703088,34.76860878],[114.82704273,34.76858734],[114.82705248,34.76856969],[114.82706483,34.76854734],[114.82709662,34.76848978],[114.8271205,34.76844657],[114.8271574,34.76837978],[114.82717452,34.76834879],[114.82719039,34.76832007],[114.82719827,34.7683058],[114.82728392,34.76815079],[114.82725844,34.76783848],[114.82729178,34.76757711],[114.8273089,34.7674429],[114.82742059,34.76732043],[114.82746077,34.76727637],[114.82746305,34.76727315],[114.82747,34.76726335],[114.82751899,34.76719428],[114.82752935,34.76717967],[114.82754287,34.76716061],[114.82763433,34.76703164],[114.82763793,34.76702657],[114.82764146,34.76696209],[114.82766303,34.76656853],[114.82763912,34.76646766],[114.82763433,34.76644744],[114.82754098,34.76605353],[114.82753217,34.76601639],[114.82753193,34.76601537],[114.8275205,34.76596714],[114.82748538,34.76581896],[114.82746305,34.76567255],[114.82743477,34.76548709],[114.82742775,34.76544109],[114.82738376,34.76515269],[114.82739169,34.76515063],[114.82746305,34.76513211],[114.82770955,34.76506816],[114.82780561,34.76504324],[114.82786488,34.76502787],[114.82780561,34.76459091],[114.82773885,34.76409877],[114.8277176,34.76394203],[114.82763433,34.76332813],[114.82761071,34.76315399],[114.82729178,34.76317005],[114.82593869,34.7632382],[114.82455135,34.76330807],[114.82438007,34.76331669],[114.8243186,34.76331979],[114.82430678,34.76323341],[114.82428817,34.76309743],[114.8242088,34.76251743],[114.82417165,34.76224601],[114.8241148,34.76183053],[114.82407393,34.76153191],[114.82403752,34.76126585],[114.82401372,34.76109194],[114.82392238,34.76102262],[114.82391558,34.76101745],[114.82387404,34.76098593],[114.82386624,34.76098001],[114.82368855,34.76084516],[114.82352369,34.76072004],[114.82350307,34.76070439],[114.82335508,34.76059208],[114.82335242,34.76049559],[114.82332282,34.75942553],[114.82332191,34.75939285],[114.82332104,34.75936137],[114.82327792,34.75780213],[114.82335242,34.75775223],[114.82335829,34.75774829],[114.82352369,34.75763749],[114.82356843,34.75760752],[114.82369497,34.75752276],[114.82377857,34.75746675],[114.82386624,34.75740802],[114.82387295,34.75740353],[114.82388709,34.75739406],[114.82389732,34.7573872],[114.8239222,34.75737054],[114.82393214,34.75736388],[114.82396143,34.75734426],[114.82396143,34.75732599],[114.82396138,34.75721934],[114.82398623,34.75619917],[114.82403752,34.75619992],[114.82687295,34.75624154],[114.82694922,34.75641696],[114.82697724,34.75648139],[114.82699971,34.75653305],[114.82788299,34.75648139],[114.8280621,34.75647091],[114.82806934,34.75647049],[114.82807519,34.75647015],[114.82887173,34.75642355],[114.82893418,34.75641989],[114.82899662,34.75641624],[114.82900454,34.75641578],[114.82901301,34.75641528],[114.82912669,34.75640863],[114.8291258,34.75638249],[114.82912539,34.75637024],[114.82912438,34.75634062],[114.82912413,34.75633294],[114.82909104,34.75535525],[114.82907675,34.75493295],[114.82907525,34.75488877],[114.8293471,34.7548702],[114.8293791,34.75486802],[114.8293533,34.75395194],[114.82938513,34.75394758],[114.82961306,34.7539164],[114.82962567,34.75391467],[114.82965713,34.75391037],[114.82960628,34.75351478],[114.831556,34.7535152],[114.83148834,34.75197685],[114.83147919,34.75176881],[114.83147908,34.75176632],[114.83147636,34.75153201],[114.83147475,34.75139289],[114.83147395,34.75132436],[114.83147084,34.75105612],[114.8314704,34.75101791],[114.83147024,34.75100443],[114.83146913,34.75090895],[114.83146686,34.75071299],[114.8314662,34.75065667],[114.83146334,34.75040974],[114.8314633,34.75040618],[114.83145871,34.750011],[114.83145251,34.74947613],[114.83148125,34.74930228],[114.83155745,34.7488413],[114.83157369,34.74874302],[114.8315786,34.74871332],[114.83157826,34.74871224],[114.83157937,34.74870564],[114.83160393,34.74856009],[114.83157835,34.74808123],[114.83157369,34.74806212],[114.83151991,34.74784146],[114.83151654,34.74782767],[114.83150222,34.74776892],[114.83149213,34.74775384],[114.83147469,34.74772779],[114.83140242,34.7476198],[114.8313037,34.74747231],[114.83123114,34.74736389],[114.83122349,34.74735246],[114.83117275,34.74716507],[114.83123114,34.74696305],[114.83129911,34.74672788],[114.83129911,34.74672698],[114.8312991,34.74670893],[114.83129903,34.74657346],[114.83129875,34.74605695],[114.83123114,34.7460266],[114.83100227,34.74592387],[114.83088859,34.74587285],[114.83068866,34.74578311],[114.83054603,34.74571909],[114.83037505,34.74564234],[114.83020348,34.74556533],[114.83006144,34.74550157],[114.82986093,34.74541157],[114.82974783,34.74536081],[114.82951837,34.74525781],[114.82943422,34.74522004],[114.8293471,34.74518093],[114.82912061,34.74507927],[114.82900454,34.74502717],[114.828807,34.74493851],[114.82866199,34.74487341],[114.82849339,34.74479774],[114.82831944,34.74471966],[114.82822027,34.74467514],[114.8282071,34.74465697],[114.82818462,34.74462594],[114.82814816,34.74457562],[114.82810511,34.7445162],[114.82804386,34.74443166],[114.82801046,34.74438556],[114.82800388,34.74437649],[114.82797688,34.74437632],[114.82783522,34.74437544],[114.82780561,34.74442386],[114.82774912,34.7445162],[114.82771445,34.7445729],[114.82763433,34.74461004],[114.82754567,34.74465113],[114.82751733,34.74465697],[114.8271205,34.74473873],[114.82683405,34.74479774],[114.82679851,34.74480506],[114.8265579,34.74485578],[114.82643539,34.7448816],[114.82616544,34.74493851],[114.82575029,34.74502602],[114.82549764,34.74507927],[114.82523646,34.74513433],[114.82506315,34.74517086],[114.82479814,34.74514939],[114.82472263,34.74510228],[114.82468575,34.74507927],[114.82460558,34.74502926],[114.8242639,34.74507927],[114.82386624,34.74513748],[114.82386134,34.7451382],[114.82330223,34.74522004],[114.82283859,34.7452879],[114.82263836,34.74531721],[114.82234051,34.74536081],[114.82226787,34.74537144],[114.82217334,34.74539028],[114.8219822,34.74542838],[114.82161503,34.74550157],[114.82159301,34.74550596],[114.82157956,34.74550157],[114.8212971,34.74540939],[114.82115954,34.7453645],[114.82079806,34.74540188],[114.82078327,34.7454063],[114.82046502,34.74550157],[114.82036797,34.74553063],[114.82026944,34.74556012],[114.81999478,34.74564234],[114.81975561,34.74571393],[114.81956156,34.74577202],[114.81956123,34.74577212],[114.81952453,34.74578311],[114.81952127,34.74578408],[114.81924476,34.74586685],[114.81924178,34.74586775],[114.81923716,34.74586913],[114.81923204,34.74587066],[114.81916995,34.74588925],[114.81915275,34.7458944],[114.81917977,34.74636076],[114.81918051,34.74637344],[114.8191811,34.74638365],[114.8192375,34.74735717],[114.81921972,34.74757209],[114.81913129,34.74761308],[114.81912439,34.74761627],[114.81909764,34.74762867],[114.8190542,34.74761308],[114.81899979,34.74759354],[114.81897572,34.7475849],[114.81895839,34.74752745],[114.81893002,34.74638303],[114.8189297,34.74636989],[114.81892569,34.74620835],[114.81889922,34.74612061],[114.81885636,34.74597855],[114.81877972,34.74592387],[114.81872795,34.74588694],[114.81867722,34.74585075],[114.81865573,34.74578311],[114.81860043,34.74560899],[114.81859179,34.74522776],[114.81858943,34.74512378],[114.81858604,34.74497394],[114.81857614,34.74487879],[114.81855667,34.74469156],[114.81855564,34.74468167],[114.81843213,34.7446936],[114.81838539,34.74472019],[114.81827762,34.74478152],[114.8182779,34.74479774],[114.81827982,34.74490642],[114.81828415,34.74515176],[114.81829174,34.74558165],[114.81830453,34.74564234],[114.81838539,34.74602593],[114.81839896,34.74609029],[114.81838539,34.74610134],[114.8182753,34.7461911],[114.81821089,34.74620541],[114.81787156,34.74628078],[114.81771936,34.74631459],[114.8176148,34.74634617],[114.81747224,34.74638923],[114.81711719,34.746387],[114.81710196,34.74625991],[114.8169322,34.74623345],[114.8168439,34.74627523],[114.81674681,34.74632117],[114.81673661,34.74634617],[114.81668481,34.74647317],[114.81667263,34.74648435],[114.8166475,34.74650741],[114.81660955,34.74654224],[114.81659694,34.74655381],[114.81656112,34.74658668],[114.81632861,34.74662771],[114.81604518,34.74667772],[114.81598752,34.74668789],[114.81586624,34.74670929],[114.81581624,34.74670383],[114.81549582,34.74666886],[114.81542512,34.74659559],[114.81542089,34.74659121],[114.81537254,34.74654109],[114.81535292,34.74648694],[114.81530241,34.74634747],[114.81523424,34.74615924],[114.81522482,34.74606464],[114.81521906,34.74600676],[114.81513114,34.74599305],[114.8150493,34.74598029],[114.81495986,34.7459879],[114.81463244,34.74601575],[114.81427475,34.74600123],[114.81426197,34.74600071],[114.81418476,34.74592387],[114.81410348,34.74584299],[114.81404331,34.74578311],[114.81403081,34.74577067],[114.81396089,34.74575695],[114.813953,34.7457554],[114.8138556,34.74573629],[114.81383019,34.7457313],[114.8137251,34.74575593],[114.81372473,34.74575602],[114.81360913,34.74578311],[114.8132471,34.74586795],[114.81319702,34.74587968],[114.81303198,34.74592387],[114.81296535,34.74594171],[114.81294862,34.74592387],[114.81290454,34.74587689],[114.81285749,34.74582674],[114.81267226,34.74581287],[114.81256199,34.74583603],[114.81237885,34.7458745],[114.81220492,34.74592387],[114.81187688,34.74601699],[114.81178747,34.74604237],[114.81178588,34.74604282],[114.81173869,34.74605622],[114.81170901,34.74606464],[114.81167581,34.74607406],[114.81166723,34.7460765],[114.81159116,34.74609809],[114.81153433,34.74611455],[114.81122067,34.74620541],[114.81120503,34.74620994],[114.81119178,34.74625321],[114.81116902,34.74632751],[114.81116459,34.74634198],[114.81115845,34.74636203],[114.81119178,34.74647252],[114.81119613,34.74648694],[114.8112045,34.74651471],[114.81129708,34.7465407],[114.81131583,34.74653917],[114.81136611,34.74653505],[114.81172939,34.74650534],[114.81187305,34.74648694],[114.81213369,34.74645355],[114.81214083,34.74645264],[114.81239071,34.74642063],[114.81297191,34.74634617],[114.81333524,34.74629963],[114.81340412,34.74632842],[114.81345865,34.74635121],[114.81346912,34.74638593],[114.81348935,34.74645299],[114.81346896,34.74653616],[114.81345826,34.74657979],[114.81341837,34.74659015],[114.81327374,34.74662771],[114.81307582,34.74667911],[114.81273169,34.74676847],[114.81251971,34.74682352],[114.81250083,34.74682843],[114.81240805,34.74685252],[114.81239071,34.74685553],[114.8123245,34.74686702],[114.81231327,34.74686897],[114.81227446,34.74687571],[114.81208124,34.74690924],[114.8119139,34.74693828],[114.81187688,34.74698363],[114.81185202,34.74701409],[114.81187688,34.74732061],[114.81189737,34.74757314],[114.81197051,34.74817614],[114.8120177,34.74856528],[114.81201914,34.74857714],[114.8119715,34.74859642],[114.8119665,34.74859844],[114.81194025,34.74860907],[114.81186466,34.74863966],[114.81166397,34.74863839],[114.81163504,34.74859844],[114.81157156,34.74851081],[114.81153433,34.74832341],[114.81144914,34.74789461],[114.81136305,34.74746126],[114.81131138,34.74720115],[114.81129065,34.74719077],[114.81123426,34.74716256],[114.81106758,34.74717293],[114.8110571,34.74717358],[114.81104899,34.74717408],[114.81104235,34.74717404],[114.81087613,34.74717299],[114.81086374,34.74717291],[114.81084922,34.74715127],[114.8107813,34.74705001],[114.81067795,34.74689592],[114.81063277,34.74682856],[114.81050319,34.74676847],[114.81049394,34.74676419],[114.810482,34.74676847],[114.81035492,34.7468141],[114.81033539,34.74687256],[114.81030836,34.74695349],[114.81033539,34.74704762],[114.81038509,34.74722067],[114.81041181,34.74733154],[114.81043107,34.74741144],[114.81032899,34.74747231],[114.81016412,34.74757062],[114.81009292,34.74761308],[114.80999284,34.74767275],[114.80985684,34.74775384],[114.80985134,34.74775712],[114.80982156,34.74777488],[114.80962076,34.74789461],[114.80961367,34.74789883],[114.80960147,34.74790611],[114.80947901,34.74797913],[114.80941653,34.74801639],[114.80938468,34.74803538],[114.80930773,34.74808126],[114.80927203,34.74810254],[114.80917597,34.74815935],[114.80916127,34.74816804],[114.80914756,34.74817614],[114.80910204,34.74820306],[114.80903865,34.74789461],[114.80899489,34.7476817],[114.80896518,34.74760788],[114.80891804,34.74749072],[114.8088103,34.74747231],[114.80876371,34.74746434],[114.80870808,34.74747231],[114.80862263,34.74748454],[114.80859385,34.74748867],[114.80859342,34.74772995],[114.80860835,34.74802213],[114.80862263,34.7481038],[114.80870912,34.74859844],[114.8087939,34.74908327],[114.8088529,34.74942063],[114.80876018,34.74947084],[114.8087508,34.74947218],[114.8086967,34.74947992],[114.80868834,34.74948112],[114.80859032,34.74949516],[114.80850535,34.74945264],[114.80850336,34.74945165],[114.80849217,34.74944605],[114.80848617,34.74944304],[114.80845135,34.74942562],[114.80843607,34.74941798],[114.80837329,34.74916151],[114.80828007,34.74878068],[114.80823681,34.74860395],[114.80818946,34.74845768],[114.8081088,34.74820849],[114.80807906,34.74811661],[114.80806792,34.7480822],[114.80792902,34.74805592],[114.80783662,34.74792833],[114.80783035,34.74789461],[114.80779689,34.7477146],[114.80776624,34.74754971],[114.80767336,34.74705001],[114.8076396,34.7468684],[114.80759497,34.74662824],[114.80757925,34.74654367],[114.80757666,34.74652974],[114.80756253,34.74648582],[114.80752796,34.74637836],[114.8075176,34.74634617],[114.80751525,34.74633886],[114.8075107,34.74633883],[114.80736577,34.74633791],[114.80734544,34.74633778],[114.80732819,34.74634617],[114.80729828,34.74636073],[114.80725241,34.74638306],[114.80719093,34.74641299],[114.80716352,34.74662771],[114.80714534,34.74677021],[114.80714396,34.74678098],[114.80712351,34.74699547],[114.80711824,34.74705075],[114.80709677,34.74727596],[114.80708114,34.74728286],[114.806971,34.74733154],[114.80692682,34.74735107],[114.80683407,34.74735635],[114.80672611,34.74736249],[114.80655634,34.74733601],[114.80650221,34.74717452],[114.80649275,34.74714627],[114.80649197,34.74714395],[114.80647956,34.74710693],[114.80647434,34.74705001],[114.8064522,34.74680848],[114.80644176,34.7466945],[114.80644113,34.74668764],[114.80643413,34.74661136],[114.80637248,34.74656017],[114.8062181,34.74655919],[114.8061938,34.74655903],[114.80618233,34.74655896],[114.80618108,34.74655895],[114.80605348,34.74655814],[114.80601741,34.74655791],[114.80594027,34.74653202],[114.80592473,34.74648694],[114.8058822,34.74636358],[114.80587884,34.74635384],[114.80587348,34.74627215],[114.8058731,34.74626643],[114.80587182,34.7462469],[114.80586382,34.74612515],[114.8057867,34.74608656],[114.80563233,34.74608557],[114.80502582,34.74614089],[114.80472136,34.74616866],[114.80444562,34.74620541],[114.80399816,34.74626504],[114.80390298,34.74627773],[114.80334475,34.74634617],[114.80319556,34.74636447],[114.80318004,34.74636637],[114.80311549,34.74637429],[114.80305208,34.74637388],[114.80301829,34.74637367],[114.80295159,34.74637324],[114.80294567,34.7463732],[114.80283221,34.74634913],[114.80281827,34.74634617],[114.80268194,34.74631725],[114.80245667,34.74626946],[114.80232841,34.74624225],[114.8022723,34.74620541],[114.80222046,34.74617137],[114.80218194,34.74614607],[114.80217997,34.74614478],[114.80216783,34.7461368],[114.80211412,34.74610154],[114.80205792,34.74606464],[114.80203545,34.74604988],[114.80191202,34.746011],[114.8009085,34.74605536],[114.80069238,34.74605397],[114.80058036,34.74606464],[114.79988752,34.74613062],[114.79965805,34.74615248],[114.79931819,34.74618484],[114.79925441,34.74620541],[114.79908065,34.74626143],[114.79903114,34.74627739],[114.79900926,34.74628445],[114.79896275,34.74638575],[114.79896256,34.74648694],[114.79896253,34.74650558],[114.79896247,34.74653814],[114.79886977,34.74657564],[114.79885986,34.74657789],[114.79863995,34.74662771],[114.79834603,34.74669429],[114.79811519,34.74674659],[114.79801858,34.74676847],[114.79794311,34.74678557],[114.7978322,34.74691005],[114.79781935,34.74692447],[114.7978322,34.74766295],[114.79783327,34.74772463],[114.7978322,34.74772944],[114.79781309,34.74781505],[114.79781093,34.74782474],[114.797771,34.74800362],[114.79771892,34.74803538],[114.79771434,34.74803817],[114.79764735,34.74807902],[114.79714709,34.74810591],[114.79701433,34.74811304],[114.79642762,34.74814736],[114.79630412,34.74814656],[114.79629071,34.74813241],[114.79619878,34.74803538],[114.79613464,34.74796767],[114.79611943,34.74795714],[114.79604214,34.74790358],[114.79520845,34.74792359],[114.7949205,34.74797555],[114.7948687,34.7479849],[114.79475225,34.74798574],[114.79469321,34.74798617],[114.79467254,34.74798632],[114.7946541,34.74798645],[114.79456153,34.74798712],[114.7942727,34.74798921],[114.79408716,34.74799056],[114.79395242,34.74799153],[114.7939424,34.7479916],[114.79381058,34.74803538],[114.79372156,34.74806493],[114.79367979,34.7480788],[114.79363296,34.74845768],[114.79363274,34.74845949],[114.79355545,34.74850978],[114.79337901,34.74853766],[114.79332381,34.74854638],[114.79330109,34.74873921],[114.79329241,34.74881287],[114.7932922,34.74892032],[114.79329058,34.74975078],[114.79329022,34.74993749],[114.79329007,34.75001101],[114.79329007,34.75001455],[114.79328976,34.75017089],[114.79328961,34.75024967],[114.79328956,34.75027369],[114.79328822,34.75095908],[114.79320773,34.75098691],[114.79319453,34.75099148],[114.79318008,34.75099648],[114.79315086,34.75099148],[114.79294858,34.75095688],[114.79286518,34.75076106],[114.79285638,34.75074039],[114.79286215,34.75009176],[114.79286219,34.75008734],[114.79286248,34.7500551],[114.79286284,34.75001459],[114.79286287,34.75001101],[114.79286518,34.74975131],[114.79287616,34.74851808],[114.79286518,34.74851155],[114.79277459,34.74845768],[114.79276822,34.74845389],[114.79264471,34.74845309],[114.79263528,34.74845768],[114.79256745,34.74849068],[114.79252263,34.74904218],[114.79251999,34.74907456],[114.79250404,34.74934115],[114.79239582,34.74941664],[114.79234157,34.74944304],[114.79224129,34.74949184],[114.79224104,34.74961883],[114.79225067,34.74983805],[114.79225147,34.74985635],[114.79225293,34.74988959],[114.79225826,34.75001101],[114.79225842,34.75001464],[114.79226422,34.75014688],[114.7922704,34.75028765],[114.7922706,34.75029211],[114.79219288,34.75055829],[114.79218007,34.75056423],[114.79216938,34.75056918],[114.79208471,34.75060839],[114.79187763,34.75056918],[114.79180692,34.75055579],[114.79166624,34.75051316],[114.7913866,34.75042841],[114.79115241,34.75035744],[114.7909221,34.75028765],[114.79063858,34.75020173],[114.7904576,34.75014688],[114.7904538,34.75014573],[114.79045358,34.75014566],[114.79037632,34.75012225],[114.79036418,34.75011857],[114.79029603,34.75009792],[114.7902321,34.75007854],[114.79002177,34.7500148],[114.79000928,34.75001102],[114.7899931,34.75000611],[114.78985247,34.74996349],[114.7897822,34.7499422],[114.78970856,34.74991988],[114.78961092,34.74994065],[114.78947689,34.74996917],[114.78947119,34.75000611],[114.78947044,34.75001102],[114.78946985,34.75001483],[114.78946709,34.75003272],[114.78943965,34.7502108],[114.78941432,34.75037515],[114.78939653,34.7515434],[114.78935791,34.75183608],[114.78926837,34.75251462],[114.78925441,34.75262039],[114.78923883,34.7527385],[114.78922788,34.75282145],[114.78922407,34.75285035],[114.7890694,34.75298904],[114.78889955,34.75300063],[114.78877604,34.75299983],[114.78875454,34.75305247],[114.78874501,34.75307582],[114.78869836,34.75324062],[114.78868276,34.75331671],[114.78851281,34.7533791],[114.78834298,34.753378],[114.78833363,34.75338452],[114.78824071,34.75344933],[114.78823475,34.75345349],[114.78824071,34.75355493],[114.78824613,34.75364724],[114.7882646,34.75396167],[114.78830811,34.75428899],[114.78831022,34.75430486],[114.78824071,34.75537899],[114.78823054,34.75553621],[114.78821461,34.75601871],[114.78820817,34.75621379],[114.78816475,34.75752963],[114.78815805,34.75760752],[114.78813312,34.75789771],[114.78815622,34.75831136],[114.78816292,34.75843129],[114.78828631,34.7584956],[114.78841199,34.7585352],[114.7885332,34.7585734],[114.78854887,34.75859289],[114.78858326,34.75863565],[114.7885948,34.75865],[114.78859792,34.75924613],[114.78860512,34.76062539],[114.78860512,34.76062635],[114.78860535,34.76067062],[114.78860594,34.76078361],[114.78858326,34.76096095],[114.78856207,34.76112669],[114.78855888,34.7611516],[114.78841199,34.76119455],[114.78838894,34.76120129],[114.78772688,34.76119698],[114.78639906,34.76118833],[114.78639129,34.76118828],[114.78534719,34.76118146],[114.78493036,34.76115334],[114.7842201,34.7611487],[114.78344707,34.76114364],[114.78329035,34.76114261],[114.78328853,34.7611426],[114.78258342,34.76113798],[114.78161063,34.761157],[114.78156092,34.76119166],[114.78150238,34.76123249],[114.78147113,34.76141008],[114.78156092,34.76262588],[114.78159125,34.76303643],[114.78156092,34.76310573],[114.78151367,34.76321372],[114.78102435,34.76323329],[114.78090159,34.7632382],[114.78069523,34.76324645],[114.78053326,34.76326587],[114.78049444,34.76327053],[114.78043247,34.76337172],[114.78043287,34.76337896],[114.78044734,34.76363851],[114.78040246,34.76411636],[114.78039923,34.76415075],[114.7803982,34.76416169],[114.78039155,34.76423257],[114.78038416,34.76431118],[114.78036199,34.76431407],[114.78029149,34.76432327],[114.77992091,34.76432084],[114.77978188,34.76434532],[114.77973089,34.76436433],[114.77958099,34.7644202],[114.77925673,34.76441807],[114.77857735,34.7644009],[114.77855852,34.76438267],[114.77853958,34.76436433],[114.77848489,34.76431139],[114.77847794,34.76427435],[114.77840856,34.7639045],[114.77839367,34.7636605],[114.77837024,34.76327634],[114.77837014,34.76327475],[114.77836991,34.76327098],[114.77835074,34.76295666],[114.77834888,34.76292622],[114.77844155,34.76291413],[114.77876583,34.76290357],[114.7788205,34.76288147],[114.77882765,34.76287857],[114.77883935,34.7628121],[114.77883962,34.76281058],[114.77884328,34.76278978],[114.7788205,34.76277891],[114.7787353,34.76273827],[114.77845218,34.76274253],[114.77844869,34.76274258],[114.77830667,34.76274472],[114.77802594,34.76274895],[114.77756175,34.76275594],[114.77682049,34.76280184],[114.77681311,34.76281589],[114.77677398,34.76289044],[114.77678912,34.76303023],[114.77779274,34.76304955],[114.77794712,34.76306327],[114.77794705,34.76309743],[114.77794679,34.76321567],[114.77791968,34.76329673],[114.77791076,34.7633234],[114.77791001,34.76332566],[114.77790017,34.76335506],[114.77787082,34.76337896],[114.77785377,34.76339285],[114.77729573,34.76340141],[114.77723292,34.76340237],[114.77723201,34.76340239],[114.77669565,34.76341061],[114.77637679,34.76338701],[114.77626815,34.76337896],[114.7757539,34.76334089],[114.77566098,34.76346728],[114.77564089,34.76348226],[114.77559067,34.76351973],[114.77556624,34.76353795],[114.77547538,34.76360575],[114.77513557,34.7636543],[114.77511239,34.7636605],[114.77495017,34.76370387],[114.77494577,34.76374634],[114.7749344,34.76385617],[114.77493408,34.76386243],[114.77493402,34.76386359],[114.77491827,34.76417355],[114.77493332,34.76435145],[114.77497618,34.76436433],[114.77514936,34.76441638],[114.77516463,34.76449268],[114.77513746,34.76520893],[114.77513188,34.76535605],[114.77505241,34.76542076],[114.77502359,34.76544423],[114.77481978,34.76544288],[114.77478559,34.76544265],[114.7743133,34.76543953],[114.77419603,34.76540015],[114.774159,34.76538771],[114.77419603,34.76510836],[114.7742061,34.76503243],[114.77419603,34.76493562],[114.77410735,34.7640828],[114.7740956,34.76396981],[114.77409541,34.76396797],[114.77408206,34.76383958],[114.77406998,34.76372345],[114.77402475,34.76370453],[114.77397742,34.76368473],[114.77385389,34.76368392],[114.77385348,34.76368417],[114.77379205,34.76372161],[114.77379172,34.76387092],[114.77379142,34.76400581],[114.77379142,34.76400877],[114.77379141,34.7640137],[114.77385348,34.76488221],[114.7738813,34.76527157],[114.77385348,34.7652917],[114.77377329,34.7653497],[114.77374211,34.76537225],[114.77366488,34.76538444],[114.77360314,34.76537133],[114.77359444,34.7653497],[114.77352635,34.76518032],[114.77351092,34.76505759],[114.77343529,34.76445583],[114.77342184,34.76436433],[114.77337738,34.76406181],[114.77337673,34.76405742],[114.77335623,34.76391793],[114.77333965,34.7638051],[114.77332879,34.76373124],[114.77323625,34.76367982],[114.77275036,34.76368859],[114.77257166,34.76369181],[114.77256739,34.76369189],[114.77252594,34.76369264],[114.7718599,34.76370465],[114.77185707,34.7637047],[114.77169208,34.76370768],[114.77165198,34.76370286],[114.77129929,34.7636605],[114.7712444,34.7636539],[114.77118275,34.76360269],[114.77111305,34.76280272],[114.77110746,34.7627386],[114.77106917,34.76267513],[114.77101516,34.76258559],[114.77094177,34.76258511],[114.77082987,34.76258436],[114.7707705,34.76265216],[114.77075247,34.76267275],[114.77072051,34.76315513],[114.77063315,34.7632382],[114.77062767,34.76324341],[114.77040931,34.76328684],[114.77038106,34.76329245],[114.77025667,34.76331719],[114.77015699,34.76333701],[114.77007458,34.7633534],[114.77007221,34.76335387],[114.77000975,34.7633663],[114.76988238,34.76337896],[114.76983991,34.76338319],[114.76980459,34.7633867],[114.76980061,34.76338709],[114.76922901,34.76344393],[114.76905773,34.76346097],[114.76905218,34.76346152],[114.76900597,34.76341041],[114.76897617,34.7632382],[114.76888645,34.76271967],[114.76880568,34.76225283],[114.76879257,34.7621771],[114.76871518,34.76207443],[114.76863862,34.76197288],[114.76863117,34.76197129],[114.76851516,34.76194665],[114.76845419,34.76197129],[114.76842243,34.76198413],[114.76845126,34.76211206],[114.76846829,34.76218764],[114.7685439,34.76246849],[114.76863743,34.76281589],[114.76871518,34.76310467],[114.76872861,34.76315456],[114.76871518,34.76339818],[114.76871251,34.76344655],[114.76863528,34.76345874],[114.76855819,34.76340743],[114.7685439,34.76333775],[114.76846576,34.76295666],[114.76845127,34.76288602],[114.76837262,34.76277011],[114.76831277,34.7626819],[114.76820933,34.76267513],[114.76809662,34.76266775],[114.76803007,34.76259048],[114.76798174,34.76253436],[114.76794262,34.76248893],[114.76785879,34.76231298],[114.76776307,34.76211206],[114.76768752,34.76195347],[114.76762895,34.76183053],[114.76751624,34.76159395],[114.76745242,34.76146],[114.76744806,34.76145083],[114.76744768,34.76145004],[114.76742776,34.76140823],[114.76734496,34.76123443],[114.76726315,34.7610627],[114.76722657,34.76098593],[114.76722033,34.76097282],[114.76717369,34.76094049],[114.76703616,34.76084516],[114.76703533,34.76084459],[114.76702856,34.76084516],[114.76689634,34.76085636],[114.76648858,34.76092611],[114.76613897,34.76098593],[114.76580347,34.76104332],[114.76575328,34.76105191],[114.76542152,34.76112669],[114.76511837,34.76119503],[114.76479703,34.76126746],[114.76443326,34.76134946],[114.76417254,34.76140823],[114.76391943,34.76146528],[114.76384316,34.76148247],[114.76354804,34.76154899],[114.76323433,34.7616197],[114.76312697,34.7616439],[114.76289177,34.76161593],[114.76283012,34.7616086],[114.76282787,34.76160834],[114.76278737,34.76160352],[114.76276622,34.76156554],[114.76275701,34.76154899],[114.7627205,34.76148341],[114.76267326,34.76139856],[114.76267272,34.76139759],[114.76264037,34.76133948],[114.76260285,34.76127208],[114.76260099,34.76126746],[114.76257214,34.76119568],[114.76254922,34.76118744],[114.76252807,34.76117983],[114.76252738,34.76117958],[114.76246415,34.76115685],[114.76244574,34.76115854],[114.76207804,34.76119236],[114.76184655,34.76114],[114.7618157,34.76112709],[114.76176335,34.76098593],[114.76175433,34.76096158],[114.76169284,34.76093223],[114.7615384,34.76085853],[114.76151434,34.76084516],[114.76141591,34.76079046],[114.76139961,34.76078139],[114.76139731,34.76077711],[114.76135028,34.76068938],[114.76133812,34.76066668],[114.76135028,34.76048331],[114.76135101,34.76047233],[114.76135116,34.76047015],[114.76135117,34.76046989],[114.76135412,34.76042549],[114.76135028,34.76042111],[114.76117901,34.76042286],[114.76117901,34.76056363],[114.76084773,34.76056363]]]}},{"type":"Feature","properties":{"adcode":"410225101","name":"堌阳镇","type":"镇","county_code":"410225","county_name":"兰考县","source_codes":["410225101"],"geometry_method":"沿用原边界","area_km2":66.58},"geometry":{"type":"Polygon","coordinates":[[[114.98526602,34.92661012],[114.98524188,34.92627335],[114.98522918,34.92610112],[114.98521786,34.92594761],[114.98521436,34.92587466],[114.98520447,34.92566875],[114.98519466,34.9254092],[114.98517023,34.9252003],[114.98516852,34.92518568],[114.98515668,34.92499321],[114.98515187,34.92491513],[114.98514703,34.92484587],[114.98511149,34.92433706],[114.98510626,34.92426217],[114.98502304,34.92427303],[114.98481456,34.92430024],[114.98480326,34.92429228],[114.98476842,34.92426776],[114.98472949,34.92424035],[114.98472687,34.92421268],[114.98469747,34.92390179],[114.98465935,34.92361913],[114.98465662,34.92360404],[114.98457692,34.92316317],[114.98453423,34.92289339],[114.9845223,34.92281794],[114.98452203,34.92281799],[114.98444076,34.92283077],[114.98413133,34.92287942],[114.98355607,34.92296987],[114.98247424,34.92302694],[114.98222687,34.92303999],[114.98219179,34.92279189],[114.98216049,34.92254786],[114.98215105,34.92247429],[114.98206785,34.92248413],[114.98169467,34.92252826],[114.98129348,34.9225757],[114.98120727,34.92258522],[114.9809428,34.92261442],[114.98081643,34.92262838],[114.98047785,34.92266577],[114.98029445,34.92268602],[114.98022739,34.92268274],[114.98022627,34.92268268],[114.98006374,34.92267473],[114.97994851,34.92266909],[114.9795494,34.92264956],[114.97945831,34.92264511],[114.97946489,34.92272255],[114.97947544,34.9228469],[114.97949779,34.92311028],[114.97950145,34.9231598],[114.97950999,34.92327535],[114.97955762,34.92391989],[114.97956315,34.92399465],[114.97947408,34.92399441],[114.97929004,34.9239939],[114.97897425,34.92399303],[114.97897417,34.92405686],[114.9789741,34.92411712],[114.97897413,34.92411964],[114.97900232,34.92422423],[114.97844865,34.92422515],[114.97821344,34.92422554],[114.97812114,34.92422569],[114.97812325,34.92415201],[114.97812837,34.92397365],[114.97813322,34.92380499],[114.9781326,34.92365809],[114.97813094,34.9232601],[114.97812979,34.92298502],[114.97812949,34.92291462],[114.978057,34.9228774],[114.97773459,34.92271186],[114.97749681,34.92259223],[114.97721522,34.92245054],[114.97674168,34.9222053],[114.97654727,34.92209259],[114.97601349,34.92178312],[114.97591236,34.92172448],[114.97584711,34.92168665],[114.97583625,34.92160598],[114.97575658,34.92101381],[114.97574841,34.92095308],[114.97566972,34.92042193],[114.97566086,34.92036215],[114.97566085,34.92036203],[114.97566068,34.92036091],[114.97566566,34.92035607],[114.97571241,34.9203107],[114.97580865,34.9202173],[114.97582062,34.92020568],[114.97583,34.92020137],[114.97605053,34.92009998],[114.97600946,34.9199272],[114.97592535,34.9195612],[114.9758512,34.91923853],[114.97571504,34.91864044],[114.97568649,34.91851644],[114.97562728,34.9182593],[114.97561104,34.91818878],[114.9757052,34.91818712],[114.97678223,34.91816813],[114.97670855,34.9178666],[114.97650967,34.91729614],[114.97634284,34.91681763],[114.97601805,34.91684836],[114.9759747,34.91668914],[114.97593468,34.91657872],[114.97572445,34.91599863],[114.97569648,34.91592144],[114.97562228,34.91592572],[114.97487397,34.9159688],[114.97359114,34.91604264],[114.9734956,34.91604814],[114.97348881,34.91597851],[114.97344966,34.91557683],[114.97330544,34.91409728],[114.97324214,34.91396599],[114.97324573,34.91378757],[114.97324922,34.91361446],[114.97312355,34.91273876],[114.97311313,34.91266617],[114.97303502,34.91267371],[114.97294751,34.91268216],[114.970373,34.91293064],[114.9695624,34.91300886],[114.96946892,34.91301788],[114.96947316,34.91293971],[114.96953356,34.91182656],[114.96953472,34.91180515],[114.96953821,34.91174089],[114.96954425,34.91166125],[114.9696028,34.91088921],[114.96960732,34.9108295],[114.96960771,34.91082435],[114.96960775,34.91082291],[114.96960935,34.91076315],[114.96964427,34.90945651],[114.96965692,34.90898333],[114.96965906,34.90890329],[114.96966166,34.9088501],[114.96974217,34.90720587],[114.96974562,34.90713533],[114.96966402,34.90714383],[114.96793589,34.9073237],[114.96525109,34.90760309],[114.9651628,34.90761227],[114.96518205,34.90754596],[114.96519058,34.90751658],[114.96519475,34.90750221],[114.96513246,34.90708157],[114.9650572,34.90657341],[114.96503241,34.90633282],[114.96500307,34.90604806],[114.96499505,34.90597021],[114.96492005,34.90597998],[114.96363532,34.90614737],[114.96088759,34.90650531],[114.96004305,34.90661531],[114.95994137,34.90662856],[114.95996966,34.90669812],[114.96077836,34.90868593],[114.96080497,34.90875135],[114.96072505,34.90877016],[114.96060726,34.90879789],[114.96041974,34.90884202],[114.96036346,34.90885527],[114.96030412,34.90886924],[114.95976246,34.90899674],[114.95892958,34.90919279],[114.95887959,34.90920455],[114.95888774,34.90923564],[114.95901505,34.90972138],[114.95902027,34.90974127],[114.95902111,34.90974104],[114.95975038,34.90953813],[114.9599357,34.9101683],[114.95920453,34.91028122],[114.95932837,34.9106586],[114.95935083,34.91072708],[114.95927157,34.91074608],[114.95903295,34.91080327],[114.95902716,34.91080465],[114.9589871,34.9108122],[114.9585585,34.91089297],[114.95801931,34.91099457],[114.95697285,34.91119175],[114.95656837,34.91126796],[114.9565816,34.91132793],[114.95658189,34.91132925],[114.95647242,34.91134779],[114.95528461,34.91154887],[114.95521312,34.91156101],[114.95511789,34.91157717],[114.955087,34.91150404],[114.95452451,34.91017235],[114.95444837,34.9099921],[114.95442041,34.90992591],[114.95434172,34.90994694],[114.95410853,34.91000926],[114.95357587,34.9101516],[114.95356467,34.91013596],[114.95354875,34.91011372],[114.95348237,34.91002097],[114.95346328,34.90995377],[114.95345109,34.90991082],[114.9534313,34.90984114],[114.95335498,34.90986689],[114.95312601,34.90994412],[114.95290414,34.91001897],[114.95247949,34.91016221],[114.95191266,34.9103534],[114.95183269,34.91038038],[114.95179937,34.91031181],[114.95142913,34.90954987],[114.95141626,34.90952339],[114.95138508,34.90945923],[114.95134978,34.90938658],[114.95127043,34.90941044],[114.94900627,34.91009133],[114.94900856,34.91010015],[114.949029,34.91017902],[114.94906189,34.91030589],[114.94908271,34.91038619],[114.94900491,34.91041032],[114.94823221,34.91064994],[114.94676616,34.91110456],[114.94530205,34.91155856],[114.94522195,34.91158337],[114.94495962,34.91111124],[114.94493146,34.91108643],[114.94488408,34.91104467],[114.94482616,34.91099363],[114.94475049,34.9110178],[114.94397824,34.91126446],[114.94239843,34.91176906],[114.94231662,34.91179519],[114.94226718,34.91173175],[114.94217437,34.91161265],[114.94212173,34.91154699],[114.94200736,34.91140432],[114.94195793,34.91134266],[114.94191281,34.91128339],[114.94174663,34.91106512],[114.94170052,34.91100456],[114.94162205,34.91102733],[114.94066358,34.91130557],[114.9403568,34.91139463],[114.94035251,34.91139587],[114.94034822,34.91139712],[114.93943761,34.91162874],[114.93922239,34.91168348],[114.93885358,34.91177729],[114.93837291,34.91189681],[114.93830094,34.9119147],[114.93827591,34.91186186],[114.93764745,34.91053507],[114.93761977,34.91047662],[114.9376191,34.91047679],[114.93761077,34.91047901],[114.93754205,34.91049727],[114.93656456,34.91075705],[114.93649581,34.91077532],[114.93649075,34.91077667],[114.9364875,34.91077741],[114.93641788,34.91079333],[114.93578626,34.9109378],[114.93554877,34.91099212],[114.93547883,34.91100812],[114.93548055,34.91101273],[114.9354806,34.91101288],[114.93548121,34.91101451],[114.93548182,34.91101614],[114.93548188,34.91101629],[114.93550369,34.91107473],[114.93572634,34.91167123],[114.93580772,34.91188924],[114.93593966,34.91223346],[114.93611235,34.912684],[114.93613431,34.91274129],[114.93613519,34.91274357],[114.9361287,34.91274496],[114.93605874,34.9127599],[114.93577356,34.91282083],[114.93517562,34.91283227],[114.93504173,34.91283483],[114.93431917,34.91294926],[114.93387689,34.9130141],[114.93328488,34.91310088],[114.93311338,34.91312602],[114.93184977,34.91329421],[114.93181808,34.91329842],[114.93181928,34.91330903],[114.93183434,34.91344226],[114.93183592,34.91345626],[114.93184049,34.91349666],[114.93184727,34.91355665],[114.93184728,34.91355677],[114.93184773,34.91356074],[114.93184118,34.91356173],[114.93176976,34.91357252],[114.93115529,34.91366531],[114.92970484,34.91389892],[114.92916136,34.91398645],[114.92908968,34.91399799],[114.92908705,34.91399842],[114.92908595,34.91399286],[114.92907432,34.91393409],[114.92898791,34.91349762],[114.92898556,34.91349794],[114.9278191,34.91365674],[114.92774711,34.91366654],[114.9277592,34.91372294],[114.92788433,34.91430698],[114.92790605,34.91440835],[114.92791636,34.91445648],[114.92788687,34.914479],[114.92775709,34.91457806],[114.92775355,34.91458076],[114.92770324,34.91461916],[114.92770039,34.91462134],[114.9276989,34.91462156],[114.92769225,34.91462256],[114.92762734,34.91463232],[114.92762104,34.91463327],[114.92760323,34.91463594],[114.9251085,34.91501085],[114.92510178,34.91501186],[114.92508652,34.91502053],[114.92504645,34.91504331],[114.9247498,34.91521194],[114.92469036,34.91524572],[114.92468681,34.91524774],[114.92468353,34.9152502],[114.92463009,34.91529022],[114.92459692,34.91531505],[114.92486233,34.91668807],[114.92500096,34.91720847],[114.92509711,34.91764693],[114.9251301,34.91779732],[114.92528635,34.91841434],[114.92538051,34.91882244],[114.92539425,34.91888197],[114.92539432,34.9188823],[114.92539391,34.91888243],[114.92532521,34.9189037],[114.92490653,34.91903333],[114.92482643,34.91905812],[114.92455956,34.91914227],[114.92413963,34.91927467],[114.92345283,34.91949121],[114.92316683,34.91958356],[114.92292799,34.91966068],[114.92292432,34.91966186],[114.92285616,34.91968387],[114.9228533,34.9196848],[114.92285498,34.91969062],[114.92287171,34.91974849],[114.92287558,34.91976186],[114.92293982,34.91998401],[114.92301717,34.92025151],[114.923157,34.92077088],[114.92323944,34.9210857],[114.92329301,34.92129028],[114.92335142,34.92150686],[114.92342884,34.92179391],[114.9235646,34.92229123],[114.92369654,34.92278858],[114.92379397,34.92313945],[114.92381001,34.92319719],[114.92373378,34.92320641],[114.92319266,34.92327184],[114.92273637,34.92332695],[114.92221753,34.92338963],[114.92202524,34.92341271],[114.92165563,34.92345709],[114.92163379,34.92345971],[114.92156209,34.92346832],[114.92155726,34.92346889],[114.92155761,34.92347358],[114.92156201,34.92353304],[114.92156224,34.92353626],[114.92156926,34.9236311],[114.92157448,34.92409787],[114.92158392,34.92454386],[114.92158519,34.92460384],[114.92158519,34.92460394],[114.92158525,34.9246067],[114.92158325,34.92460692],[114.92151161,34.92461461],[114.92109061,34.92465982],[114.92032613,34.92474405],[114.92026067,34.92475126],[114.91938703,34.92484457],[114.91931525,34.92485223],[114.91930924,34.92485287],[114.91930948,34.92485508],[114.91931588,34.92491466],[114.91936375,34.92536048],[114.91943328,34.92575737],[114.91949192,34.92620797],[114.91957,34.92682525],[114.91955749,34.92684625],[114.91952642,34.92689846],[114.91954722,34.92704655],[114.91954632,34.92704894],[114.91952735,34.92709916],[114.91952226,34.92711263],[114.91951682,34.92712704],[114.91961812,34.92786763],[114.9196869,34.92837044],[114.91968967,34.92839066],[114.91969152,34.9284042],[114.9196932,34.92841757],[114.91976971,34.92902641],[114.91977036,34.92903153],[114.9197828,34.92913052],[114.91978984,34.92918657],[114.91979393,34.92925561],[114.91980614,34.92946158],[114.91980958,34.92951956],[114.91980981,34.92952112],[114.91981089,34.92952815],[114.91981992,34.92958722],[114.91983644,34.92969534],[114.91988447,34.93000959],[114.91989092,34.93014196],[114.91989667,34.93026004],[114.91990759,34.93035263],[114.91992229,34.93047734],[114.9199417,34.93064197],[114.91993928,34.93083003],[114.91993834,34.93090287],[114.91991419,34.93126725],[114.91990902,34.93164698],[114.9198951,34.93208618],[114.91990631,34.93215975],[114.91991752,34.93223329],[114.91992645,34.93229189],[114.92000588,34.93229278],[114.92031819,34.93229627],[114.92112672,34.93230248],[114.92144176,34.93230582],[114.921514,34.93230659],[114.9215218,34.93230667],[114.92152212,34.93230522],[114.92152215,34.93230509],[114.92153537,34.93224542],[114.92157046,34.93208704],[114.92164973,34.93172639],[114.92166308,34.93166567],[114.92166311,34.9316655],[114.92166315,34.93166533],[114.92166357,34.93166343],[114.9216636,34.93166327],[114.92166365,34.93166307],[114.9217356,34.93166931],[114.92188932,34.93168264],[114.92274671,34.93177478],[114.92280475,34.93178087],[114.92364605,34.93186907],[114.92380399,34.931883],[114.9241629,34.93191464],[114.92424212,34.93192162],[114.92424133,34.93192506],[114.92424009,34.93193044],[114.92424007,34.93193055],[114.92422649,34.93198973],[114.92421362,34.93204586],[114.9241283,34.93241782],[114.92403557,34.93291345],[114.92402942,34.93294633],[114.9239217,34.93348723],[114.92379948,34.93407016],[114.92375249,34.93433351],[114.92374189,34.93439294],[114.9237409,34.93439852],[114.92374131,34.9343986],[114.92381276,34.93441232],[114.92412091,34.93447147],[114.92412438,34.93447214],[114.92467929,34.9345567],[114.92522217,34.93463642],[114.92576504,34.93471614],[114.92605511,34.93475753],[114.92636431,34.93480166],[114.92643682,34.934812],[114.92644172,34.9348127],[114.92644003,34.93481856],[114.92642331,34.93487674],[114.92641107,34.93491932],[114.92639884,34.9349619],[114.92637654,34.93503948],[114.92632083,34.93521817],[114.92626093,34.93541028],[114.92623633,34.93549577],[114.92614854,34.93580079],[114.92603355,34.93616192],[114.92602417,34.93619138],[114.92602119,34.93620251],[114.92596669,34.93640637],[114.92610395,34.93643159],[114.92617678,34.93644497],[114.92617697,34.93644501],[114.92617717,34.93644504],[114.92617905,34.93644539],[114.92617755,34.93645215],[114.92616458,34.93651069],[114.92615963,34.93653304],[114.92612841,34.93667395],[114.92600179,34.93713115],[114.92593222,34.93740529],[114.92591743,34.9374636],[114.92591722,34.93746444],[114.92591879,34.93746449],[114.92591893,34.9374645],[114.92599215,34.93746704],[114.92621526,34.93747478],[114.92672663,34.93750229],[114.92681752,34.93750718],[114.92690227,34.93750998],[114.92770962,34.93753665],[114.92778595,34.93753917],[114.9278622,34.93754419],[114.92815669,34.93756356],[114.92890586,34.9376121],[114.92936181,34.93764686],[114.92943409,34.93765237],[114.92944014,34.93765283],[114.92943999,34.9376573],[114.92943802,34.9377172],[114.92943285,34.93787441],[114.92942595,34.93808952],[114.92941513,34.93842696],[114.9294089,34.93868201],[114.92940744,34.93874172],[114.92940736,34.93874506],[114.92941011,34.93874524],[114.92948211,34.93875],[114.9299102,34.9387783],[114.93010873,34.93879312],[114.93068943,34.93883646],[114.93120613,34.93887726],[114.93142974,34.93889491],[114.93212173,34.9389443],[114.93228302,34.93895581],[114.93235498,34.93896095],[114.93236363,34.93896156],[114.93243558,34.93896744],[114.93279362,34.9389967],[114.9331381,34.93902485],[114.93322022,34.93903106],[114.93370565,34.93906772],[114.9337797,34.93907332],[114.93377989,34.93907333],[114.93378064,34.93907339],[114.93378009,34.93908007],[114.93377519,34.93913952],[114.93375734,34.93935609],[114.93374803,34.93946901],[114.93370756,34.93986143],[114.93366708,34.94025386],[114.93362661,34.94064628],[114.93358614,34.94103871],[114.93355236,34.94136395],[114.93354564,34.94142866],[114.93351074,34.94176935],[114.93350519,34.94182355],[114.93346475,34.94221845],[114.9334243,34.94261334],[114.93341765,34.94268341],[114.93338775,34.94299867],[114.933387,34.94300657],[114.93338685,34.9430082],[114.93338618,34.94301446],[114.93335577,34.9433008],[114.93334947,34.94336013],[114.93334891,34.94336533],[114.93334486,34.94336584],[114.93327291,34.94337491],[114.93318427,34.94338609],[114.93284735,34.94342859],[114.93280994,34.9434333],[114.93283891,34.94345598],[114.93449276,34.94475049],[114.93443246,34.94482171],[114.9343678,34.94489808],[114.93436707,34.94491318],[114.93436224,34.94501331],[114.93435682,34.94512568],[114.93434197,34.94543354],[114.93431699,34.94604452],[114.93429202,34.9466555],[114.93428888,34.94672185],[114.93427478,34.94701921],[114.93426306,34.94726652],[114.93425529,34.94749286],[114.93424207,34.94787747],[114.93423028,34.94810026],[114.93421252,34.94843594],[114.93418754,34.94904692],[114.93417275,34.94939345],[114.93417021,34.9494529],[114.93417016,34.94945413],[114.93416674,34.94945414],[114.93409349,34.94945449],[114.93381108,34.94945585],[114.93361701,34.94945538],[114.93307445,34.94945406],[114.93277889,34.94945817],[114.93247803,34.94946236],[114.93228107,34.94948328],[114.93220939,34.9494909],[114.93220335,34.94949154],[114.9322033,34.94949413],[114.93220217,34.94955386],[114.93219239,34.95007113],[114.93218881,34.9502609],[114.93218015,34.95088033],[114.93217932,34.95093995],[114.93217927,34.95094287],[114.93217608,34.95094342],[114.93210526,34.95095562],[114.93121417,34.95110913],[114.93029626,34.95127095],[114.9302358,34.95128161],[114.93023562,34.95128149],[114.93022542,34.95127492],[114.93021715,34.9512696],[114.93021146,34.95126594],[114.93017221,34.95127122],[114.92994812,34.95130136],[114.92980229,34.95132098],[114.92930232,34.95139978],[114.92902901,34.95144098],[114.92861699,34.95150307],[114.92809562,34.95156649],[114.92785798,34.95159539],[114.92751256,34.95164686],[114.92721866,34.95169066],[114.9270013,34.95172305],[114.92689557,34.95174651],[114.92643697,34.95184826],[114.92642856,34.95185012],[114.9264237,34.95185253],[114.92621222,34.95195736],[114.92614991,34.95198825],[114.92614908,34.95198866],[114.92615095,34.95199358],[114.9261728,34.95205085],[114.92650226,34.95291449],[114.92677499,34.9535602],[114.92686801,34.95378509],[114.92689113,34.95384096],[114.92682121,34.95386277],[114.92645933,34.95397562],[114.92644471,34.95398018],[114.92206826,34.95534484],[114.92199867,34.95536654],[114.92199948,34.95536815],[114.92200243,34.95537394],[114.92203057,34.95542924],[114.92213085,34.95562629],[114.92222198,34.95576129],[114.922283,34.95585166],[114.92245282,34.95617298],[114.92255915,34.95637416],[114.92267225,34.95659451],[114.9226762,34.95660223],[114.92268016,34.95660994],[114.92269731,34.95664335],[114.92276599,34.95674218],[114.92285665,34.9570793],[114.92302395,34.95736417],[114.92310166,34.95743078],[114.92313725,34.95746128],[114.92318739,34.95750426],[114.92319182,34.95750806],[114.92318572,34.95750568],[114.92312044,34.95748015],[114.92294727,34.95741244],[114.92255647,34.95742733],[114.92163011,34.95746217],[114.92076651,34.95749653],[114.92074629,34.95749776],[114.91992553,34.95754751],[114.91985129,34.957552],[114.91985119,34.95755213],[114.91984658,34.95755813],[114.91980791,34.95760844],[114.91976383,34.95766578],[114.91978685,34.95810654],[114.91979129,34.95826626],[114.91979383,34.95835726],[114.91979115,34.9584567],[114.91978544,34.95866901],[114.91978378,34.95873047],[114.9197837,34.95879388],[114.91978281,34.95945215],[114.91978259,34.95961494],[114.91978257,34.95962812],[114.91978846,34.95971178],[114.91979217,34.95976448],[114.9198049,34.95994508],[114.91980399,34.95996771],[114.91978041,34.96055631],[114.91975255,34.96111872],[114.91974975,34.96117532],[114.91974499,34.96123373],[114.91972026,34.96153772],[114.91971472,34.96160567],[114.91971381,34.96166322],[114.91971004,34.96190174],[114.9197091,34.9619614],[114.91970899,34.9619682],[114.91970892,34.96197243],[114.91963094,34.96196506],[114.91859566,34.96186728],[114.91661159,34.96173239],[114.91653879,34.96172744],[114.91653889,34.96172885],[114.9165389,34.96172901],[114.91653907,34.96173161],[114.91653908,34.96173177],[114.91653909,34.96173194],[114.91654316,34.96179328],[114.91655605,34.96198739],[114.91657013,34.96219958],[114.91657447,34.96226501],[114.91657991,34.96232477],[114.91665952,34.96319938],[114.91670712,34.96381781],[114.91675187,34.96435057],[114.91678655,34.96476343],[114.91678588,34.96477742],[114.91677637,34.96497585],[114.91677358,34.96503425],[114.9168304,34.96507561],[114.91832908,34.96616649],[114.91838028,34.96620376],[114.91830369,34.96620459],[114.91788221,34.96620914],[114.91738749,34.96621448],[114.91556197,34.96623416],[114.91493485,34.96624091],[114.91414704,34.96624908],[114.91321498,34.96625873],[114.91313462,34.96625956],[114.91313597,34.96626087],[114.91314163,34.96626635],[114.9131884,34.96631171],[114.91333436,34.96645327],[114.91368442,34.96679275],[114.9137318,34.96683869],[114.913735,34.9668418],[114.91373007,34.96684565],[114.91367741,34.96688679],[114.91340558,34.96709918],[114.91267313,34.96767187],[114.91248538,34.96781864],[114.91242978,34.9678621],[114.91236852,34.96790023],[114.91151531,34.9684313],[114.91116848,34.9686521],[114.91093167,34.96880286],[114.91077557,34.96889589],[114.91062216,34.96898731],[114.91057909,34.96901298],[114.91050406,34.96905769],[114.910434,34.96909944],[114.91037664,34.96912271],[114.90825113,34.96998485],[114.90784663,34.97013981],[114.90778026,34.97016524],[114.90755217,34.97025262],[114.90748356,34.9702789],[114.90741011,34.97027522],[114.90732323,34.97027086],[114.90731287,34.97027706],[114.90719041,34.97035046],[114.90641843,34.97065829],[114.90563277,34.97097156],[114.90550281,34.97102338],[114.9051772,34.97116473],[114.90379259,34.97176577],[114.90372866,34.97179352],[114.90372305,34.97179595],[114.90372508,34.97179908],[114.90375923,34.97185189],[114.90385324,34.97199726],[114.9038893,34.97205302],[114.90388889,34.97205319],[114.90388104,34.97205637],[114.90381685,34.97208237],[114.9038162,34.97208263],[114.90258346,34.97258195],[114.90091014,34.97325864],[114.90065196,34.97335464],[114.90055782,34.97338964],[114.90057256,34.97345389],[114.90064304,34.97376116],[114.90065353,34.97380689],[114.90074471,34.97441705],[114.9008184,34.97491017],[114.90088006,34.97541143],[114.90092323,34.97576234],[114.90095004,34.97593422],[114.90101446,34.97634713],[114.90105675,34.97661822],[114.9011842,34.97749487],[114.90119298,34.97755529],[114.90119304,34.97755613],[114.90119305,34.9775563],[114.90119322,34.97755906],[114.90119323,34.97755922],[114.90119707,34.97762058],[114.90119981,34.9776644],[114.90120122,34.97766382],[114.90760553,34.97504189],[114.91035289,34.97391696],[114.91154553,34.9734286],[114.91344746,34.97265081],[114.91390216,34.97246486],[114.91422112,34.97233442],[114.91428582,34.97230796],[114.91429366,34.97230475],[114.91435301,34.97228048],[114.91433254,34.97225401],[114.91432084,34.97223889],[114.91431027,34.97222523],[114.9142035,34.97208724],[114.91412772,34.97198929],[114.91392255,34.97172412],[114.91370743,34.97145072],[114.91309941,34.97067797],[114.91280268,34.97030085],[114.91277896,34.9702707],[114.91240096,34.96989738],[114.91303934,34.96994428],[114.9145721,34.97005689],[114.91482375,34.97007538],[114.91582665,34.97016384],[114.91593831,34.97017369],[114.9163432,34.9702094],[114.91776756,34.97033502],[114.9203417,34.970562],[114.92045783,34.97058782],[114.9210504,34.97071959],[114.92107543,34.97072516],[114.92107966,34.97072356],[114.92112878,34.97070502],[114.92121761,34.9706715],[114.92121779,34.97067143],[114.9224232,34.9702165],[114.92243269,34.97023302],[114.92484709,34.97443685],[114.92485584,34.97445208],[114.92505432,34.97479765],[114.92618841,34.97677207],[114.92694269,34.97817407],[114.92694957,34.97818686],[114.92788769,34.97993049],[114.92815885,34.98035675],[114.92840134,34.98073794],[114.92843486,34.98079064],[114.92843893,34.98079703],[114.92845476,34.98082192],[114.92850901,34.98081523],[114.9288265,34.98077606],[114.92885202,34.98077291],[114.92987339,34.98074394],[114.93009037,34.98073778],[114.93018363,34.98079461],[114.93069528,34.98110633],[114.9317313,34.98173741],[114.9317903,34.98177345],[114.93380284,34.9829995],[114.93398977,34.98311338],[114.9343075,34.98330693],[114.9350115,34.98374444],[114.93543708,34.98400891],[114.93545321,34.98401894],[114.93545439,34.98401967],[114.93554162,34.98428227],[114.93570608,34.98477736],[114.93570791,34.98477755],[114.93573517,34.98478052],[114.93606293,34.98481615],[114.93624015,34.98540761],[114.93626951,34.98549533],[114.93629671,34.98557659],[114.93640759,34.98590782],[114.936583,34.9860907],[114.9368481,34.98628568],[114.93688689,34.98630248],[114.93689767,34.98630715],[114.93700874,34.98665843],[114.93709069,34.98691761],[114.93720912,34.98722662],[114.93750571,34.98800075],[114.93756608,34.98815831],[114.93766471,34.98841571],[114.93773764,34.98859461],[114.93785021,34.98887072],[114.93785029,34.9888709],[114.93789888,34.9889901],[114.93795956,34.98913894],[114.93808901,34.98945644],[114.93885467,34.98924513],[114.93995268,34.98894209],[114.94175069,34.98844585],[114.94191228,34.98840125],[114.94195183,34.98839612],[114.94204414,34.98838416],[114.94204712,34.98838377],[114.9420855,34.9883788],[114.94220627,34.98844806],[114.94271133,34.98882632],[114.9436965,34.98950045],[114.94394548,34.98953342],[114.94401798,34.98954675],[114.94423835,34.98966623],[114.94447425,34.98982682],[114.94533607,34.99054295],[114.94547215,34.9906131],[114.94570765,34.99060668],[114.95076665,34.99002202],[114.95077208,34.9900214],[114.95172319,34.98991145],[114.95183186,34.98990998],[114.95188511,34.98990927],[114.95195325,34.98994387],[114.95198407,34.99001833],[114.95196226,34.99011574],[114.95193504,34.99023735],[114.95192118,34.99029926],[114.95190198,34.99038505],[114.95177401,34.99090877],[114.95174312,34.99105569],[114.95171072,34.99120975],[114.95159796,34.99174602],[114.95142675,34.99238842],[114.9514213,34.9924123],[114.95137487,34.99261572],[114.95131422,34.99288144],[114.95125253,34.99315175],[114.95120418,34.99338919],[114.95119556,34.99343152],[114.95118128,34.99350168],[114.95112187,34.99379342],[114.950772,34.9953887],[114.95139748,34.99552697],[114.95224306,34.9956824],[114.9524794,34.99572283],[114.95338237,34.99587729],[114.95427027,34.99602916],[114.95446926,34.99605758],[114.95543261,34.9961952],[114.9554376,34.99619591],[114.95567735,34.99623016],[114.9557265,34.99609374],[114.95591587,34.99499092],[114.95609947,34.99379473],[114.95626677,34.99275833],[114.95628962,34.9927678],[114.95632044,34.99278058],[114.95633281,34.99278571],[114.95664879,34.99298309],[114.95715431,34.99318366],[114.95764496,34.99339599],[114.95814899,34.99365655],[114.95850606,34.9939164],[114.95860479,34.99398825],[114.95862178,34.99400061],[114.96015692,34.99472359],[114.9603663,34.9948222],[114.96055689,34.99483271],[114.96070852,34.99484107],[114.96099265,34.99485674],[114.96110462,34.99485862],[114.96111009,34.99485871],[114.96134258,34.99486262],[114.96213936,34.994832],[114.9621828,34.99483034],[114.96296291,34.99480035],[114.96328105,34.99478813],[114.96329901,34.99478744],[114.96335768,34.99478404],[114.96373234,34.99476234],[114.96426308,34.9947316],[114.9657595,34.99497276],[114.9659259,34.99501703],[114.96598155,34.99503183],[114.96606814,34.9950462],[114.96693387,34.99501386],[114.96765322,34.99487549],[114.96772592,34.99485621],[114.96809788,34.99475758],[114.96848194,34.99462612],[114.96888277,34.99443226],[114.96932612,34.99412664],[114.96933992,34.99411712],[114.96950374,34.99396004],[114.96980784,34.99367367],[114.96987217,34.99360712],[114.9699847,34.99349068],[114.97033542,34.9931278],[114.97073644,34.99261742],[114.9709051,34.99240034],[114.97092192,34.99237868],[114.97099602,34.9922833],[114.97113513,34.99223054],[114.97127296,34.99217827],[114.97139964,34.99213022],[114.97181305,34.99204311],[114.97221783,34.99184304],[114.97248673,34.99159369],[114.97249074,34.99158896],[114.97255863,34.99150873],[114.97269854,34.99134339],[114.9728995,34.99104015],[114.97296113,34.99094715],[114.97320163,34.99058423],[114.97341382,34.99026404],[114.97381389,34.98966031],[114.9738911,34.98959442],[114.97390977,34.98957849],[114.97410562,34.98941134],[114.97433827,34.98929101],[114.97434097,34.98928961],[114.97451061,34.98920186],[114.97499112,34.98917228],[114.97577696,34.98913055],[114.97579685,34.98912949],[114.9762036,34.98910789],[114.97668365,34.98909709],[114.97849513,34.9889463],[114.97869789,34.98893987],[114.97874974,34.98896817],[114.97884179,34.98949406],[114.97889694,34.99040447],[114.98104535,34.99015702],[114.98109232,34.99017815],[114.98109466,34.9901792],[114.9810956,34.99017962],[114.98120636,34.99118485],[114.98120699,34.99119057],[114.98122917,34.99139192],[114.98287662,34.99124456],[114.98441657,34.99103746],[114.98455466,34.99100651],[114.98476316,34.99082143],[114.98476961,34.9908157],[114.98502747,34.99058679],[114.9851575,34.99047136],[114.98545725,34.99043645],[114.98667126,34.99042913],[114.98742237,34.99088976],[114.99050028,34.9910054],[114.99061547,34.99104643],[114.99065592,34.99121098],[114.99065684,34.9912147],[114.99083107,34.99192354],[114.99095746,34.9924377],[114.99097789,34.99252084],[114.99107716,34.99249892],[114.99134961,34.99243876],[114.99139911,34.99242783],[114.99197927,34.99229971],[114.9926379,34.99212446],[114.99258299,34.99138865],[114.99256487,34.99114594],[114.99270642,34.99111584],[114.99276789,34.99110276],[114.99277253,34.99110258],[114.99285145,34.9910995],[114.99300486,34.99109352],[114.99307575,34.99109075],[114.99456297,34.99103272],[114.99508058,34.99100803],[114.99575243,34.99095265],[114.99629702,34.99081538],[114.99646036,34.99077054],[114.99719057,34.99057769],[114.99803009,34.99033428],[114.99864993,34.9901652],[114.99978507,34.98984089],[115.00037593,34.98969471],[115.00069664,34.98966825],[115.00135254,34.98942206],[115.00263244,34.98894166],[115.00290123,34.98884077],[115.00319604,34.98873012],[115.00326279,34.98870506],[115.00326292,34.98870501],[115.00326857,34.98870289],[115.0033082,34.98868801],[115.00327601,34.98863931],[115.00310464,34.98838003],[115.00309079,34.98835908],[115.00227394,34.98712321],[115.00233505,34.98702458],[115.00240005,34.98691965],[115.00284982,34.9861937],[115.00319336,34.98563919],[115.0044404,34.98362628],[115.00533329,34.98358301],[115.00541102,34.98255337],[115.00541136,34.98254895],[115.00547166,34.98175017],[115.00550015,34.98150849],[115.00550022,34.98150793],[115.00550121,34.98149954],[115.00648629,34.9814361],[115.00655367,34.98143176],[115.00662431,34.98142721],[115.00693505,34.9814072],[115.00660248,34.97965879],[115.00660192,34.97965585],[115.00658121,34.97954695],[115.00680634,34.97951548],[115.00680729,34.97951534],[115.00707572,34.97947781],[115.00692462,34.97893445],[115.00675825,34.9789488],[115.00675748,34.97894887],[115.00447881,34.97914537],[115.00427611,34.97782848],[115.005031,34.97766704],[115.00502153,34.97721016],[115.00502019,34.97714531],[115.00506145,34.97714224],[115.00513675,34.97713663],[115.00576829,34.97708961],[115.00679194,34.97701339],[115.00980815,34.97678875],[115.01007036,34.97676922],[115.01012566,34.9767651],[115.01023627,34.97675686],[115.01033345,34.97674962],[115.01032331,34.97666597],[115.01027477,34.97626574],[115.01025645,34.97605295],[115.01098958,34.97590444],[115.01102246,34.97589778],[115.01262754,34.97557261],[115.01263832,34.97557042],[115.01264927,34.97511726],[115.01264977,34.9750966],[115.01266415,34.97450187],[115.01267158,34.97419495],[115.01267159,34.97419418],[115.012678,34.97392913],[115.01500128,34.9737426],[115.015008,34.97374206],[115.01507626,34.97373658],[115.01509286,34.97350248],[115.01509316,34.97349831],[115.01511184,34.97323491],[115.01607855,34.97326634],[115.01614586,34.97326853],[115.01625899,34.9732722],[115.01626515,34.97323113],[115.01625456,34.97292236],[115.01620516,34.97148228],[115.01620338,34.97143023],[115.01620151,34.97137573],[115.01619322,34.97113408],[115.01840062,34.97117667],[115.02028446,34.97121298],[115.02036876,34.9712146],[115.02058117,34.9712187],[115.02062126,34.97093617],[115.02062153,34.97093426],[115.02066595,34.97062125],[115.02190915,34.97064152],[115.0221105,34.96857598],[115.02211127,34.9685681],[115.02212247,34.96845317],[115.02236862,34.9684736],[115.0233196,34.96855252],[115.02331392,34.96866904],[115.02331357,34.96867635],[115.02313587,34.97232278],[115.02476731,34.97247332],[115.02484224,34.97248023],[115.02491537,34.97248698],[115.02491592,34.97248025],[115.02504128,34.97095628],[115.02504388,34.97092472],[115.02521369,34.96886022],[115.02526181,34.968863],[115.02531075,34.96886584],[115.02537708,34.96886968],[115.02666302,34.96894414],[115.02742282,34.96898812],[115.02742306,34.96897709],[115.02742345,34.96895907],[115.02743534,34.96871527],[115.02743602,34.96870127],[115.02752784,34.96681924],[115.0275546,34.96627068],[115.02765111,34.96429234],[115.0276532,34.96424955],[115.02768007,34.96369881],[115.02768221,34.96365493],[115.0277468,34.96233077],[115.0277497,34.96227133],[115.02774987,34.96226794],[115.02774547,34.9622679],[115.02767322,34.96226726],[115.02675925,34.96225914],[115.02673297,34.9622589],[115.0266607,34.96225826],[115.02665629,34.96225822],[115.02665597,34.96225498],[115.02665012,34.96219569],[115.02650445,34.96071922],[115.0264986,34.96065993],[115.02649827,34.96065663],[115.0265027,34.96065583],[115.02657328,34.96064304],[115.02729218,34.96051282],[115.02786742,34.96040861],[115.0279111,34.9604007],[115.02793058,34.96039717],[115.02798167,34.96038792],[115.02798599,34.96038713],[115.02798683,34.96038349],[115.02800027,34.96032505],[115.02800753,34.96029353],[115.02801209,34.96027368],[115.02791218,34.95970547],[115.02782072,34.95971134],[115.02777272,34.95971441],[115.02390029,34.95996265],[115.02382823,34.95996727],[115.02382392,34.95996755],[115.0238235,34.95996433],[115.02381562,34.9599052],[115.02375023,34.95941414],[115.02360954,34.95835751],[115.02355395,34.95788186],[115.02354348,34.95779227],[115.02344999,34.95780329],[115.02165732,34.95801469],[115.02153983,34.95802854],[115.0215561,34.9581068],[115.02160817,34.95835735],[115.02178597,34.95954969],[115.02181646,34.95980478],[115.02182354,34.95986398],[115.021824,34.95986784],[115.02182139,34.95987044],[115.02177531,34.95991627],[115.0217655,34.95992601],[115.02175915,34.95993232],[115.0209804,34.96004282],[115.02097765,34.96003974],[115.02097573,34.96003759],[115.02083865,34.95988437],[115.0195776,34.95835715],[115.01839237,34.95701759],[115.0179274,34.95656414],[115.01696085,34.95562152],[115.01713215,34.95565359],[115.01762073,34.95574507],[115.01763223,34.95574722],[115.01794507,34.95580579],[115.01793063,34.95573362],[115.01790826,34.95562177],[115.01781294,34.95514525],[115.01775496,34.95485545],[115.01774407,34.95480097],[115.01780617,34.95473912],[115.01829412,34.95425312],[115.01845036,34.95409401],[115.01883834,34.95369891],[115.01897847,34.95356113],[115.01936588,34.9531802],[115.01941521,34.9531317],[115.0194021,34.95306225],[115.01937683,34.95292827],[115.01936033,34.95284084],[115.0192987,34.95244786],[115.01929186,34.95240424],[115.01926838,34.95232577],[115.01921394,34.9521439],[115.01905057,34.95168216],[115.01895885,34.95140974],[115.01882793,34.95102094],[115.01859829,34.9503668],[115.01841895,34.94986518],[115.01834526,34.94965906],[115.01830861,34.94955321],[115.01817514,34.94916766],[115.01802271,34.94872736],[115.0180076,34.94868833],[115.01769887,34.94789112],[115.01767363,34.94782596],[115.01776475,34.94780503],[115.01876515,34.94757523],[115.01984798,34.94732649],[115.02156088,34.94692731],[115.02161549,34.94691352],[115.02175062,34.94687939],[115.02208665,34.94679452],[115.02273487,34.94666902],[115.02326671,34.94656606],[115.02440731,34.94635351],[115.02453009,34.94633063],[115.02614136,34.94602358],[115.02632416,34.9459808],[115.02637562,34.94596876],[115.02636489,34.94591114],[115.0262438,34.94526106],[115.02617128,34.94488898],[115.0260959,34.94450224],[115.02608702,34.94447139],[115.02604884,34.94433873],[115.02602584,34.94425884],[115.02595817,34.94426536],[115.02521848,34.94433657],[115.02519781,34.94433856],[115.02412769,34.94443173],[115.02404917,34.9444389],[115.02404853,34.94443542],[115.02392192,34.94374112],[115.02381944,34.94317912],[115.02373454,34.94268547],[115.02369747,34.94246996],[115.02367487,34.94234776],[115.02366788,34.94230995],[115.0236649,34.94229384],[115.02356634,34.94176087],[115.02344132,34.94105174],[115.02326848,34.94007022],[115.02320667,34.93971151],[115.02317695,34.93953906],[115.02317439,34.9395242],[115.02315661,34.93942947],[115.0230563,34.93889512],[115.02304462,34.93885308],[115.02302802,34.93879329],[115.02296224,34.93875042],[115.02295334,34.93874462],[115.02260191,34.93879363],[115.0224712,34.93881186],[115.02246252,34.93881307],[115.02231428,34.93792388],[115.0223134,34.93791865],[115.02227937,34.93771453],[115.02227635,34.9376964],[115.02225787,34.93759154],[115.02222137,34.9373844],[115.02222067,34.9373804],[115.02213054,34.93686888],[115.02198969,34.9360716],[115.02192555,34.93571642],[115.02191538,34.93568865],[115.02189121,34.93562269],[115.0218251,34.93561635],[115.02175078,34.93560922],[115.02174042,34.93560823],[115.02156957,34.93563256],[115.0212644,34.93567602],[115.02102029,34.93571078],[115.02044928,34.93579504],[115.0191214,34.93598403],[115.01852499,34.93606834],[115.0173715,34.93623141],[115.01677712,34.93631786],[115.01677447,34.93631825],[115.01670564,34.93632826],[115.01670332,34.9363286],[115.0166977,34.93632941],[115.01669473,34.93632984],[115.01667313,34.93633299],[115.01668592,34.93639166],[115.01668598,34.9363919],[115.01672067,34.93655094],[115.01674297,34.93672358],[115.01679687,34.93714064],[115.01682678,34.93737346],[115.01683782,34.93745946],[115.01675168,34.93746588],[115.0165713,34.93747932],[115.0165424,34.93748234],[115.01597993,34.937541],[115.01597206,34.93754182],[115.01590028,34.93754931],[115.01589839,34.9375495],[115.01589735,34.93754441],[115.01575727,34.93686173],[115.01569074,34.93658273],[115.01567765,34.93652785],[115.01562027,34.93653426],[115.01524584,34.93657605],[115.01524142,34.93657654],[115.01535113,34.93732258],[115.01535175,34.93732679],[115.01453649,34.9373957],[115.01430369,34.93741538],[115.01396092,34.93744435],[115.01306546,34.93752772],[115.01233157,34.93759605],[115.01191996,34.93763052],[115.01137035,34.93767654],[115.01129847,34.93768256],[115.0112898,34.93768328],[115.01126929,34.937685],[115.01125915,34.9376272],[115.01123618,34.93749629],[115.01127064,34.93732233],[115.01113115,34.93678274],[115.01112602,34.9367629],[115.01110089,34.93666568],[115.0110866,34.93661041],[115.01104262,34.93661107],[115.01068883,34.93661636],[115.01050307,34.93661914],[115.01010571,34.93664371],[115.00977708,34.93666402],[115.00947529,34.9366774],[115.00860634,34.93671591],[115.00799762,34.93674288],[115.00675827,34.93680453],[115.00668498,34.93680817],[115.00667886,34.93680848],[115.00667871,34.93680848],[115.00664009,34.9368104],[115.00661018,34.93678902],[115.00640887,34.93664507],[115.00640657,34.93664343],[115.00580253,34.93628562],[115.005558,34.93614077],[115.00555749,34.93614035],[115.00553723,34.93612391],[115.00548483,34.93608138],[115.00548063,34.93607797],[115.00546972,34.93606911],[115.005404,34.93607751],[115.00461799,34.93617792],[115.00460253,34.9361814],[115.00453229,34.93619722],[115.00452509,34.93619885],[115.00449931,34.93620465],[115.00448902,34.93614193],[115.00442467,34.93574951],[115.00439672,34.93561528],[115.00431115,34.93520432],[115.00429885,34.93514526],[115.00429756,34.93513906],[115.00429704,34.93513654],[115.00422123,34.93515576],[115.00407669,34.93519239],[115.00388262,34.93524157],[115.00380654,34.93490303],[115.00373279,34.93459315],[115.00359267,34.9340043],[115.00356643,34.9338917],[115.0033974,34.9331662],[115.00338376,34.93310768],[115.00338217,34.93310085],[115.0033784,34.93308466],[115.00330804,34.93309611],[115.00315386,34.9331212],[115.00258395,34.9331717],[115.00162486,34.93325666],[115.00151451,34.93328318],[115.00145902,34.93329651],[115.00145196,34.93320473],[115.00144116,34.9330643],[115.00144087,34.93306054],[115.00143863,34.93306041],[115.00135918,34.93305578],[115.00137278,34.93230737],[115.0013745,34.93221253],[115.00135169,34.93223045],[115.00134723,34.93223395],[115.00125195,34.93224306],[115.00113023,34.93225471],[115.00051393,34.93231368],[115.00020118,34.93234275],[114.99980118,34.93237994],[114.99978956,34.93237867],[114.99978141,34.93237778],[114.99969388,34.93208941],[114.99967418,34.93202449],[114.99958515,34.93203322],[114.99875723,34.93211441],[114.99789815,34.93220741],[114.99675459,34.93233293],[114.99658185,34.93235725],[114.99658017,34.93235749],[114.99644591,34.93153957],[114.99643237,34.9314571],[114.99635309,34.93146646],[114.99482686,34.93164654],[114.99473388,34.93165751],[114.99473483,34.93168734],[114.99473614,34.9317285],[114.99474076,34.93187309],[114.99475689,34.9323787],[114.99475918,34.93245057],[114.99467793,34.93245784],[114.99387025,34.93253008],[114.99321291,34.93258887],[114.99250658,34.93265185],[114.99218055,34.93268093],[114.99217451,34.93268146],[114.9922495,34.93305133],[114.99226166,34.93311129],[114.99219292,34.93313193],[114.99210771,34.93315751],[114.99210658,34.93315785],[114.99145841,34.93323422],[114.99145683,34.93322583],[114.99139298,34.93288643],[114.99139086,34.93287516],[114.99125798,34.93220349],[114.99124119,34.93212458],[114.99121321,34.93199317],[114.99120387,34.93194931],[114.99105292,34.93118901],[114.99100833,34.93095583],[114.99096818,34.93074587],[114.99088355,34.93031207],[114.99086518,34.93023731],[114.99084472,34.93015409],[114.99082894,34.93008988],[114.99075279,34.93010596],[114.99041113,34.9301781],[114.99016897,34.93021017],[114.98964981,34.93027893],[114.98955881,34.93029098],[114.9895406,34.93022638],[114.98944623,34.92989162],[114.9893102,34.92919193],[114.98921419,34.92851762],[114.98914973,34.92810935],[114.9890267,34.92754685],[114.98898948,34.92711743],[114.98898189,34.92702997],[114.98890336,34.92703837],[114.98804663,34.92713006],[114.98768179,34.92716911],[114.98724091,34.92720662],[114.98668527,34.9272539],[114.98657909,34.92726293],[114.98635299,34.92728217],[114.98574413,34.92730809],[114.9853863,34.92732332],[114.98529659,34.92732714],[114.98529381,34.92726194],[114.98527262,34.92676488],[114.98526602,34.92661012]]]}},{"type":"Feature","properties":{"adcode":"410225102","name":"南彰镇","type":"镇","county_code":"410225","county_name":"兰考县","source_codes":["410225102"],"geometry_method":"沿用原边界","area_km2":74.6436},"geometry":{"type":"Polygon","coordinates":[[[115.14781553,34.8822935],[115.14781532,34.88229427],[115.14779602,34.88236394],[115.14771282,34.88236323],[115.14747917,34.88236126],[115.14737999,34.88236071],[115.14673441,34.88235717],[115.14672613,34.88235712],[115.14673777,34.88292766],[115.14673818,34.88294777],[115.14675573,34.88299621],[115.14666615,34.88299794],[115.14665395,34.88299818],[115.14485965,34.88281503],[115.14396121,34.8827242],[115.14326367,34.88265368],[115.14273669,34.88260059],[115.14184529,34.88251079],[115.14108882,34.88243457],[115.14092772,34.88241797],[115.1393437,34.88225465],[115.13925459,34.88224546],[115.13926957,34.88232251],[115.13934028,34.88268627],[115.13936969,34.8828376],[115.13946955,34.88340125],[115.13954288,34.88381512],[115.13980928,34.88528431],[115.13982046,34.88534594],[115.13984019,34.88545477],[115.13993554,34.88597835],[115.14005792,34.88665033],[115.14020314,34.88745176],[115.14020212,34.88745964],[115.14019324,34.88752795],[115.1402711,34.88750762],[115.14045207,34.88746036],[115.1409705,34.88732497],[115.14109315,34.88830543],[115.14116575,34.88888723],[115.14124924,34.8895567],[115.14125146,34.8895737],[115.14133225,34.8901916],[115.14135506,34.89038063],[115.14141975,34.89091688],[115.14156125,34.8920765],[115.14156477,34.89210533],[115.14158407,34.89226353],[115.14176922,34.8937808],[115.14177264,34.89379425],[115.14179049,34.89386441],[115.14186662,34.89389515],[115.14187058,34.89389675],[115.14187089,34.89389687],[115.14237188,34.89394536],[115.14238165,34.89395636],[115.14238827,34.89396383],[115.14239429,34.89401183],[115.14242093,34.89422417],[115.14253125,34.8949652],[115.14260735,34.89551655],[115.14263171,34.89569303],[115.1426482,34.89579893],[115.14265779,34.89586052],[115.1426909,34.89607311],[115.14270159,34.89614175],[115.14278643,34.89614373],[115.14279068,34.89614279],[115.14359628,34.89596511],[115.14395781,34.89588536],[115.14463686,34.89573801],[115.14475921,34.89571232],[115.14508676,34.89564353],[115.1451795,34.89562406],[115.14517553,34.89569556],[115.14517537,34.89569837],[115.14525765,34.89629435],[115.14527585,34.89642619],[115.14528761,34.89651897],[115.14538993,34.89732625],[115.14542677,34.89761699],[115.14543609,34.89769047],[115.14551632,34.89768388],[115.14560417,34.89767667],[115.14603677,34.89764117],[115.14736174,34.89751697],[115.14819026,34.89744001],[115.14828356,34.89743321],[115.14898385,34.89738224],[115.149078,34.89737538],[115.1490872,34.89744059],[115.14915623,34.89792991],[115.14916627,34.89800112],[115.14916649,34.89800263],[115.14857573,34.89804989],[115.14818627,34.89808104],[115.14560037,34.89829425],[115.14559437,34.89829606],[115.14559339,34.89829635],[115.14550641,34.89832246],[115.14551768,34.89838944],[115.14571011,34.89953269],[115.14572215,34.89960418],[115.14579767,34.89960842],[115.14580585,34.89960888],[115.14671824,34.89952582],[115.14770474,34.89943406],[115.14868053,34.89934854],[115.14875903,34.89934166],[115.14891998,34.89932707],[115.14938126,34.89928525],[115.14947135,34.89928097],[115.14956137,34.8992767],[115.14956707,34.89934513],[115.14959691,34.89970345],[115.14961656,34.90003358],[115.14962754,34.90021804],[115.14963279,34.90030624],[115.14963858,34.90040353],[115.14964285,34.90047513],[115.14955633,34.90049321],[115.14954111,34.90049639],[115.14939901,34.90050534],[115.14854006,34.90055945],[115.14788174,34.90059995],[115.14761375,34.90061644],[115.14633313,34.90069284],[115.14625575,34.90069949],[115.14593887,34.90072674],[115.14592939,34.90072756],[115.14585518,34.90073394],[115.1458466,34.90073367],[115.14576515,34.90073106],[115.14574811,34.90073051],[115.14531585,34.9007587],[115.14484836,34.90078557],[115.14386617,34.90084203],[115.14385309,34.90084496],[115.14377666,34.90086209],[115.1437533,34.90094026],[115.14368469,34.90116991],[115.14355393,34.90159327],[115.14352504,34.90197346],[115.14368175,34.90331302],[115.14394034,34.90627375],[115.14395566,34.90646757],[115.14396156,34.90654228],[115.14387623,34.90653929],[115.14045919,34.90641958],[115.14037613,34.90641667],[115.14037035,34.90635033],[115.14035248,34.9061452],[115.14034593,34.90608261],[115.1402679,34.90533774],[115.14026779,34.90533674],[115.14021076,34.90447338],[115.14020626,34.90440525],[115.14011702,34.90441209],[115.13929501,34.90447503],[115.13929483,34.90447505],[115.13929465,34.90447507],[115.13885143,34.90451506],[115.13885008,34.90451519],[115.13875267,34.90452279],[115.13874537,34.90452336],[115.13869296,34.90452385],[115.13865612,34.9045242],[115.13864929,34.90452426],[115.13847053,34.9045454],[115.13613766,34.90482122],[115.13613177,34.90477193],[115.13611791,34.90465588],[115.13555559,34.90467816],[115.13489133,34.90470448],[115.13480396,34.90470795],[115.13479205,34.90462906],[115.13464566,34.90365902],[115.13461049,34.90348073],[115.13459765,34.90341562],[115.13451572,34.90343375],[115.13306397,34.90375513],[115.13278257,34.90381743],[115.13250825,34.9038818],[115.13242067,34.90390236],[115.13240725,34.90383399],[115.13238886,34.90374032],[115.1322897,34.90323536],[115.13227293,34.90314993],[115.13185888,34.90091415],[115.13180678,34.90063282],[115.13179413,34.90056453],[115.13170786,34.90058063],[115.13026877,34.90084932],[115.13017671,34.9008665],[115.13016233,34.90079986],[115.13016081,34.90079278],[115.1300628,34.90033853],[115.13005727,34.90031291],[115.13159475,34.89998065],[115.13167432,34.89996345],[115.13162862,34.89990543],[115.13117549,34.89933016],[115.13112513,34.89926622],[115.13104886,34.89930057],[115.13091695,34.89935998],[115.13069634,34.89945933],[115.13061876,34.89949427],[115.13059663,34.8994238],[115.12977096,34.89679486],[115.12927508,34.89521501],[115.12925244,34.89514285],[115.1292308,34.89507581],[115.12905075,34.89451785],[115.12862846,34.89320921],[115.12860558,34.89313828],[115.12851622,34.89315807],[115.12819365,34.8932295],[115.12634687,34.89363844],[115.12624207,34.89366478],[115.12525495,34.89388331],[115.12520957,34.89389336],[115.1252044,34.89389434],[115.1245105,34.89402631],[115.12445336,34.89403718],[115.12447729,34.89412793],[115.1245431,34.89437744],[115.12459397,34.89457035],[115.12462269,34.89467515],[115.12463965,34.89473702],[115.12477982,34.89524859],[115.12479378,34.89529953],[115.12479778,34.8953147],[115.12497214,34.89597487],[115.12496663,34.89597678],[115.12485354,34.89601601],[115.12482593,34.89602559],[115.1248299,34.89604433],[115.12485454,34.89616055],[115.12491042,34.89642415],[115.1249202,34.89647029],[115.12513716,34.89719078],[115.12531796,34.89780876],[115.12533682,34.89787323],[115.12534485,34.89787133],[115.12534505,34.89787129],[115.12534524,34.89787124],[115.1253475,34.89787071],[115.1253477,34.89787066],[115.12534789,34.89787061],[115.12534808,34.89787057],[115.12541994,34.89785362],[115.12561867,34.89780674],[115.12585411,34.8977512],[115.1259027,34.89773973],[115.12592551,34.89781933],[115.126097,34.89841762],[115.12632557,34.89920634],[115.12634694,34.89928008],[115.12673583,34.90081962],[115.12675374,34.90089054],[115.1266797,34.90093393],[115.12634697,34.9011289],[115.12622258,34.90113284],[115.12620495,34.9011334],[115.12496695,34.90149122],[115.12491029,34.9015076],[115.12484901,34.90152488],[115.12466205,34.90157762],[115.12381352,34.90181696],[115.12380807,34.90182197],[115.12376985,34.90185712],[115.12370779,34.90191418],[115.12366495,34.90194324],[115.12352773,34.90203631],[115.12350326,34.9020529],[115.1224017,34.90257333],[115.12221943,34.90265613],[115.1219137,34.90279503],[115.12183598,34.90283034],[115.12178692,34.90288597],[115.12160678,34.90309022],[115.12151934,34.90318936],[115.12080695,34.90393611],[115.12009468,34.90469231],[115.12000349,34.90477825],[115.11970107,34.90506327],[115.11963175,34.90512861],[115.11956383,34.90513751],[115.11907024,34.90520217],[115.1188862,34.90522628],[115.11807458,34.90529893],[115.11770345,34.90533215],[115.1175425,34.90534656],[115.11743809,34.9053559],[115.11736891,34.90536292],[115.11641204,34.90546004],[115.11604684,34.90549596],[115.11514066,34.90558509],[115.11467548,34.9056292],[115.11444194,34.90565134],[115.11325674,34.90577596],[115.11291913,34.90581146],[115.11283391,34.90582042],[115.11284886,34.90591086],[115.11288902,34.90615363],[115.11293408,34.9064261],[115.1129563,34.90655569],[115.11309745,34.90738724],[115.11309502,34.90746006],[115.11309332,34.90751122],[115.11302727,34.90752777],[115.11295407,34.90754611],[115.11292539,34.9075533],[115.11180655,34.90765491],[115.11175191,34.90765987],[115.11174544,34.90772572],[115.1117326,34.9078564],[115.11173259,34.90785649],[115.11172463,34.90793758],[115.11164842,34.90794365],[115.11118421,34.90798068],[115.11094762,34.90799954],[115.1103083,34.90806021],[115.10966897,34.90812087],[115.10912944,34.90817723],[115.10903923,34.90818666],[115.10896366,34.9081933],[115.10893698,34.90819564],[115.10840934,34.908242],[115.10777945,34.90829735],[115.10723697,34.90835823],[115.10707065,34.9083769],[115.10688325,34.9083937],[115.10660786,34.90841839],[115.10639013,34.90843792],[115.10570958,34.90849632],[115.10535196,34.90853724],[115.10528546,34.90854485],[115.104966,34.9085814],[115.10382654,34.90868573],[115.10382494,34.9086357],[115.1038211,34.90851608],[115.10381458,34.90851696],[115.1036522,34.90853892],[115.10365417,34.90855116],[115.10371231,34.9089113],[115.10376551,34.90929324],[115.10379294,34.90949016],[115.1038797,34.91005331],[115.10395999,34.91060607],[115.10403903,34.91108199],[115.10404961,34.91114569],[115.10408261,34.911367],[115.10412621,34.91165933],[115.10414525,34.91177661],[115.10421255,34.91219114],[115.10422632,34.91230677],[115.10422754,34.91231698],[115.10427683,34.912731],[115.10435945,34.91322108],[115.10439464,34.9134196],[115.10440816,34.91349586],[115.10446572,34.9138206],[115.10451296,34.91418116],[115.10456769,34.91459891],[115.10459281,34.91479066],[115.10460454,34.91478885],[115.10460586,34.91478865],[115.10482685,34.91475459],[115.10482855,34.9147595],[115.10483602,34.91478113],[115.10485733,34.91484284],[115.10486826,34.91487448],[115.10489957,34.91486015],[115.10527599,34.91468785],[115.10570101,34.91446703],[115.10605338,34.91428395],[115.10672338,34.91395241],[115.10676363,34.9139325],[115.10677028,34.91396937],[115.10684035,34.91435772],[115.10684443,34.91438729],[115.10690704,34.91484012],[115.10694157,34.91518016],[115.10695816,34.91534354],[115.10697247,34.9154529],[115.10701192,34.91575435],[115.1070288,34.91588333],[115.10706382,34.91617799],[115.10712453,34.91668866],[115.10712824,34.9168147],[115.1072044,34.91749793],[115.10724983,34.91790539],[115.10730861,34.91843273],[115.10731478,34.91848809],[115.1072475,34.91849622],[115.10715445,34.91850746],[115.10687189,34.91854159],[115.10687036,34.91854178],[115.10686491,34.91907257],[115.10686482,34.91908108],[115.10686474,34.91908959],[115.10685951,34.91959893],[115.10685399,34.91991447],[115.10685282,34.91998125],[115.1067817,34.91998263],[115.10591967,34.91999936],[115.10592426,34.92080886],[115.10592372,34.92086731],[115.1059219,34.92106293],[115.10592133,34.92112416],[115.10586611,34.92116014],[115.10576169,34.92122818],[115.10572985,34.92124892],[115.10552627,34.92133336],[115.10445196,34.92177891],[115.1037818,34.92205685],[115.10360396,34.92213061],[115.10354089,34.92215676],[115.10353367,34.92215976],[115.1035325,34.9221739],[115.10352896,34.92221646],[115.10350425,34.92251347],[115.10348404,34.92275651],[115.10347609,34.92285202],[115.1034699,34.92292647],[115.10344153,34.92326757],[115.1034077,34.92367426],[115.1034076,34.92367615],[115.10331735,34.9254366],[115.10329337,34.9259042],[115.10326688,34.92631813],[115.10323183,34.92686553],[115.10322743,34.92693427],[115.10314572,34.92693297],[115.10215997,34.92691731],[115.10209091,34.92691621],[115.10208915,34.92696911],[115.10200675,34.92944253],[115.10200491,34.92949784],[115.10200462,34.92956834],[115.10200112,34.93042372],[115.10200087,34.93048343],[115.10198713,34.93048294],[115.10198699,34.93048293],[115.10198042,34.9304827],[115.10190726,34.93048011],[115.10078766,34.93044042],[115.10049719,34.93043013],[115.10040753,34.93042695],[115.10041198,34.93048386],[115.10053842,34.93210308],[115.10054253,34.93215575],[115.10061574,34.93215471],[115.10187432,34.93213696],[115.10194549,34.93213595],[115.10194679,34.93213587],[115.10195516,34.93213534],[115.10202732,34.93213073],[115.10261683,34.93209309],[115.1046062,34.93196606],[115.10466352,34.9319624],[115.10470389,34.93202396],[115.10470696,34.93202863],[115.10503161,34.93432845],[115.10504043,34.93439093],[115.10505288,34.93445145],[115.10516809,34.93501143],[115.1053965,34.93612159],[115.10540881,34.93618141],[115.10541559,34.93624611],[115.10564188,34.93840475],[115.10555929,34.93849948],[115.1054964,34.93857161],[115.10544172,34.93863434],[115.10537475,34.93859635],[115.1046738,34.93819868],[115.10440337,34.93804525],[115.10434333,34.93801119],[115.10434187,34.93801036],[115.10434104,34.93801139],[115.10430097,34.93806126],[115.10416852,34.93822615],[115.10364974,34.93887196],[115.10366463,34.93888539],[115.10366837,34.93888876],[115.10377309,34.93898323],[115.10383196,34.93903634],[115.10377779,34.93905176],[115.1037674,34.93905472],[115.1037106,34.93911454],[115.10369082,34.93913382],[115.10339636,34.93942104],[115.10357232,34.93954275],[115.10350815,34.93959078],[115.10359146,34.93962266],[115.10367463,34.9396545],[115.10370507,34.93969146],[115.10374184,34.93973609],[115.10378698,34.93979089],[115.1037397,34.93983039],[115.10368758,34.93987393],[115.10278816,34.94062529],[115.10220336,34.94110713],[115.10214271,34.94115711],[115.10211691,34.94117837],[115.10174143,34.94148774],[115.10088661,34.94217817],[115.10086402,34.94219642],[115.10079279,34.94225763],[115.10072034,34.9423199],[115.09992519,34.94300332],[115.09982803,34.94308682],[115.09981937,34.94309427],[115.09976797,34.94313845],[115.09976229,34.94313348],[115.09975695,34.9431288],[115.09970714,34.9430852],[115.09969985,34.94307882],[115.09870172,34.94220512],[115.0986616,34.94216999],[115.09865112,34.9422161],[115.0986496,34.94222275],[115.09864845,34.94222782],[115.09903594,34.94427749],[115.09904763,34.94433931],[115.0989839,34.94432553],[115.09884949,34.94429648],[115.09843676,34.94437239],[115.09834038,34.94439012],[115.09745495,34.94453498],[115.09572174,34.94479331],[115.09567098,34.94478959],[115.09562237,34.94478603],[115.09554834,34.94478061],[115.09554815,34.9447806],[115.09554796,34.94478058],[115.09554422,34.94478031],[115.09554402,34.94478029],[115.09552789,34.94477911],[115.09554168,34.94484022],[115.09570477,34.94556266],[115.09591867,34.94663547],[115.09593039,34.94669424],[115.09593179,34.94670122],[115.09593234,34.94670401],[115.09585677,34.94671562],[115.09497537,34.94685103],[115.09497493,34.94684748],[115.09497367,34.94683727],[115.0949242,34.94643773],[115.09492385,34.94643487],[115.09486299,34.94640728],[115.09464971,34.94631058],[115.09458512,34.9462813],[115.09458023,34.94627908],[115.09457485,34.94627664],[115.094566,34.94621648],[115.09451572,34.9458745],[115.09447761,34.9456153],[115.09447073,34.94556856],[115.09439065,34.94556852],[115.09425495,34.94556847],[115.09423117,34.94556846],[115.09328689,34.94564933],[115.09203901,34.9457562],[115.0920306,34.94575785],[115.0919539,34.94577296],[115.09188318,34.94578689],[115.09187565,34.94578837],[115.0918648,34.94579051],[115.09187799,34.94584913],[115.09189179,34.9459105],[115.09190104,34.9459516],[115.09203799,34.9468353],[115.09219446,34.9478449],[115.09220847,34.9479353],[115.09230196,34.94854872],[115.09250369,34.94987237],[115.09251388,34.94993921],[115.09249052,34.94994368],[115.09245106,34.94995062],[115.0923255,34.94997272],[115.09083644,34.95023592],[115.08886306,34.95058469],[115.08879423,34.95059686],[115.08880343,34.95065523],[115.08906764,34.95233122],[115.08907475,34.95237636],[115.08913708,34.95277176],[115.08914068,34.95279457],[115.0891514,34.95286254],[115.08915501,34.9528601],[115.08915958,34.95285702],[115.08921654,34.95281862],[115.08923866,34.95280371],[115.08929287,34.95279624],[115.09132214,34.95251649],[115.09138863,34.95252539],[115.09145165,34.95253382],[115.09152378,34.95254347],[115.09152554,34.95260119],[115.09159967,34.9550287],[115.0916287,34.95597917],[115.09163028,34.95603091],[115.09162999,34.95610515],[115.09162484,34.95740351],[115.09162105,34.95835778],[115.09161866,34.95835778],[115.09164788,34.95871291],[115.09171878,34.95948624],[115.09171937,34.95953015],[115.09172095,34.95964951],[115.09172099,34.95965266],[115.09155994,34.95966765],[115.0915561,34.95966801],[115.09164644,34.96038292],[115.0916494,34.96039345],[115.09166883,34.96046264],[115.09168606,34.96052399],[115.09169257,34.96058601],[115.09175624,34.96119171],[115.09176239,34.96125016],[115.09176474,34.96125027],[115.09190598,34.96125703],[115.09197819,34.96126049],[115.09198243,34.96126069],[115.09198329,34.9612649],[115.09199532,34.96132356],[115.09203552,34.96151957],[115.09214807,34.96209578],[115.09218373,34.96227833],[115.09225113,34.96265454],[115.09233656,34.96313138],[115.09177277,34.96317369],[115.09170031,34.96317913],[115.09169834,34.96317928],[115.0916992,34.96318411],[115.09170504,34.96321684],[115.09170976,34.96324335],[115.09182153,34.96387016],[115.09183158,34.96392653],[115.09189543,34.96431203],[115.09205868,34.96529765],[115.0921247,34.96568289],[115.09218097,34.96601115],[115.09228512,34.96661885],[115.09242102,34.96740843],[115.09243117,34.96746742],[115.09243168,34.96747039],[115.09243309,34.96747409],[115.09244002,34.96749235],[115.09245466,34.96753096],[115.09248063,34.96759941],[115.09267562,34.96811335],[115.09313268,34.96928272],[115.09315485,34.96933946],[115.09315591,34.96934216],[115.0931529,34.9693428],[115.09308285,34.96935756],[115.09237355,34.96950708],[115.09229841,34.96952291],[115.0922989,34.96952441],[115.09230108,34.96953113],[115.09231979,34.96958872],[115.0926058,34.97046916],[115.0928427,34.97120892],[115.0929433,34.97152305],[115.09294949,34.97152176],[115.0936812,34.97136907],[115.09375143,34.97135441],[115.0937559,34.97135348],[115.09375932,34.97135251],[115.09382788,34.97133321],[115.09462606,34.97110844],[115.09477083,34.97104301],[115.09505817,34.97091314],[115.09560948,34.97075426],[115.09587521,34.97066617],[115.09652731,34.97044998],[115.09689072,34.9703295],[115.09746792,34.97018125],[115.09758229,34.97013871],[115.09776656,34.97007019],[115.09874076,34.96983238],[115.09881043,34.96981538],[115.09881691,34.9698138],[115.09881869,34.96981441],[115.09881883,34.96981446],[115.09888656,34.96983795],[115.09897304,34.96986794],[115.09900672,34.96989507],[115.0990081,34.96989602],[115.09903288,34.96991312],[115.09907385,34.96993103],[115.0991026,34.96992524],[115.09938189,34.96998616],[115.09943038,34.97001315],[115.09948237,34.97003661],[115.09948998,34.97004005],[115.09957203,34.97008502],[115.09974294,34.9701292],[115.09985444,34.97016172],[115.09991738,34.97016115],[115.0999993,34.97016644],[115.10000496,34.97016643],[115.10045799,34.9701654],[115.10062784,34.97013033],[115.10070538,34.97011439],[115.10075577,34.97010562],[115.10076078,34.97010475],[115.1008345,34.97007969],[115.10096346,34.97003281],[115.10099594,34.97002426],[115.10101142,34.97002018],[115.10106282,34.96999837],[115.10104235,34.96994075],[115.10063942,34.96880658],[115.10038497,34.96810237],[115.10036399,34.96804431],[115.10036586,34.96804386],[115.1003721,34.96804234],[115.10044242,34.96802524],[115.1018103,34.96769257],[115.10246414,34.96753011],[115.1029781,34.96740241],[115.10304862,34.96738488],[115.1030542,34.9673835],[115.10305595,34.96738306],[115.10305614,34.96738492],[115.10305616,34.96738508],[115.10305645,34.96738784],[115.10305646,34.967388],[115.10305648,34.96738816],[115.10306282,34.96744928],[115.1031311,34.96810813],[115.10313805,34.96817513],[115.10313831,34.96817762],[115.10312365,34.96860593],[115.10312343,34.96861236],[115.10308381,34.96881164],[115.10305555,34.96895384],[115.10301503,34.96956662],[115.10301251,34.96960471],[115.10301211,34.96961231],[115.1030006,34.96982865],[115.10297709,34.97027064],[115.10297668,34.97027825],[115.10284528,34.97083134],[115.1028314,34.97088974],[115.10283055,34.97089332],[115.10283398,34.97089591],[115.10288725,34.97093612],[115.10326537,34.97122153],[115.10353994,34.97164663],[115.10357546,34.97170161],[115.10366694,34.97187126],[115.10367454,34.97188535],[115.10367613,34.97188751],[115.10377532,34.9720224],[115.10391766,34.97221598],[115.10395541,34.97226733],[115.10395559,34.97226757],[115.10395978,34.97227249],[115.10400164,34.97232153],[115.10415044,34.97249593],[115.10456118,34.9729773],[115.1046183,34.97304424],[115.10496578,34.97348136],[115.10497678,34.97349918],[115.10542182,34.97422016],[115.10542434,34.97422426],[115.1057787,34.97459541],[115.10583034,34.97464949],[115.10626176,34.97456163],[115.10633231,34.97454726],[115.10633401,34.97454691],[115.10633885,34.97454494],[115.1064042,34.9745183],[115.10649094,34.97448293],[115.10655458,34.97445699],[115.10655048,34.97446834],[115.10648079,34.97466121],[115.10648053,34.97466192],[115.1067481,34.97475381],[115.10679959,34.97477149],[115.10790966,34.97515271],[115.10797766,34.97517606],[115.10798061,34.97517707],[115.10798132,34.97518258],[115.10798903,34.97524204],[115.1080847,34.97597984],[115.10809247,34.97603977],[115.10809249,34.97603988],[115.10809318,34.97604521],[115.10809321,34.97604548],[115.10809245,34.97604586],[115.10809227,34.97604595],[115.10802677,34.97607845],[115.10636806,34.97690133],[115.10630607,34.97693208],[115.1063022,34.976934],[115.10630715,34.97693575],[115.1063736,34.97695917],[115.10663789,34.97705233],[115.10865337,34.97776269],[115.10871988,34.97778613],[115.10872215,34.97778693],[115.10872419,34.97779048],[115.10875519,34.97784459],[115.10938988,34.97895206],[115.10972186,34.97953134],[115.10978352,34.97964559],[115.11001685,34.98007793],[115.11004678,34.98013338],[115.11004829,34.98013617],[115.11004918,34.98013579],[115.11011372,34.98010884],[115.11037839,34.9799983],[115.1106414,34.97988846],[115.11070595,34.9798615],[115.11070781,34.97986072],[115.11071033,34.97986428],[115.11074703,34.97991598],[115.11143548,34.98088583],[115.11171498,34.98127957],[115.11183624,34.98145449],[115.11208375,34.98181155],[115.11249193,34.98240038],[115.11265703,34.9826353],[115.11289123,34.98296854],[115.11299027,34.98310947],[115.1130877,34.9832481],[115.11314433,34.98332868],[115.11332583,34.98358693],[115.11345922,34.98377673],[115.11349543,34.98382826],[115.11349779,34.98383161],[115.11349387,34.98383062],[115.1134247,34.98381319],[115.11149645,34.98332711],[115.11148308,34.98332371],[115.11039739,34.98304742],[115.11032655,34.98302939],[115.11032637,34.98302934],[115.11032214,34.98302827],[115.11032197,34.98302822],[115.11032005,34.98302773],[115.11032091,34.98302863],[115.11032632,34.9830342],[115.1103714,34.98308074],[115.11040376,34.98311414],[115.11080833,34.98353171],[115.11144774,34.98419166],[115.112455,34.98521371],[115.11256759,34.98532796],[115.11261314,34.98537418],[115.11261712,34.98537821],[115.11261338,34.9853792],[115.11254402,34.98539742],[115.11237653,34.98544144],[115.11107427,34.98577416],[115.11002018,34.98604057],[115.10989241,34.98607287],[115.10982328,34.98609034],[115.10981854,34.98609153],[115.10981989,34.98609552],[115.10983934,34.98615283],[115.10987223,34.98624978],[115.10987238,34.98625021],[115.10969647,34.98629686],[115.10968774,34.98629917],[115.11016416,34.98751444],[115.11018594,34.98756999],[115.11026107,34.9875472],[115.11029803,34.98753599],[115.11114676,34.98727851],[115.1115482,34.98715302],[115.11233933,34.9869057],[115.11238615,34.98689119],[115.11337638,34.9865843],[115.11394965,34.98640061],[115.11415119,34.98633603],[115.11430959,34.98628528],[115.11475084,34.98614922],[115.11483192,34.98612422],[115.11492628,34.98609512],[115.11494622,34.98608897],[115.11504703,34.98608864],[115.11517563,34.98608822],[115.11524843,34.98608798],[115.11524972,34.98608797],[115.11525657,34.98609038],[115.11532313,34.98611374],[115.11605611,34.98637095],[115.11658698,34.98655723],[115.11733105,34.98682175],[115.11738344,34.98684038],[115.11750734,34.98706038],[115.11759687,34.98721937],[115.11776908,34.98717779],[115.11791834,34.98714175],[115.11804612,34.9871109],[115.1180582,34.98710798],[115.11802711,34.98700004],[115.11801818,34.98696903],[115.118001,34.98690938],[115.11800876,34.98690673],[115.11807575,34.98688388],[115.11859271,34.98670753],[115.11897745,34.98657628],[115.11977391,34.98630458],[115.11984092,34.98628172],[115.11984439,34.98628054],[115.11984588,34.98627802],[115.11987771,34.98622444],[115.11990103,34.98618518],[115.11990239,34.98618288],[115.12140776,34.98588912],[115.12206066,34.9857617],[115.12213156,34.98574786],[115.12213826,34.98574655],[115.12213849,34.98574617],[115.12216992,34.9856925],[115.12233519,34.98541035],[115.12236704,34.98535596],[115.1223698,34.98535125],[115.12236986,34.98535114],[115.12240171,34.98529677],[115.12240829,34.98528553],[115.12269005,34.98534985],[115.1235433,34.98547936],[115.12354791,34.98545967],[115.12356849,34.98537172],[115.1235718,34.98535759],[115.1235707,34.98535229],[115.12356446,34.98532223],[115.12352265,34.98512095],[115.12453106,34.98525361],[115.12453395,34.98525399],[115.12454277,34.98525515],[115.12476352,34.98466867],[115.12516893,34.98359163],[115.12520689,34.98349077],[115.12529713,34.98325104],[115.12564124,34.98228998],[115.12564794,34.98227126],[115.12634817,34.98202303],[115.1282463,34.98135019],[115.12890087,34.98111815],[115.13128415,34.98027326],[115.13260595,34.97980464],[115.13349753,34.97946942],[115.13452749,34.97908214],[115.13560685,34.97908913],[115.13574609,34.97909003],[115.13745812,34.9791011],[115.13747195,34.97910119],[115.13812336,34.97910539],[115.13812764,34.97909742],[115.13813889,34.97907647],[115.13905015,34.97737979],[115.13977502,34.9760301],[115.13978726,34.9760073],[115.13981635,34.97587059],[115.13993219,34.97532606],[115.13993528,34.97531154],[115.13995643,34.97521213],[115.13998169,34.97509339],[115.13955976,34.97508692],[115.1384125,34.97505709],[115.13809143,34.97504874],[115.13798939,34.97499864],[115.13785836,34.97493431],[115.13783475,34.97487015],[115.13782284,34.97483779],[115.13780319,34.97478441],[115.137805,34.97475762],[115.13781351,34.97463195],[115.13781443,34.97461833],[115.13787843,34.97443459],[115.13809946,34.97425327],[115.13930839,34.97348587],[115.13934971,34.97345964],[115.13996724,34.97306763],[115.1404577,34.97275628],[115.14073525,34.9725801],[115.1421123,34.97170591],[115.14247541,34.97147539],[115.14385053,34.97143963],[115.14545137,34.97139799],[115.14552914,34.97139596],[115.1461642,34.97081175],[115.14882138,34.96837682],[115.14884363,34.96835643],[115.1493307,34.96833882],[115.14933529,34.96833865],[115.14946614,34.96833392],[115.14968854,34.96622511],[115.14978187,34.96522175],[115.1497911,34.96512256],[115.150497,34.9651314],[115.15050019,34.96509629],[115.1506041,34.96395101],[115.15082448,34.96152197],[115.1508428,34.96136415],[115.15090099,34.96086281],[115.1509209,34.96069135],[115.15108291,34.96068334],[115.151225,34.96067632],[115.15142885,34.96066624],[115.15230115,34.9606231],[115.15282458,34.96059722],[115.15317019,34.96058012],[115.15438429,34.96052007],[115.15441696,34.95906442],[115.1545823,34.95906213],[115.15461324,34.9590617],[115.154729,34.9590601],[115.15592939,34.95904348],[115.15606948,34.95904154],[115.15817503,34.95961758],[115.1591591,34.95993655],[115.15917231,34.95991019],[115.15923784,34.95977945],[115.15934219,34.95957129],[115.15949612,34.95962373],[115.15955528,34.95964389],[115.15976358,34.95971486],[115.1599203,34.95976816],[115.16171266,34.9603789],[115.16208129,34.96050449],[115.16258616,34.96067649],[115.16543747,34.96164781],[115.16577721,34.96176453],[115.16760346,34.9623919],[115.1680211,34.96253537],[115.16805203,34.96254599],[115.16839866,34.96266507],[115.16841168,34.96251414],[115.16845136,34.96205433],[115.1684708,34.96182899],[115.16920235,34.96182548],[115.17044813,34.96181949],[115.1705558,34.96179174],[115.17062407,34.96177414],[115.17071838,34.96166955],[115.1707237,34.96166363],[115.17072224,34.96159433],[115.1707126,34.96113798],[115.17070906,34.96097004],[115.17070676,34.96086143],[115.17070477,34.96076726],[115.17169531,34.96079819],[115.17169576,34.96079491],[115.17172489,34.9605812],[115.17173905,34.96047738],[115.17176498,34.96028719],[115.17209492,34.96030816],[115.17209851,34.96025223],[115.17212993,34.95976246],[115.17213442,34.95969242],[115.1721544,34.95938096],[115.17271784,34.95938945],[115.17271832,34.95940967],[115.17271992,34.95947661],[115.17272434,34.95966209],[115.1727257,34.95971885],[115.17274863,34.96067997],[115.17284806,34.96067977],[115.17285175,34.96067976],[115.17426353,34.96067685],[115.17422805,34.95968032],[115.174227,34.959651],[115.17421564,34.95933199],[115.17446688,34.95932222],[115.17528399,34.95929043],[115.17540223,34.95928584],[115.17540627,34.95936677],[115.1754098,34.95943747],[115.17542184,34.95967859],[115.17548296,34.96090322],[115.17650827,34.96089381],[115.1765136,34.96089376],[115.17658023,34.96089315],[115.17680487,34.96089109],[115.17676882,34.9599368],[115.17675853,34.95966441],[115.17675779,34.95964497],[115.17675588,34.95959422],[115.17722023,34.95960951],[115.1773114,34.95961251],[115.17737226,34.95961452],[115.17764926,34.95962364],[115.17765242,34.95967654],[115.17772017,34.96080883],[115.17996057,34.96057043],[115.18333103,34.96020491],[115.18329908,34.95995005],[115.18318232,34.95901855],[115.18417465,34.95900371],[115.18419492,34.95900341],[115.18425162,34.95900256],[115.18422513,34.95896114],[115.18404497,34.95867943],[115.18446163,34.9583538],[115.18515176,34.95781445],[115.18515513,34.95781181],[115.18531066,34.95769026],[115.18533291,34.95756258],[115.18515425,34.95716177],[115.18514556,34.95714229],[115.18498106,34.95677324],[115.18577976,34.95653393],[115.18580154,34.9565274],[115.18625273,34.95639221],[115.18608634,34.95600568],[115.18608547,34.95600339],[115.18607525,34.95597653],[115.1860496,34.95590912],[115.18689031,34.95568167],[115.18623236,34.95362231],[115.18620179,34.95352664],[115.18607276,34.95312278],[115.18605401,34.9530641],[115.18747236,34.9528815],[115.18780523,34.95284423],[115.18883728,34.95272868],[115.18884562,34.95272775],[115.19188722,34.95238715],[115.1918912,34.9523867],[115.19289311,34.95227449],[115.19297246,34.9522656],[115.19300258,34.95233393],[115.19303929,34.9524172],[115.19332541,34.95306629],[115.19347056,34.95339557],[115.19352378,34.9534873],[115.19356419,34.95355698],[115.19422734,34.95333248],[115.19428864,34.95331173],[115.1947702,34.95426115],[115.19492936,34.95457492],[115.19495925,34.95463386],[115.19544046,34.95445664],[115.19654625,34.95404939],[115.19670062,34.95409969],[115.1967135,34.95416201],[115.19699963,34.95554681],[115.19704487,34.95576576],[115.19705233,34.95580185],[115.19752645,34.95809639],[115.19756702,34.9583538],[115.1975947,34.95852945],[115.19761242,34.95852764],[115.19827647,34.95845957],[115.19828715,34.95860169],[115.19830656,34.95886006],[115.19816458,34.95888126],[115.19798328,34.95890832],[115.19778157,34.95893843],[115.19762409,34.95896194],[115.19766741,34.95918485],[115.19771142,34.95941128],[115.19775824,34.95941275],[115.19868253,34.95944171],[115.19872466,34.95950868],[115.19893106,34.9598368],[115.19930233,34.96042701],[115.19962866,34.96038419],[115.20108131,34.96019354],[115.20110844,34.96018998],[115.20138518,34.96015366],[115.20477949,34.9597081],[115.20543463,34.95960752],[115.20554003,34.95959134],[115.20590953,34.95942678],[115.20741533,34.95875615],[115.20831099,34.95835724],[115.20831873,34.9583538],[115.20848352,34.95828041],[115.20919717,34.95796257],[115.20923129,34.95794738],[115.20950447,34.95782571],[115.20959341,34.9583538],[115.20990489,34.96020323],[115.20991549,34.9602662],[115.20995346,34.96049162],[115.20996916,34.96058487],[115.21066975,34.96048247],[115.21195794,34.96029416],[115.21262098,34.96019192],[115.2124725,34.95974947],[115.21243922,34.95965029],[115.21203873,34.95845688],[115.21200414,34.9583538],[115.21200038,34.95834257],[115.21200878,34.95833934],[115.21201687,34.95833622],[115.21345536,34.95778167],[115.21479807,34.95726403],[115.21480337,34.95726198],[115.21453368,34.95589818],[115.2145054,34.95575517],[115.21472897,34.95568519],[115.21601457,34.95528272],[115.21612473,34.95524823],[115.21754365,34.954804],[115.21890637,34.95437734],[115.21933855,34.95424203],[115.21930904,34.95407176],[115.21926184,34.95379937],[115.21909669,34.95284632],[115.21850999,34.95122152],[115.21819908,34.95060741],[115.21782053,34.94985968],[115.21760138,34.94942679],[115.21752712,34.9492801],[115.21739182,34.94901285],[115.21656513,34.94770456],[115.21659134,34.94765098],[115.21660549,34.94762207],[115.21682946,34.94716438],[115.21691133,34.94697356],[115.21690927,34.9469477],[115.21646676,34.94635336],[115.21637066,34.9462243],[115.21630889,34.94614758],[115.21465066,34.94408818],[115.21424695,34.94360963],[115.21421528,34.94357208],[115.21404723,34.94337288],[115.21193341,34.94443603],[115.21077194,34.94294918],[115.21046826,34.94256041],[115.21018176,34.94219363],[115.21013818,34.94213785],[115.21013765,34.94213717],[115.21002395,34.9419916],[115.20866056,34.94276033],[115.20680212,34.94380815],[115.2062178,34.94413759],[115.20620733,34.94414349],[115.20586506,34.94357086],[115.20585843,34.94355976],[115.20581279,34.94348341],[115.20555115,34.94304567],[115.20535585,34.94309079],[115.20530723,34.94309406],[115.20526377,34.943097],[115.20516125,34.94310391],[115.20502597,34.9430699],[115.20491186,34.9429562],[115.20483869,34.9427471],[115.2048637,34.94249144],[115.2049466,34.94237359],[115.20494674,34.9423734],[115.20496397,34.94234891],[115.20498618,34.94222122],[115.2040783,34.94051497],[115.20290407,34.93830806],[115.20289115,34.93828377],[115.20280864,34.9381287],[115.20276117,34.93803948],[115.20274634,34.9380116],[115.20269282,34.93790173],[115.20164166,34.93574351],[115.20124474,34.93492852],[115.20047766,34.93335346],[115.20040173,34.93320265],[115.20016923,34.93274083],[115.19985223,34.93211118],[115.1995264,34.93146396],[115.19936478,34.93114291],[115.19895991,34.93033868],[115.19868182,34.92978627],[115.19826189,34.92895209],[115.19706024,34.92663192],[115.19697572,34.92646871],[115.19605034,34.92676599],[115.19411914,34.92738635],[115.19413632,34.92744763],[115.1942813,34.92796483],[115.19422211,34.92798087],[115.19410164,34.92801352],[115.1940858,34.92801782],[115.1918187,34.92863224],[115.19176941,34.92854583],[115.19144769,34.92798178],[115.1912849,34.92769638],[115.19127262,34.92767484],[115.19123877,34.92761549],[115.18897887,34.92789616],[115.18884527,34.92791275],[115.18882309,34.9279155],[115.18880608,34.92787701],[115.1880673,34.92620512],[115.1879903,34.92603086],[115.18788517,34.92604876],[115.18668674,34.92625271],[115.18658674,34.92626972],[115.18657681,34.92623228],[115.18656269,34.92617904],[115.18629187,34.92515813],[115.18588031,34.92342308],[115.1858589,34.92333281],[115.1858582,34.92332993],[115.18526251,34.92087169],[115.18515725,34.92040811],[115.18475932,34.91865556],[115.18445788,34.91844476],[115.18411862,34.91820751],[115.18368265,34.91668523],[115.18344133,34.91584261],[115.18338074,34.91560195],[115.18350311,34.91557668],[115.18350804,34.91557566],[115.18884509,34.91447329],[115.18911574,34.91441739],[115.18912627,34.91441521],[115.18935812,34.91436732],[115.18942902,34.91435268],[115.18947674,34.91434282],[115.1894907,34.91433994],[115.18942555,34.913873],[115.18941513,34.91379837],[115.18939001,34.91361835],[115.18932922,34.91284936],[115.18988407,34.91277926],[115.18994221,34.91277191],[115.19024445,34.91273372],[115.19031018,34.91272541],[115.1959487,34.91201281],[115.19669206,34.91191884],[115.19822107,34.91170031],[115.20064755,34.91135347],[115.20063574,34.91132779],[115.19983161,34.90958116],[115.20017471,34.90942303],[115.19987811,34.90847171],[115.19963909,34.90770502],[115.19940763,34.90675426],[115.19949893,34.90673618],[115.20169488,34.90630125],[115.2029026,34.90606204],[115.20522966,34.90560107],[115.20705463,34.90523954],[115.20723043,34.90519413],[115.20724244,34.90522571],[115.2072431,34.90522744],[115.20726894,34.90529533],[115.20728093,34.90532683],[115.20729547,34.90530167],[115.20740634,34.90510982],[115.20740726,34.90509325],[115.20741256,34.90499757],[115.20741834,34.90489316],[115.20736724,34.90466289],[115.20735102,34.90458978],[115.20729388,34.90433224],[115.20728725,34.90425056],[115.20722414,34.90347329],[115.20721989,34.90342102],[115.20716347,34.90267874],[115.20715793,34.90260577],[115.20724636,34.90258736],[115.20823068,34.90238243],[115.20914392,34.90219229],[115.2092275,34.90217489],[115.20919034,34.90210885],[115.20885421,34.90151158],[115.20882163,34.90145368],[115.20881843,34.901448],[115.20876343,34.90146014],[115.20823683,34.90157634],[115.20717539,34.90181054],[115.20708697,34.90183005],[115.20709744,34.90190493],[115.20713605,34.90218094],[115.20710237,34.90218712],[115.20497408,34.90257778],[115.20431721,34.90269834],[115.20430815,34.9027],[115.20423762,34.90271295],[115.20423023,34.9027143],[115.20422956,34.90271282],[115.20420401,34.90265606],[115.20420156,34.90265063],[115.20419987,34.90264687],[115.20390889,34.90200055],[115.20377727,34.90163957],[115.20360128,34.90096651],[115.20353337,34.9007068],[115.2035159,34.90063999],[115.20360742,34.90062575],[115.20684861,34.90012119],[115.20693085,34.90010839],[115.20692148,34.90003828],[115.20685481,34.89953949],[115.20683904,34.89954133],[115.20683675,34.8995416],[115.20479127,34.89978021],[115.20347699,34.89993351],[115.20338371,34.89994439],[115.20337301,34.89987319],[115.20329773,34.89937197],[115.20326358,34.89914462],[115.20322813,34.89890859],[115.2032171,34.89883519],[115.20313195,34.89883504],[115.19958966,34.89882902],[115.19889711,34.89882783],[115.19762882,34.89882564],[115.19737228,34.8988252],[115.19608832,34.89882297],[115.19545743,34.89882187],[115.19491797,34.89882092],[115.19239486,34.89881647],[115.1923063,34.89881632],[115.192298,34.89874321],[115.19194051,34.89559465],[115.19193232,34.89552251],[115.19193186,34.89552054],[115.19191595,34.89545298],[115.19189533,34.89536536],[115.19158621,34.89405205],[115.1915832,34.89403925],[115.19151523,34.89406205],[115.19102081,34.89422787],[115.19093461,34.89425678],[115.19092845,34.89418242],[115.19086148,34.89337397],[115.19086095,34.89336757],[115.19082369,34.89337039],[115.19057444,34.89338925],[115.19039523,34.89340281],[115.1898717,34.89344243],[115.18978313,34.89344914],[115.18978632,34.89351787],[115.18981548,34.89414682],[115.18983149,34.89449363],[115.18983511,34.89457202],[115.18974906,34.89458476],[115.18963844,34.89460114],[115.18937214,34.89464057],[115.18931133,34.8939632],[115.1893027,34.89386709],[115.18927217,34.89352697],[115.18926583,34.8934563],[115.18918313,34.89346467],[115.18897261,34.89348597],[115.18897249,34.89348482],[115.18884475,34.89232714],[115.1888447,34.89232668],[115.18882284,34.89206161],[115.18881449,34.89196038],[115.18873174,34.89195813],[115.18867802,34.89195666],[115.18626926,34.891891],[115.18626714,34.89189094],[115.18675898,34.89144628],[115.18681383,34.89139669],[115.18673016,34.89137025],[115.18672714,34.8913693],[115.18623661,34.89132972],[115.18586172,34.891301],[115.18585422,34.89130322],[115.18583462,34.89130901],[115.18571529,34.89141347],[115.18564862,34.89147183],[115.18557688,34.89153296],[115.18534509,34.89173045],[115.18530128,34.89176778],[115.18469971,34.89228032],[115.18442272,34.89251964],[115.18431137,34.89261583],[115.18390672,34.89296313],[115.18294618,34.89378335],[115.18293147,34.89379576],[115.18272864,34.89396688],[115.18272752,34.89396783],[115.18265815,34.89401238],[115.18266511,34.89394113],[115.18266566,34.89393552],[115.18260906,34.8936806],[115.18225835,34.89375271],[115.18205415,34.89379405],[115.18136725,34.89393312],[115.18069964,34.89407271],[115.17995929,34.89422803],[115.17988953,34.89424216],[115.17903588,34.89441509],[115.17874604,34.8944738],[115.17831738,34.89456168],[115.17812873,34.89459356],[115.17795349,34.89462318],[115.1776945,34.89466339],[115.17762412,34.89467432],[115.17759063,34.89467951],[115.17709817,34.89475597],[115.17542663,34.89502332],[115.17536115,34.8950356],[115.17522084,34.89506192],[115.1751367,34.8950777],[115.17504814,34.89508524],[115.17502368,34.89508733],[115.17417657,34.89522479],[115.17383893,34.89527957],[115.1738279,34.89528136],[115.17375076,34.89528706],[115.17370267,34.89522955],[115.17369679,34.89522251],[115.17354178,34.8945401],[115.1734954,34.89433592],[115.17349388,34.8943292],[115.17345636,34.89427263],[115.17336502,34.89427661],[115.17336025,34.89427682],[115.17252577,34.89440939],[115.17199832,34.89449781],[115.17192793,34.89450961],[115.17066196,34.89471502],[115.17042481,34.89475894],[115.17034138,34.89477439],[115.17032032,34.89469697],[115.1702807,34.89455129],[115.17019174,34.89422425],[115.16998618,34.89346855],[115.16901776,34.89269163],[115.1689558,34.89223876],[115.16882423,34.89135691],[115.16881336,34.89131383],[115.16879594,34.89124485],[115.1687025,34.89125123],[115.16801391,34.89129827],[115.16789242,34.89130657],[115.16779936,34.89131293],[115.16779744,34.89123462],[115.16778912,34.89089626],[115.16778421,34.89069677],[115.16780027,34.89062969],[115.16783823,34.89047108],[115.16782983,34.89016644],[115.16782782,34.89009351],[115.16774079,34.8900866],[115.16773852,34.89008642],[115.16688152,34.89031995],[115.16687326,34.89032221],[115.16680077,34.89035226],[115.16677862,34.8902777],[115.1667782,34.89027627],[115.16677481,34.89026489],[115.16669355,34.88891592],[115.16668244,34.88873161],[115.166682,34.88873041],[115.1666563,34.88866032],[115.16658855,34.88861396],[115.16633153,34.88843813],[115.16619539,34.88851825],[115.16611294,34.88856678],[115.16603661,34.8886117],[115.16604666,34.8885358],[115.16604674,34.88853519],[115.16596098,34.88794509],[115.16596081,34.88794448],[115.16594026,34.88786827],[115.16585114,34.88788066],[115.16547411,34.88793308],[115.16470279,34.88802938],[115.16388978,34.88813181],[115.16387222,34.88813412],[115.16312134,34.88823306],[115.1630395,34.88824384],[115.1630469,34.88831756],[115.16305468,34.88839506],[115.16307548,34.88865427],[115.16310113,34.88897399],[115.16312237,34.88927146],[115.16314882,34.88964182],[115.1631488,34.88964195],[115.16313487,34.88971312],[115.1630764,34.88976597],[115.16306372,34.88977743],[115.16293301,34.88988767],[115.162942,34.89005048],[115.16294235,34.8900568],[115.1629363,34.89012573],[115.16284474,34.89012378],[115.16284235,34.89012373],[115.16206715,34.89018339],[115.1619488,34.8901925],[115.16190137,34.89019598],[115.16100652,34.89026172],[115.16055423,34.8902983],[115.16046457,34.89030555],[115.16008172,34.89033651],[115.15962274,34.89036957],[115.15962174,34.89036912],[115.15954219,34.8903334],[115.15953772,34.89033139],[115.15953517,34.89033025],[115.15946189,34.89030439],[115.1594962,34.89023791],[115.15965486,34.88993043],[115.1598783,34.88948374],[115.15988572,34.88947411],[115.16000134,34.88932416],[115.16007656,34.88922658],[115.16059364,34.88855524],[115.16059955,34.88854757],[115.16063726,34.88848636],[115.16054428,34.88849934],[115.15975744,34.88860919],[115.159652,34.88862391],[115.1591843,34.8886892],[115.15833971,34.88880711],[115.15826522,34.88881751],[115.15825714,34.88881863],[115.15821004,34.88875641],[115.15817859,34.88871487],[115.15788783,34.88832089],[115.15778478,34.88818518],[115.1577831,34.88818622],[115.15752201,34.8883481],[115.15742981,34.88840527],[115.15695029,34.88870882],[115.15694056,34.88871498],[115.15687961,34.88874887],[115.15679008,34.88873845],[115.15678714,34.88873811],[115.15673643,34.88872859],[115.15666923,34.88868533],[115.15661395,34.88864974],[115.15630187,34.88889942],[115.156082,34.88907507],[115.1559581,34.88917406],[115.15565568,34.88941566],[115.15529397,34.88970824],[115.15516561,34.88981206],[115.15501178,34.88993686],[115.15500758,34.88994025],[115.15494432,34.8899765],[115.15488601,34.88992968],[115.15487788,34.88992315],[115.15475554,34.88983303],[115.15468574,34.88978161],[115.15457668,34.88950122],[115.15453866,34.88940525],[115.15445359,34.88908689],[115.15442739,34.88898887],[115.15411276,34.88779809],[115.15394677,34.88716372],[115.15392146,34.88706702],[115.15383186,34.8867241],[115.15380401,34.88653548],[115.15374274,34.88610709],[115.15371256,34.88589602],[115.15365694,34.88552444],[115.15363204,34.88535956],[115.15356349,34.88490577],[115.15349089,34.88439477],[115.15348254,34.88433602],[115.15347452,34.88427951],[115.15346699,34.8842295],[115.1534028,34.88380313],[115.15339206,34.8837318],[115.15331504,34.88375239],[115.1516664,34.88419305],[115.15143158,34.88425582],[115.151348,34.88427816],[115.15135574,34.88420598],[115.15135629,34.88420092],[115.15135683,34.88419582],[115.15134781,34.88410388],[115.15133061,34.88392852],[115.15130741,34.88364794],[115.15123884,34.88288037],[115.15117767,34.8821816],[115.15113546,34.88168946],[115.15113545,34.88168928],[115.15111435,34.88162077],[115.15103219,34.88161111],[115.15077939,34.88158138],[115.15052813,34.88155184],[115.14909784,34.88140254],[115.14887937,34.88138083],[115.14789981,34.88128352],[115.14781261,34.88127485],[115.14780242,34.88135018],[115.14780245,34.88135196],[115.14781553,34.8822935]]]}},{"type":"Feature","properties":{"adcode":"410225103","name":"考城镇","type":"镇","county_code":"410225","county_name":"兰考县","source_codes":["410225103"],"geometry_method":"沿用原边界","area_km2":125.4244},"geometry":{"type":"Polygon","coordinates":[[[115.05036211,34.76866297],[115.0503968,34.7692969],[115.0487715,34.76931109],[115.04875774,34.76931121],[115.04875693,34.76931122],[115.04853759,34.76931313],[115.04811118,34.76931685],[115.0481862,34.76982149],[115.04821891,34.7700415],[115.04827323,34.77040692],[115.04827453,34.77041564],[115.04827889,34.77044498],[115.04830951,34.77065095],[115.04502222,34.77020003],[115.04391382,34.77004796],[115.0433243,34.76996757],[115.04329964,34.76996421],[115.04319091,34.76994938],[115.04178834,34.76975811],[115.04090626,34.76963781],[115.04041412,34.76973221],[115.03960111,34.77008166],[115.03577852,34.77172461],[115.03489176,34.77212217],[115.03456155,34.77227021],[115.03453113,34.77272269],[115.03461159,34.77462824],[115.03478091,34.7759147],[115.03513498,34.77621029],[115.03519283,34.77625859],[115.03520669,34.77631876],[115.03537195,34.77703663],[115.03569437,34.77843713],[115.03570756,34.77849445],[115.03572189,34.77855956],[115.03579558,34.77889435],[115.03612405,34.78038679],[115.03614392,34.78047708],[115.03614988,34.78050416],[115.03618789,34.78067684],[115.03609862,34.78093716],[115.03591282,34.78147899],[115.03589036,34.78154449],[115.03587515,34.78160112],[115.03549568,34.78301397],[115.03548629,34.78304894],[115.03531312,34.78382048],[115.03452265,34.78734227],[115.03450947,34.78740099],[115.03450799,34.78740755],[115.03450676,34.78741306],[115.03443194,34.78741566],[115.03323771,34.78745714],[115.0331386,34.78746058],[115.03058058,34.78754939],[115.03057086,34.78754973],[115.03056422,34.78761221],[115.03055479,34.78770101],[115.03050507,34.78775173],[115.0305031,34.78775373],[115.03044819,34.78780974],[115.03061333,34.79038142],[115.03061786,34.79045191],[115.03061874,34.79052506],[115.03062435,34.79098994],[115.03062507,34.79104925],[115.03062662,34.79111584],[115.03063792,34.79160089],[115.03063984,34.79168352],[115.03065459,34.79178098],[115.03068254,34.79196569],[115.03073566,34.79231668],[115.03079388,34.79270133],[115.03090275,34.79337697],[115.03094611,34.79364605],[115.03094842,34.79367071],[115.03095041,34.79369188],[115.03095529,34.79374386],[115.03096188,34.79381412],[115.03104742,34.79380703],[115.03108528,34.79380389],[115.03158927,34.79368605],[115.0318866,34.79361653],[115.03299402,34.7933511],[115.03442387,34.79300746],[115.03444662,34.79299688],[115.03452179,34.79296191],[115.0346098,34.79296165],[115.03529552,34.79295963],[115.03589268,34.79294834],[115.03596827,34.79294691],[115.03634762,34.79293974],[115.03643285,34.79293813],[115.0365224,34.792938],[115.03677845,34.79293766],[115.03763261,34.79294241],[115.03818358,34.79294493],[115.03864308,34.79295216],[115.03877837,34.79295429],[115.03893112,34.79295405],[115.03946922,34.79295321],[115.04025346,34.79296095],[115.04110183,34.79296813],[115.04156093,34.79296934],[115.04196179,34.7929704],[115.04200323,34.79297417],[115.04209966,34.79298294],[115.0421847,34.79299068],[115.04225306,34.79303769],[115.04233648,34.79309505],[115.04241882,34.79315167],[115.04281955,34.79349215],[115.04323201,34.79383734],[115.04363855,34.79417536],[115.0437913,34.79430513],[115.04409822,34.79456584],[115.04464907,34.79502046],[115.04499378,34.79530851],[115.04500259,34.79531259],[115.04501683,34.79531919],[115.04508924,34.79535276],[115.04516734,34.79531858],[115.04522217,34.79529459],[115.04526157,34.79527735],[115.04540122,34.79521083],[115.04557526,34.79512792],[115.04558032,34.79512551],[115.04635744,34.79508074],[115.04677268,34.79505682],[115.04680669,34.79505486],[115.04779711,34.79499824],[115.048239,34.79497215],[115.04827266,34.79497016],[115.04884576,34.79493631],[115.04982659,34.79488195],[115.04997603,34.79487367],[115.05007217,34.79486774],[115.05110912,34.79480378],[115.05190162,34.7947604],[115.05225687,34.79474096],[115.05344533,34.79467057],[115.05459498,34.79460721],[115.05545092,34.79454125],[115.05613301,34.79448868],[115.05735053,34.79439542],[115.05744244,34.79438837],[115.05751476,34.79436279],[115.05769102,34.79430042],[115.05775552,34.79430485],[115.05776407,34.79430543],[115.05783869,34.79428772],[115.05845498,34.79429473],[115.05900216,34.79430095],[115.05899964,34.7942653],[115.0589992,34.7942592],[115.05899434,34.7941903],[115.05899399,34.79412126],[115.0589919,34.79370638],[115.05899152,34.79363013],[115.05898743,34.79281672],[115.05897866,34.7919956],[115.05897787,34.79192211],[115.05906718,34.79192814],[115.05920369,34.79193737],[115.05921509,34.79192294],[115.05921976,34.79191702],[115.05922607,34.79190902],[115.05920742,34.79178443],[115.05919188,34.79168063],[115.05914891,34.79092995],[115.05913487,34.79066663],[115.0591032,34.79007285],[115.0591245,34.79007092],[115.05925058,34.79005952],[115.05926745,34.790058],[115.05933404,34.79005197],[115.05941967,34.79005058],[115.06032895,34.79003579],[115.06040242,34.79003459],[115.06040255,34.79003459],[115.06040811,34.7900345],[115.06040823,34.7900345],[115.06040923,34.79003448],[115.06041001,34.79009477],[115.06042693,34.79141683],[115.06042828,34.79152293],[115.06042892,34.79157279],[115.0603712,34.79157444],[115.06024753,34.79157796],[115.06012983,34.79158132],[115.06013513,34.79168042],[115.06013501,34.79168143],[115.06012746,34.79174327],[115.06011877,34.79181448],[115.06020916,34.79181526],[115.06059767,34.79181858],[115.06143238,34.79183668],[115.06199343,34.79185095],[115.06217487,34.79185557],[115.06223201,34.7918587],[115.06224246,34.7918558],[115.06227677,34.79184631],[115.06236213,34.79182269],[115.06244466,34.7918063],[115.06268877,34.79175785],[115.06269456,34.7917567],[115.06308241,34.79167972],[115.06384767,34.7915998],[115.0640009,34.7915838],[115.06503275,34.79147603],[115.06497239,34.7905557],[115.06496667,34.79046845],[115.06496161,34.79039125],[115.06503735,34.79039412],[115.06523733,34.79040171],[115.06608802,34.79031442],[115.06686583,34.79023461],[115.06821002,34.79009666],[115.06974753,34.78993886],[115.07132108,34.78971567],[115.0713223,34.7897155],[115.07299521,34.78957852],[115.07304225,34.78957467],[115.07303978,34.78946785],[115.07302118,34.78866311],[115.07302092,34.78865174],[115.07302789,34.78865121],[115.0730852,34.78864679],[115.07478734,34.78851569],[115.07480122,34.78840149],[115.07480589,34.78836306],[115.07481733,34.788269],[115.07503935,34.78821025],[115.07514575,34.7881821],[115.07519847,34.78816814],[115.0753134,34.78816035],[115.07654811,34.78807655],[115.07665995,34.78806895],[115.076669,34.78806834],[115.07667627,34.78806785],[115.07668416,34.78806732],[115.07670407,34.788066],[115.07767719,34.78800128],[115.079031,34.78791122],[115.07908079,34.78818682],[115.07908474,34.78823289],[115.0792131,34.78972946],[115.07940707,34.79168252],[115.07944452,34.79174258],[115.07946566,34.79177649],[115.07949888,34.79202367],[115.07953661,34.79236156],[115.07959584,34.79281474],[115.07960439,34.79288113],[115.07961537,34.79296642],[115.07970042,34.79295673],[115.08004433,34.79291753],[115.08018464,34.79290154],[115.08043431,34.79287969],[115.08075531,34.79285338],[115.08079865,34.79284983],[115.08079879,34.79284982],[115.08079894,34.7928498],[115.08088216,34.79284298],[115.08088591,34.7928416],[115.08091103,34.7928323],[115.08100231,34.79279854],[115.08101328,34.79286116],[115.0810189,34.79289319],[115.0810419,34.79306691],[115.08108649,34.79357118],[115.08113142,34.7941011],[115.08113632,34.79415114],[115.08118327,34.79463096],[115.08123511,34.79516082],[115.08128695,34.79569068],[115.0813388,34.79622054],[115.08134874,34.79631662],[115.08139418,34.79675607],[115.08144635,34.79726067],[115.08144955,34.7972916],[115.08146248,34.79752096],[115.08146305,34.79753098],[115.08146614,34.79757348],[115.08147218,34.79765655],[115.08155903,34.7976501],[115.08199368,34.7976178],[115.08232167,34.79761739],[115.08251199,34.79761715],[115.08391261,34.79755719],[115.08412601,34.79753424],[115.08434298,34.79751092],[115.08443642,34.79750087],[115.08444452,34.7975645],[115.08448512,34.79788339],[115.08458002,34.7983892],[115.08463065,34.79846896],[115.08468088,34.7985481],[115.08474275,34.79854346],[115.08478888,34.79854],[115.08480645,34.79853868],[115.08508517,34.79851339],[115.08534381,34.79849035],[115.08556708,34.79847219],[115.08593298,34.79843468],[115.08612645,34.79841339],[115.08623593,34.79840134],[115.08684177,34.79834482],[115.08734011,34.79829733],[115.08803385,34.79822925],[115.0884117,34.79819703],[115.08880914,34.79816314],[115.0888352,34.79816408],[115.08893598,34.7981677],[115.0889509,34.79822732],[115.08897083,34.79830697],[115.08905808,34.79874203],[115.08915846,34.79926323],[115.08916309,34.79928724],[115.08926809,34.79983244],[115.08937991,34.80039911],[115.08938793,34.80050165],[115.08938892,34.80051436],[115.08939555,34.80059913],[115.08931046,34.80061021],[115.08924908,34.8006182],[115.08881654,34.80065928],[115.08796749,34.80073253],[115.0870229,34.80081663],[115.08607838,34.80090594],[115.08550353,34.80096585],[115.08513393,34.80100045],[115.08478011,34.8010323],[115.08442629,34.80106416],[115.08416099,34.80108804],[115.08407246,34.801096],[115.08378575,34.80111287],[115.08374661,34.80111517],[115.08373624,34.80111743],[115.08366986,34.80113188],[115.08336478,34.80115709],[115.08301412,34.80118891],[115.082955,34.80119526],[115.08266985,34.80122589],[115.08232558,34.80126287],[115.08199699,34.80128927],[115.08166837,34.80131306],[115.0814118,34.80133148],[115.08139588,34.80133262],[115.08133658,34.80133688],[115.08101111,34.80136064],[115.08091166,34.80137047],[115.08069207,34.80139217],[115.08037303,34.8014237],[115.080054,34.80145523],[115.07986747,34.80147366],[115.07973496,34.80148676],[115.07941592,34.80151829],[115.07909688,34.80154981],[115.0790457,34.80156352],[115.07898027,34.80158104],[115.07897526,34.80165974],[115.07897238,34.80170486],[115.0790104,34.80195239],[115.07900745,34.8019574],[115.07900515,34.80196129],[115.07900421,34.80196288],[115.07890012,34.80198468],[115.0783476,34.80206002],[115.07797503,34.80211028],[115.07760246,34.80216054],[115.07722989,34.8022108],[115.07715648,34.80221797],[115.07693612,34.80223949],[115.0767051,34.80228063],[115.07653536,34.80231087],[115.07642366,34.80232771],[115.07636949,34.80233588],[115.07636964,34.80239128],[115.07636988,34.80247671],[115.07641741,34.80272676],[115.0764682,34.80298462],[115.076519,34.80324248],[115.07656942,34.80347164],[115.07661985,34.8037008],[115.07668702,34.80411689],[115.07669647,34.80417541],[115.07659957,34.804199],[115.07655372,34.80421017],[115.07634856,34.80424329],[115.07602338,34.80429052],[115.07569821,34.80433775],[115.07536991,34.80438761],[115.07496594,34.8044564],[115.07479863,34.80448136],[115.07444308,34.80453776],[115.07442288,34.80454188],[115.07423228,34.80458069],[115.07395514,34.80463572],[115.07371622,34.80469182],[115.07357613,34.8047299],[115.07329226,34.80475047],[115.07308632,34.80478809],[115.07288673,34.80483964],[115.07284314,34.8048509],[115.07281659,34.80485776],[115.07281535,34.80485808],[115.07284197,34.80491308],[115.0728497,34.80492905],[115.07293986,34.80529615],[115.07303002,34.80566324],[115.07309995,34.80593398],[115.07316988,34.80620471],[115.07323981,34.80647545],[115.07330975,34.80674619],[115.07331053,34.80674921],[115.07337968,34.80701692],[115.07344329,34.80728771],[115.07350374,34.80755853],[115.07359076,34.80791474],[115.07364418,34.80813402],[115.07375122,34.80857335],[115.07376536,34.80863138],[115.07380446,34.80879184],[115.07384847,34.80896594],[115.0739111,34.8092137],[115.07397094,34.80940788],[115.07401741,34.80961052],[115.07406388,34.80981317],[115.07411709,34.81001576],[115.07412529,34.81004729],[115.07420582,34.81035711],[115.07426665,34.81061535],[115.07429148,34.81072074],[115.07437713,34.81108437],[115.07446953,34.81144794],[115.07456192,34.81181151],[115.07466107,34.81217502],[115.07475006,34.81253584],[115.07474739,34.8125746],[115.07474204,34.81265203],[115.07465126,34.81266824],[115.07452475,34.81269083],[115.07447565,34.81269959],[115.07397087,34.81278193],[115.07346601,34.8128587],[115.07296116,34.81293547],[115.07277314,34.81296319],[115.07243944,34.81301239],[115.07195144,34.813089],[115.07194805,34.81309147],[115.07181126,34.81319138],[115.07177811,34.81314679],[115.07120947,34.81323461],[115.07095084,34.81326814],[115.07058604,34.81330322],[115.07054461,34.81330721],[115.07051504,34.81331426],[115.07043535,34.81333327],[115.07036352,34.8133504],[115.0703665,34.81342515],[115.07037283,34.8135841],[115.07043214,34.81399803],[115.070509,34.81472613],[115.07057343,34.81537835],[115.07058097,34.81545468],[115.07047444,34.81544389],[115.07046121,34.81544255],[115.0704508,34.8154415],[115.07016759,34.81544677],[115.07016839,34.81545407],[115.07017523,34.81551624],[115.07019082,34.81620037],[115.07020662,34.81690119],[115.07022178,34.81720785],[115.07024317,34.81764077],[115.07025366,34.81819143],[115.07026592,34.81844934],[115.07026943,34.81852315],[115.07026959,34.81858636],[115.0702706,34.81899107],[115.07027941,34.81967225],[115.07028145,34.81983037],[115.07028806,34.82034104],[115.0703049,34.82135348],[115.07031097,34.82240317],[115.07030052,34.82247944],[115.07029088,34.8232332],[115.07032977,34.82394666],[115.07033497,34.82408191],[115.07037183,34.82502817],[115.07040172,34.82614959],[115.07041491,34.82623427],[115.0704262,34.82630681],[115.07032353,34.82630982],[115.07009607,34.82631648],[115.06955528,34.82633234],[115.06914484,34.82635316],[115.06913097,34.82635389],[115.0687518,34.82637384],[115.06863695,34.82637484],[115.06818127,34.82639606],[115.06773591,34.82640858],[115.06709582,34.82643428],[115.06648704,34.82645971],[115.0663346,34.82646515],[115.06595475,34.82647872],[115.06585527,34.82648857],[115.06579202,34.82649483],[115.06580693,34.82656161],[115.0658404,34.82671155],[115.06623835,34.82771594],[115.06634807,34.82799286],[115.06634902,34.82800811],[115.06637585,34.82844015],[115.06637667,34.82845332],[115.06638706,34.82859148],[115.06638977,34.82862759],[115.06637983,34.82874362],[115.06631312,34.82952186],[115.06628879,34.83036326],[115.06622112,34.83088446],[115.06621331,34.83094466],[115.0663696,34.83095388],[115.06641367,34.83095648],[115.06668087,34.83095767],[115.06681194,34.83095825],[115.06706597,34.83095602],[115.06718465,34.83095498],[115.06734056,34.83094933],[115.06737572,34.83094805],[115.0675167,34.83094876],[115.06775806,34.83094996],[115.06796481,34.8309473],[115.06892902,34.83093488],[115.06899908,34.83093398],[115.0690386,34.83093347],[115.06935411,34.83094121],[115.07002634,34.83094056],[115.07023551,34.83094601],[115.07025262,34.83094645],[115.07025737,34.83106726],[115.07026989,34.83129572],[115.07028169,34.83146902],[115.07029199,34.83152673],[115.07030942,34.83159743],[115.07033739,34.83171083],[115.07037372,34.83171163],[115.07074622,34.83171981],[115.07156863,34.83170499],[115.07200452,34.83168334],[115.07230247,34.83165502],[115.07228002,34.83161564],[115.07227321,34.83160369],[115.07227241,34.83160229],[115.0723338,34.83149563],[115.07251942,34.83106838],[115.07260659,34.83089305],[115.07261257,34.83088103],[115.07263976,34.83085111],[115.07268568,34.83080058],[115.07276498,34.83079594],[115.07305975,34.83077872],[115.07330642,34.83077333],[115.07370622,34.83075667],[115.07404382,34.8307493],[115.07417758,34.83074639],[115.07461459,34.83073202],[115.07481349,34.83072705],[115.07502966,34.83071201],[115.07578459,34.83065944],[115.07579246,34.8306591],[115.07579569,34.83065897],[115.07580838,34.83065842],[115.07608539,34.83064546],[115.07627334,34.8306438],[115.07645173,34.83064223],[115.07777642,34.8305911],[115.07800578,34.83058907],[115.07891333,34.83055476],[115.07924134,34.83054397],[115.07949286,34.83053124],[115.08043867,34.8304992],[115.08053394,34.83049767],[115.08080497,34.83049333],[115.08184621,34.83044993],[115.08214687,34.83044253],[115.08218062,34.8304417],[115.08220817,34.83044021],[115.08241303,34.83042913],[115.08279709,34.8304175],[115.08279711,34.83041791],[115.08279735,34.83042251],[115.08279748,34.83042518],[115.08279813,34.83043797],[115.08280148,34.8305036],[115.08280707,34.83061347],[115.08279635,34.83073838],[115.08279031,34.83080423],[115.08278382,34.83087496],[115.08269783,34.83087772],[115.08267912,34.83087832],[115.08234956,34.83087739],[115.08217435,34.8308828],[115.08204114,34.83088399],[115.08187522,34.83088546],[115.08178182,34.83089207],[115.08178186,34.83089277],[115.08178496,34.83095372],[115.08178925,34.83100913],[115.08179668,34.83110145],[115.08178533,34.83110172],[115.08172525,34.83110314],[115.08162246,34.83110556],[115.08160493,34.83110572],[115.08149177,34.83110672],[115.08131749,34.8311057],[115.08114946,34.8311072],[115.08091619,34.83111697],[115.08080079,34.83109746],[115.08060419,34.83105558],[115.08043556,34.83101088],[115.08032121,34.83099397],[115.0803046,34.83099151],[115.08028348,34.8309923],[115.08018787,34.83099584],[115.08011493,34.83100346],[115.08010951,34.8310061],[115.08003453,34.83104267],[115.08003115,34.8310427],[115.07997852,34.83104316],[115.07977408,34.83105661],[115.07970801,34.83106096],[115.07967355,34.83106161],[115.07944977,34.83106582],[115.07942183,34.83107371],[115.07934638,34.83109502],[115.07935064,34.83110006],[115.07935919,34.83116483],[115.0793679,34.83123078],[115.07939771,34.8313691],[115.079429,34.83162031],[115.07947544,34.8318406],[115.07949221,34.83193283],[115.07950447,34.83199558],[115.07951947,34.83207235],[115.07959782,34.83206536],[115.07966191,34.83205964],[115.08000697,34.83203092],[115.08032707,34.83199728],[115.08033654,34.83200747],[115.08034992,34.8320792],[115.08038657,34.83226365],[115.0804128,34.83236606],[115.08047042,34.83271478],[115.08048197,34.83291054],[115.08050798,34.83335123],[115.08051332,34.83411361],[115.08051358,34.8341508],[115.0805243,34.83426783],[115.0806904,34.83608151],[115.07987433,34.83614264],[115.07987225,34.83614279],[115.07989262,34.83626924],[115.08020318,34.83819772],[115.08021381,34.8382637],[115.08021686,34.83828265],[115.08020374,34.83827988],[115.08004453,34.8382462],[115.07915473,34.83805797],[115.07915658,34.83829211],[115.07917153,34.84018272],[115.07863793,34.84054037],[115.07832545,34.84074981],[115.07827304,34.84078494],[115.07827829,34.84081524],[115.07833906,34.84116577],[115.07838619,34.84143761],[115.07862211,34.84279838],[115.0790843,34.84546411],[115.07909927,34.84555042],[115.07897597,34.84556471],[115.07814523,34.84566099],[115.07803675,34.84567357],[115.07805098,34.84573286],[115.07814411,34.84612089],[115.07818786,34.84630314],[115.07818165,34.8463042],[115.07771995,34.84638297],[115.07768043,34.84638971],[115.07757094,34.84640839],[115.07750128,34.84642027],[115.07752892,34.84654713],[115.07789295,34.84821787],[115.07790181,34.84825853],[115.0779135,34.84831215],[115.07790499,34.84831273],[115.07731926,34.84835259],[115.07717758,34.84836223],[115.07718571,34.84840521],[115.07719527,34.84845578],[115.07720465,34.84850535],[115.07721711,34.84857129],[115.07749954,34.8500649],[115.07781119,34.85154536],[115.07783198,34.85162913],[115.07787656,34.85180872],[115.07788511,34.85184317],[115.07777155,34.85187373],[115.07757484,34.85192669],[115.07752343,34.85194052],[115.07654759,34.85213814],[115.07644177,34.85215957],[115.07653543,34.85225345],[115.07656212,34.85241814],[115.07661705,34.85275704],[115.07671819,34.85331923],[115.07675906,34.85357567],[115.07681534,34.8538629],[115.07681842,34.85387306],[115.07684307,34.85395432],[115.07683202,34.85396019],[115.07680547,34.8539743],[115.0767892,34.85398294],[115.07667508,34.85404359],[115.07653374,34.85414075],[115.07652668,34.85417484],[115.07650677,34.85420401],[115.07647144,34.85425577],[115.0764248,34.85430255],[115.07639364,34.85433381],[115.07639085,34.8543363],[115.07637432,34.85435108],[115.07634041,34.85438137],[115.07629478,34.85442213],[115.07659858,34.856102],[115.07661192,34.85613586],[115.07666598,34.856273],[115.07728269,34.85783761],[115.07732675,34.85794938],[115.07736906,34.85805671],[115.07737895,34.85808181],[115.07971752,34.86069717],[115.07976965,34.86075547],[115.07977691,34.86076359],[115.07978843,34.86077648],[115.08147798,34.86077045],[115.08163427,34.8607699],[115.08168884,34.8607697],[115.08168502,34.86087285],[115.08166928,34.86129732],[115.08164547,34.86193913],[115.08164238,34.86202237],[115.08175663,34.86202574],[115.0821301,34.86203675],[115.0842093,34.862098],[115.08613837,34.8621548],[115.08619906,34.86215659],[115.08620366,34.86221049],[115.0863592,34.86403338],[115.08636235,34.86407038],[115.08646725,34.86407176],[115.08699436,34.86407872],[115.08715075,34.86408078],[115.08718353,34.86408122],[115.08717514,34.86448364],[115.08714299,34.86602562],[115.08811063,34.86600906],[115.08814016,34.86509672],[115.08812901,34.86459954],[115.08813644,34.86371751],[115.08819186,34.86371683],[115.08820656,34.86371664],[115.08825183,34.86371609],[115.09254151,34.8636633],[115.09331545,34.86365376],[115.09380148,34.86364777],[115.09462014,34.86363767],[115.09726053,34.86360506],[115.09731999,34.86360432],[115.09740138,34.86360332],[115.09731738,34.86260066],[115.09992112,34.8623939],[115.09998469,34.86238885],[115.09997226,34.862309],[115.0999258,34.86201074],[115.0998979,34.86183166],[115.09976007,34.86087586],[115.09963731,34.85992405],[115.09937729,34.85805768],[115.09922904,34.85691995],[115.09922466,34.85688633],[115.09931594,34.85688343],[115.09932193,34.85688324],[115.10104899,34.85682834],[115.10116002,34.85749312],[115.10175326,34.86104512],[115.10175733,34.86106946],[115.10185945,34.86168084],[115.10193691,34.86214462],[115.10192929,34.86214538],[115.10076553,34.86226199],[115.10068692,34.86226987],[115.10065853,34.86227271],[115.10066061,34.86229268],[115.10066935,34.86237681],[115.10084162,34.86403425],[115.10092407,34.8648274],[115.10092737,34.86485918],[115.10092877,34.86487266],[115.10093436,34.86487247],[115.10109027,34.86486726],[115.10445117,34.86475487],[115.10454168,34.86475184],[115.10454235,34.86481119],[115.10456754,34.86703406],[115.10456768,34.8670462],[115.10456884,34.86716043],[115.10458662,34.86890099],[115.10458732,34.86896936],[115.10460114,34.86896947],[115.10547608,34.86897624],[115.10550832,34.86897649],[115.10564545,34.86715471],[115.10564767,34.86712524],[115.10602184,34.8671211],[115.10606382,34.86712064],[115.10606251,34.86709161],[115.10604839,34.86677811],[115.10598994,34.86548062],[115.10598856,34.86544988],[115.10579775,34.8636827],[115.10654208,34.86365564],[115.10670032,34.86364989],[115.10674756,34.86364817],[115.10689546,34.86670215],[115.10691171,34.86703762],[115.10691727,34.86715233],[115.10658741,34.86714229],[115.10658388,34.86816868],[115.10658089,34.86903754],[115.10658079,34.86906744],[115.10660602,34.86906585],[115.10793411,34.86898263],[115.108476,34.86894867],[115.10947263,34.8688862],[115.10965923,34.8691065],[115.11027429,34.86983261],[115.11041497,34.86999868],[115.11073498,34.87051614],[115.11078298,34.87059374],[115.11078348,34.87065385],[115.1107878,34.8711748],[115.11079158,34.87162971],[115.11078265,34.87216464],[115.11077286,34.87241741],[115.11075729,34.8728196],[115.11073772,34.87332503],[115.1107358,34.87337479],[115.1108017,34.87337581],[115.11425899,34.87342921],[115.11663901,34.87346591],[115.11667105,34.87346641],[115.11667314,34.87344484],[115.11690893,34.87101155],[115.11695614,34.8710171],[115.11704049,34.871027],[115.11776022,34.87111152],[115.12032485,34.87141263],[115.12050513,34.87143379],[115.12059528,34.87144437],[115.12065065,34.87145395],[115.12285792,34.87183571],[115.12355409,34.87195611],[115.12356522,34.87195804],[115.12372533,34.87197917],[115.12449802,34.87208116],[115.1253003,34.87218702],[115.12539444,34.87219944],[115.12539215,34.87227425],[115.12539028,34.87233531],[115.12536058,34.87330687],[115.12535717,34.87341842],[115.12535694,34.87342612],[115.12537201,34.87342692],[115.12544629,34.87343085],[115.12592395,34.87345611],[115.12591442,34.87384376],[115.12599659,34.87384841],[115.1260962,34.87385405],[115.12634666,34.87386824],[115.12634665,34.87360663],[115.12634665,34.87356982],[115.12661292,34.8736803],[115.12750527,34.87405056],[115.12967485,34.87414286],[115.12977096,34.87414695],[115.12977263,34.87415196],[115.12977787,34.87416762],[115.12985469,34.87439742],[115.13015708,34.87501758],[115.13027185,34.87520524],[115.13031281,34.8752722],[115.13040087,34.87525893],[115.13040395,34.87525911],[115.13086463,34.87528478],[115.13119767,34.87530609],[115.13136804,34.87531168],[115.13143645,34.87531392],[115.13149334,34.87531872],[115.13151319,34.87532039],[115.13150309,34.87560047],[115.13149626,34.87579142],[115.13149313,34.87587866],[115.13149301,34.87588199],[115.13147375,34.87593949],[115.13156021,34.8759546],[115.13156323,34.8759543],[115.13220775,34.87589046],[115.13221611,34.87588963],[115.13229611,34.8759128],[115.13230215,34.87597898],[115.13245334,34.8776343],[115.1324849,34.87791264],[115.13251601,34.87830801],[115.13258019,34.87911805],[115.13258087,34.87912666],[115.13258654,34.87919814],[115.1326768,34.87919114],[115.13272314,34.87918754],[115.13281229,34.87918061],[115.13297645,34.87915855],[115.1331162,34.87913976],[115.13320255,34.87913267],[115.13322065,34.87913119],[115.13322714,34.87915647],[115.13325675,34.87952118],[115.13332697,34.88037977],[115.13336398,34.88083566],[115.13340438,34.88131433],[115.13346624,34.88213096],[115.13347575,34.88225654],[115.13347562,34.88225716],[115.13345973,34.88233039],[115.13355058,34.88232701],[115.13384439,34.88231605],[115.13410078,34.88230648],[115.13419636,34.88230135],[115.13426529,34.88229765],[115.13434396,34.88229343],[115.13473058,34.88227267],[115.13507195,34.88225434],[115.13574499,34.88221765],[115.13591148,34.88220777],[115.13604404,34.88219991],[115.13604922,34.8821996],[115.13612688,34.88217936],[115.13612568,34.88210849],[115.13611291,34.88135524],[115.13610953,34.88115633],[115.13610348,34.88079927],[115.13572154,34.8800074],[115.13569671,34.87995593],[115.13565867,34.87986894],[115.13557908,34.87947355],[115.13549327,34.87902616],[115.13533369,34.87819341],[115.13533349,34.87819238],[115.13531153,34.87812238],[115.13522802,34.87811187],[115.13522606,34.87811189],[115.13496003,34.87811357],[115.13447552,34.87811663],[115.1341052,34.87811565],[115.13409649,34.87811563],[115.13401437,34.87811027],[115.13401314,34.87804624],[115.13401245,34.8780382],[115.1339976,34.87786466],[115.13399403,34.87782286],[115.13397715,34.87762554],[115.13392062,34.87696908],[115.13391453,34.87689841],[115.13400264,34.87689875],[115.13451375,34.87690072],[115.13482142,34.87690464],[115.13483368,34.87690284],[115.13483786,34.87690222],[115.13481493,34.87674027],[115.13479593,34.87660616],[115.13479528,34.87660156],[115.1347888,34.87652992],[115.1348759,34.87654181],[115.13487686,34.87654194],[115.13505145,34.87655617],[115.13512756,34.87656237],[115.13533272,34.87657908],[115.1362304,34.8766522],[115.13687547,34.87670368],[115.13722505,34.87673157],[115.13766164,34.87676625],[115.13788386,34.87678391],[115.13847809,34.87683152],[115.138856,34.8768636],[115.13943731,34.87691294],[115.13977317,34.87693904],[115.13977359,34.87693931],[115.13984001,34.87698063],[115.1399303,34.87699378],[115.13993485,34.87699444],[115.14102779,34.87702101],[115.14179079,34.87703934],[115.14256725,34.87706208],[115.14266519,34.87706495],[115.14325503,34.87708223],[115.14411773,34.87710527],[115.14464723,34.87711803],[115.14488651,34.8771238],[115.14488556,34.87725487],[115.14488504,34.87732754],[115.14497544,34.87732979],[115.14524172,34.87733643],[115.14547052,34.8773423],[115.14604963,34.87735715],[115.14650484,34.87736807],[115.14659237,34.87737016],[115.14689085,34.87737028],[115.14691047,34.87737029],[115.1469464,34.87719765],[115.14694952,34.87718266],[115.14781077,34.87710713],[115.1483413,34.8770606],[115.14834518,34.87706026],[115.14842019,34.87704863],[115.14843872,34.87697823],[115.14843868,34.87697574],[115.14843576,34.87676603],[115.14857873,34.87676406],[115.14879636,34.87676107],[115.14915892,34.87675608],[115.14915885,34.87675438],[115.14915358,34.87662215],[115.14913565,34.87617267],[115.14913575,34.87616394],[115.14913663,34.87608522],[115.14922522,34.87607292],[115.14923271,34.87607188],[115.15065464,34.8759336],[115.15070571,34.87592892],[115.1512361,34.87588028],[115.1517552,34.87583268],[115.15241915,34.87576769],[115.15281406,34.87572903],[115.15331896,34.87568002],[115.15374058,34.8756391],[115.15380648,34.87563314],[115.15393346,34.87562167],[115.15393744,34.87562121],[115.15402609,34.87561104],[115.15401807,34.87554241],[115.15395711,34.87502062],[115.15389961,34.87434211],[115.1536306,34.87211685],[115.15361721,34.87200611],[115.15366258,34.87200142],[115.15385964,34.87198108],[115.1538867,34.87197829],[115.15391332,34.87197554],[115.1539761,34.87196906],[115.15472989,34.87189123],[115.15480028,34.87188396],[115.15546828,34.87181499],[115.1557731,34.87178351],[115.1559274,34.87176758],[115.15597648,34.87176251],[115.1566782,34.87169005],[115.16074045,34.87126999],[115.16155696,34.87113711],[115.16166621,34.87111934],[115.16179646,34.87109814],[115.16183787,34.87109152],[115.16287419,34.87092591],[115.16353598,34.87082015],[115.16375727,34.87077367],[115.16506453,34.87049907],[115.16632315,34.87018898],[115.16793711,34.8700311],[115.16952667,34.86985004],[115.16957016,34.86984509],[115.16964996,34.86979515],[115.17020494,34.86944784],[115.17083413,34.86905408],[115.17108023,34.86890007],[115.17121383,34.86881645],[115.17123229,34.8688049],[115.17070706,34.86821192],[115.17062745,34.86812202],[115.17067297,34.86809407],[115.17104595,34.86786501],[115.17114376,34.86780494],[115.17089858,34.86736945],[115.17084045,34.86726621],[115.17087581,34.86725771],[115.17271119,34.86681627],[115.17274527,34.86680807],[115.17322109,34.86669362],[115.17532236,34.86618817],[115.17541718,34.86610201],[115.17581814,34.86578611],[115.17629752,34.86540842],[115.17675141,34.86509528],[115.17796273,34.86425955],[115.1780599,34.86419251],[115.17805036,34.86413602],[115.17787091,34.86307298],[115.17785769,34.86299467],[115.17789649,34.86296809],[115.18035969,34.86128026],[115.18126241,34.86066167],[115.18171069,34.86035264],[115.18234559,34.85991496],[115.1836987,34.85901783],[115.18393207,34.85886311],[115.18497167,34.8581716],[115.18544432,34.8578572],[115.18552792,34.85779664],[115.1868396,34.85684636],[115.18690279,34.85686982],[115.18884422,34.85759082],[115.18931121,34.8577572],[115.18948814,34.85781955],[115.18984612,34.8579457],[115.18996604,34.85798876],[115.19050266,34.85818143],[115.1905648,34.85820452],[115.19115239,34.85842292],[115.19121767,34.85843796],[115.19132437,34.85846254],[115.19140348,34.85848076],[115.19149596,34.85848066],[115.19167851,34.85848045],[115.19226973,34.85847466],[115.19251562,34.85847173],[115.19251689,34.85847172],[115.19251763,34.85847223],[115.19258036,34.85847162],[115.19268438,34.8584706],[115.19285678,34.85846891],[115.19292653,34.85846549],[115.19321939,34.85845111],[115.19326873,34.85844743],[115.19335847,34.85844073],[115.19342132,34.85839495],[115.19367895,34.8582073],[115.19432563,34.85775939],[115.19482825,34.8573891],[115.19483512,34.85738403],[115.19486199,34.85736522],[115.19495999,34.8572966],[115.19537567,34.85700553],[115.19555573,34.85687428],[115.19568484,34.85678018],[115.19570054,34.85676873],[115.19612081,34.85665102],[115.19620562,34.85662727],[115.19629,34.85661479],[115.19647547,34.85658734],[115.19697512,34.85648841],[115.19752643,34.85638396],[115.19821524,34.85625346],[115.19845014,34.85620896],[115.19895483,34.85610754],[115.19986632,34.85592436],[115.20016597,34.85586795],[115.20115085,34.85568252],[115.20130343,34.85565379],[115.20132277,34.85564924],[115.20182303,34.85553163],[115.20191188,34.85551074],[115.2019907,34.85549073],[115.20203585,34.85547926],[115.20205073,34.85547548],[115.20268845,34.85536663],[115.20412588,34.85511881],[115.20450125,34.85505483],[115.20472913,34.85501598],[115.20476258,34.85501166],[115.20485158,34.85500015],[115.20487277,34.8550719],[115.20492443,34.85524687],[115.20494923,34.85533085],[115.20495516,34.85532989],[115.20499859,34.85532284],[115.20530997,34.85527233],[115.20566502,34.85521183],[115.20569824,34.85520069],[115.205766,34.85517797],[115.20577434,34.85517518],[115.20576193,34.85510923],[115.20574891,34.85504007],[115.20568409,34.85475563],[115.20567883,34.85473253],[115.20567507,34.85471603],[115.20561545,34.85449075],[115.20559461,34.854412],[115.20559316,34.85440473],[115.20554028,34.85413988],[115.20552601,34.85406843],[115.2056036,34.85404956],[115.20600899,34.85395095],[115.20601636,34.85394916],[115.20605888,34.85394076],[115.20665382,34.85382319],[115.20731895,34.85369979],[115.20785975,34.85358048],[115.2080376,34.85354744],[115.20807059,34.85354131],[115.20837859,34.8534841],[115.20894532,34.85337883],[115.20912864,34.85333894],[115.2092128,34.85332063],[115.20919698,34.85325533],[115.20915762,34.85309287],[115.20913741,34.85300943],[115.20906987,34.85276884],[115.20903533,34.85264579],[115.2090316,34.85262753],[115.20899579,34.85245205],[115.20898059,34.85237762],[115.20905877,34.85234924],[115.20914104,34.85231937],[115.20917824,34.85230586],[115.20989531,34.85219048],[115.20991529,34.85218826],[115.21001637,34.85217704],[115.21011104,34.85216652],[115.21015202,34.85222903],[115.21034661,34.85252584],[115.21038133,34.85257879],[115.21046088,34.85270871],[115.21058361,34.85290912],[115.21069927,34.85309798],[115.21072119,34.85313379],[115.21099529,34.85368089],[115.21110081,34.85387287],[115.21113412,34.85393347],[115.21121798,34.85391045],[115.21154637,34.85382033],[115.21158808,34.85380888],[115.21170775,34.85377375],[115.21195969,34.85369978],[115.21221923,34.85362277],[115.21230501,34.85359731],[115.21238469,34.85357599],[115.21272439,34.85348511],[115.21281434,34.85346105],[115.21316681,34.85337702],[115.21328447,34.85334897],[115.2132898,34.85334697],[115.21332834,34.85333252],[115.21340587,34.85330344],[115.213412,34.85323495],[115.21341594,34.85319093],[115.2134024,34.85298788],[115.2134017,34.85297728],[115.21339785,34.85291827],[115.21457023,34.85267728],[115.21540461,34.85250562],[115.215437,34.85249896],[115.21633992,34.85222617],[115.21672387,34.85211345],[115.21720083,34.85197342],[115.21722518,34.8519649],[115.21730192,34.85193803],[115.217272,34.85186913],[115.2172565,34.85183342],[115.21724327,34.85180297],[115.21715299,34.85141803],[115.2170862,34.85111888],[115.21706106,34.8510063],[115.21703693,34.85089821],[115.21697787,34.8506416],[115.21691829,34.85038276],[115.21679446,34.84987391],[115.21676464,34.84975172],[115.21675569,34.84971503],[115.21667347,34.84937811],[115.21656334,34.84890182],[115.21652734,34.84875659],[115.21644529,34.84842561],[115.21634058,34.84795798],[115.21633318,34.84792551],[115.216236,34.84749907],[115.21620319,34.84737531],[115.21619681,34.84735123],[115.2161974,34.84735079],[115.21621924,34.84733465],[115.21623866,34.8473203],[115.2162675,34.847316],[115.21635658,34.84730273],[115.21644177,34.84730697],[115.21652142,34.84731093],[115.21653971,34.84729549],[115.21653308,34.84716489],[115.21652854,34.84707543],[115.21652793,34.84703462],[115.21652793,34.84703402],[115.21673819,34.84694908],[115.21700695,34.84693067],[115.21711062,34.84692356],[115.21715369,34.84691862],[115.21729802,34.84690207],[115.21732516,34.84689343],[115.21740854,34.84686688],[115.21741418,34.8467962],[115.21742764,34.84662729],[115.21743086,34.84658684],[115.21744707,34.84625098],[115.21744852,34.84615206],[115.21745102,34.84598063],[115.2174572,34.84587595],[115.21746148,34.84580342],[115.21744151,34.84573253],[115.21741142,34.84562571],[115.21733474,34.84536256],[115.21726384,34.84511928],[115.21710958,34.84469792],[115.21696328,34.84427867],[115.21693781,34.8441951],[115.21686327,34.84395051],[115.21669252,34.84348572],[115.21641357,34.84272749],[115.21635665,34.84257279],[115.21627942,34.84236286],[115.21610362,34.84173463],[115.21590935,34.84110876],[115.21580811,34.84084243],[115.21546934,34.83995128],[115.21530975,34.83947766],[115.21528413,34.83940163],[115.21509644,34.83886289],[115.21489554,34.83832429],[115.2147445,34.83781003],[115.21471743,34.83771788],[115.21451297,34.83720913],[115.21448969,34.8371512],[115.21438598,34.83686406],[115.21426924,34.83654085],[115.21412842,34.83609478],[115.21409047,34.83597458],[115.21406961,34.8359085],[115.21387926,34.83533782],[115.21385945,34.83527843],[115.2136278,34.8346246],[115.21345749,34.83418814],[115.21337966,34.83409617],[115.21336632,34.8340804],[115.21332029,34.83402602],[115.21339685,34.83401301],[115.21480643,34.83377348],[115.21577525,34.83365492],[115.21674362,34.83350642],[115.21772815,34.83335207],[115.21787748,34.83330737],[115.21795701,34.83328356],[115.21795825,34.83328341],[115.21812396,34.8332637],[115.2181322,34.83326272],[115.21837841,34.83321891],[115.21909798,34.83310362],[115.21945501,34.83304797],[115.22000974,34.83294074],[115.22059458,34.83283569],[115.2207784,34.83280314],[115.2208483,34.83279076],[115.22117344,34.83273318],[115.22180025,34.83262027],[115.22243616,34.83251222],[115.22279916,34.83245402],[115.22283856,34.83245933],[115.22291003,34.83246898],[115.22290977,34.83241027],[115.22290947,34.83234465],[115.22290907,34.8322562],[115.22287176,34.83205407],[115.22281707,34.83166609],[115.22280096,34.8315518],[115.22276249,34.8312713],[115.2227208,34.83095163],[115.22267382,34.83063202],[115.22264191,34.83046166],[115.22252158,34.82962104],[115.22250557,34.82951488],[115.22249502,34.82944493],[115.22248457,34.82937565],[115.22257247,34.82936083],[115.22283029,34.82931738],[115.2229946,34.82928968],[115.22369794,34.8291781],[115.22397885,34.8291343],[115.22441449,34.82906637],[115.22466717,34.82902468],[115.22476222,34.82900899],[115.22475531,34.8289559],[115.22473621,34.82880922],[115.22472386,34.82871441],[115.22470193,34.82854597],[115.22470047,34.82853476],[115.22470008,34.82853181],[115.22466371,34.82825249],[115.22459702,34.82783072],[115.22456202,34.82761591],[115.2245479,34.82748435],[115.22453942,34.82740526],[115.22460916,34.82739165],[115.22472392,34.82736923],[115.22483168,34.82734819],[115.22507405,34.82732456],[115.22510174,34.82732186],[115.22537804,34.82728759],[115.22550226,34.82726992],[115.22569554,34.82724241],[115.22579478,34.82723259],[115.22590205,34.82722197],[115.226367,34.82715957],[115.22657841,34.82713119],[115.22667607,34.82712013],[115.2267817,34.82710815],[115.2268002,34.82710428],[115.22684826,34.82709423],[115.22693422,34.82707625],[115.2269488,34.82701781],[115.22695755,34.82698274],[115.22695933,34.82675605],[115.22696349,34.82651662],[115.22696244,34.82627302],[115.22694637,34.82621142],[115.22692546,34.82613126],[115.22692557,34.82607756],[115.2269258,34.82596727],[115.22694686,34.82584],[115.22696118,34.82575345],[115.22695863,34.8256693],[115.2269614,34.82533668],[115.22696418,34.82500406],[115.22696128,34.82497113],[115.22695535,34.82490355],[115.22703107,34.82489723],[115.22792845,34.82482244],[115.22840398,34.82477301],[115.22915003,34.82471787],[115.22989599,34.82465678],[115.23063834,34.82459572],[115.23112834,34.82454911],[115.23125341,34.82454264],[115.23127051,34.82454176],[115.23127947,34.82452231],[115.23133143,34.82440961],[115.23137291,34.82431963],[115.23149176,34.8241292],[115.23161073,34.82394737],[115.23162216,34.82392862],[115.23169762,34.82380492],[115.23175327,34.82371369],[115.23186872,34.82352903],[115.23213701,34.82310198],[115.23232661,34.82282718],[115.23234991,34.82279341],[115.23244717,34.82266695],[115.23263105,34.82241068],[115.23263338,34.82240744],[115.2326411,34.82240666],[115.23291476,34.82237901],[115.23292457,34.82237802],[115.23293384,34.82237746],[115.23333246,34.82235328],[115.23379186,34.82231652],[115.23418907,34.82227782],[115.23430059,34.82226617],[115.23456939,34.82223811],[115.234969,34.82221086],[115.23518355,34.82218549],[115.23526357,34.82217603],[115.23535043,34.82217149],[115.23555136,34.822161],[115.23570899,34.82214377],[115.23589212,34.82212939],[115.23589194,34.82214069],[115.23589122,34.82218524],[115.23588681,34.82252739],[115.23586958,34.82274762],[115.2358462,34.82297963],[115.23582772,34.82322201],[115.23581042,34.82329685],[115.23579593,34.82335951],[115.23577768,34.8234385],[115.23577309,34.82345833],[115.23629779,34.82337324],[115.23663563,34.82331348],[115.23704673,34.82326299],[115.23704691,34.82326293],[115.23710418,34.82324246],[115.237596,34.82316542],[115.23806762,34.82308858],[115.2385587,34.82300114],[115.23905879,34.82292503],[115.23955977,34.82282184],[115.23977005,34.82277767],[115.23983147,34.82276476],[115.23982897,34.82275265],[115.23980968,34.82265929],[115.2397988,34.82260664],[115.2396999,34.82212099],[115.23965899,34.82193059],[115.23959971,34.82165472],[115.23959049,34.8216186],[115.23953563,34.82137166],[115.23950002,34.8212212],[115.23949848,34.82121825],[115.23942286,34.82107356],[115.23923478,34.82084642],[115.23908944,34.82059506],[115.23907343,34.82056669],[115.23904823,34.82052202],[115.23899669,34.82043067],[115.23896519,34.82026041],[115.23887757,34.81990345],[115.23885181,34.81974333],[115.23885,34.81973207],[115.23889658,34.81972845],[115.23921311,34.8197039],[115.23970027,34.81968863],[115.2403798,34.81966728],[115.24093937,34.81964715],[115.24114834,34.8196371],[115.24121213,34.81963403],[115.24120164,34.81955568],[115.24117802,34.81937915],[115.24113578,34.81913362],[115.2410795,34.81880978],[115.24100742,34.81846066],[115.24095035,34.8181457],[115.24093455,34.81805854],[115.24085914,34.81765856],[115.24078373,34.81725859],[115.24071604,34.81685853],[115.24064641,34.8165009],[115.24064109,34.81647599],[115.24062749,34.81641225],[115.2405373,34.81641467],[115.24036752,34.81641922],[115.24022039,34.81644296],[115.24003091,34.81646181],[115.23986526,34.81648766],[115.23986293,34.81648061],[115.23983674,34.81640169],[115.2398216,34.81635607],[115.2397628,34.81605568],[115.23975218,34.81600143],[115.2396226,34.81538558],[115.23956496,34.81512603],[115.23956065,34.81510663],[115.23954328,34.81502844],[115.23950668,34.81486367],[115.23944921,34.81486206],[115.23882918,34.81484468],[115.23891284,34.81659056],[115.23892637,34.81687291],[115.23894555,34.81727316],[115.23853986,34.8173209],[115.23852559,34.81712011],[115.23849137,34.81663869],[115.23836554,34.81486864],[115.23791594,34.81489775],[115.23759546,34.8149185],[115.237387,34.81493199],[115.2368877,34.81496432],[115.23686907,34.81460566],[115.23685358,34.81430755],[115.23682956,34.81384531],[115.23682055,34.81368653],[115.23681747,34.81363225],[115.23677144,34.81282154],[115.23675918,34.81279358],[115.23675642,34.81278728],[115.23663787,34.81251684],[115.23663553,34.81251149],[115.23660841,34.81244963],[115.23651056,34.8122264],[115.23639462,34.81201215],[115.23648153,34.81189308],[115.23660162,34.81188108],[115.23660384,34.81188086],[115.23660413,34.81188083],[115.23731615,34.81180828],[115.23743774,34.81179756],[115.23952403,34.81167788],[115.2399297,34.81170156],[115.24003149,34.81173954],[115.24004624,34.81174505],[115.24024847,34.8118205],[115.24053827,34.81198707],[115.24061892,34.81200914],[115.24065395,34.81201872],[115.24079907,34.81205841],[115.24129168,34.81212968],[115.2408985,34.81133099],[115.24088148,34.81129641],[115.2407409,34.81101084],[115.2413633,34.81099874],[115.24153662,34.81099538],[115.2415373,34.81099536],[115.24157131,34.8109947],[115.24198687,34.81098662],[115.24197839,34.81083053],[115.24197526,34.81077279],[115.24197481,34.81076451],[115.2419737,34.8107442],[115.24195668,34.81043083],[115.24194776,34.81026653],[115.24193868,34.8100994],[115.24193327,34.80999965],[115.24193205,34.80997737],[115.24192868,34.80991524],[115.24250832,34.81046265],[115.24260679,34.81046262],[115.24268218,34.81046259],[115.24279806,34.81039113],[115.24285599,34.81027206],[115.24285596,34.81017073],[115.24285595,34.81012921],[115.24280258,34.8100525],[115.24274001,34.80996259],[115.24240593,34.80976895],[115.2424031,34.80976731],[115.24224736,34.80967705],[115.24201553,34.80955808],[115.24192856,34.80936764],[115.2424233,34.80934608],[115.24243742,34.80934546],[115.24247909,34.80934364],[115.24244533,34.80926972],[115.24239212,34.8091532],[115.24227618,34.80898658],[115.24224717,34.80881993],[115.24221891,34.80868656],[115.24221489,34.80866759],[115.24213115,34.80827236],[115.24254041,34.8082025],[115.2425418,34.80820227],[115.24327149,34.80807771],[115.24450701,34.8078668],[115.24441285,34.80737011],[115.24440859,34.8073476],[115.24430392,34.80679547],[115.24531487,34.80672127],[115.245315,34.80672126],[115.2453203,34.80672087],[115.24533169,34.80672004],[115.24709094,34.80659089],[115.24712094,34.80658869],[115.24712981,34.80658804],[115.24821541,34.80650833],[115.24800955,34.80562392],[115.24799997,34.80558277],[115.24798937,34.80553724],[115.247936,34.80530792],[115.2478796,34.80506563],[115.24787349,34.80503938],[115.24772224,34.80438954],[115.2466492,34.80447597],[115.24653434,34.80448522],[115.24583897,34.80448547],[115.2457962,34.80450055],[115.24579251,34.80450185],[115.24563618,34.80455697],[115.24560725,34.80474745],[115.24554934,34.80489032],[115.24547024,34.80489566],[115.24485789,34.80493695],[115.24412964,34.80498606],[115.24372398,34.80489096],[115.24363702,34.80470052],[115.24349211,34.80453391],[115.24285466,34.80443889],[115.2428496,34.80433177],[115.24284897,34.80431847],[115.24283236,34.80396695],[115.24281812,34.80366547],[115.24281709,34.8036437],[115.24280426,34.80337209],[115.24280248,34.80333446],[115.24280165,34.80331688],[115.2427976,34.80323128],[115.24278746,34.80301663],[115.24274973,34.80221802],[115.24274892,34.80220086],[115.24272869,34.80177281],[115.24269221,34.8010007],[115.24269158,34.8009875],[115.24268875,34.8009275],[115.24268717,34.800894],[115.2426235,34.79954636],[115.2426218,34.79951052],[115.24201339,34.79948691],[115.24169468,34.7994394],[115.24114417,34.7992491],[115.24082545,34.79905873],[115.24056469,34.79903501],[115.2401591,34.79908275],[115.23901536,34.79915769],[115.23896335,34.7991611],[115.23833388,34.79920234],[115.23775439,34.79889299],[115.23564201,34.79891476],[115.23564187,34.79891476],[115.23562594,34.79891492],[115.23537869,34.79891747],[115.23538267,34.79910639],[115.23539819,34.79984154],[115.23539875,34.79986801],[115.23540783,34.80029838],[115.23530875,34.80030467],[115.23525692,34.80030796],[115.23524738,34.80030857],[115.23390127,34.80039402],[115.23401721,34.80089398],[115.23368573,34.80089406],[115.23365174,34.80089407],[115.23362163,34.80089408],[115.23352468,34.8008941],[115.23353282,34.80096763],[115.23353529,34.80098992],[115.23353662,34.80100194],[115.23354541,34.80108131],[115.23358268,34.80141789],[115.23306227,34.80150966],[115.23303036,34.80151529],[115.23293409,34.80153227],[115.23289754,34.80153871],[115.23114898,34.80184705],[115.22968675,34.80209555],[115.22738012,34.80248751],[115.22581791,34.80275295],[115.22492251,34.80289939],[115.22227241,34.80333278],[115.22100824,34.80353949],[115.2208954,34.80355726],[115.22089118,34.80355793],[115.22082831,34.80356783],[115.21955778,34.80376794],[115.2194684,34.80378202],[115.2193912,34.80379418],[115.21813176,34.80399253],[115.21746011,34.8040983],[115.21556101,34.80439735],[115.2144943,34.80456693],[115.21448938,34.80456771],[115.21121472,34.80508823],[115.20920939,34.80544833],[115.209179,34.80545379],[115.20914522,34.80545985],[115.2081565,34.80563739],[115.2077669,34.80570734],[115.20731218,34.80579112],[115.20688865,34.80586915],[115.20683691,34.80587869],[115.20671659,34.80590085],[115.20545344,34.80613357],[115.20544936,34.80613432],[115.20466755,34.80627835],[115.20426203,34.80639733],[115.20408821,34.80630209],[115.20391432,34.80580217],[115.20371154,34.80577834],[115.20362465,34.80582594],[115.20367643,34.80650521],[115.20367787,34.8065241],[115.20368272,34.8065877],[115.20267543,34.80663389],[115.20229504,34.80665133],[115.19954042,34.80677758],[115.19870529,34.80688143],[115.19870016,34.80688207],[115.19867522,34.80688517],[115.19819066,34.80694543],[115.19791837,34.80697929],[115.19762859,34.80701532],[115.19758626,34.80701531],[115.1975564,34.80701531],[115.19728098,34.80701526],[115.19710716,34.8068724],[115.19707818,34.80668196],[115.19722297,34.8063011],[115.19716501,34.80603923],[115.19696224,34.80596778],[115.19690429,34.80582494],[115.19684631,34.80537264],[115.19687524,34.80496796],[115.19681729,34.80482512],[115.19644072,34.80482505],[115.19586139,34.80489636],[115.19542689,34.80489628],[115.19536894,34.80477724],[115.19538489,34.80472481],[115.19542686,34.80458681],[115.19571652,34.80451545],[115.19624231,34.80449529],[115.19748394,34.80444768],[115.19754119,34.80444549],[115.19757039,34.80444437],[115.19758032,34.80444255],[115.19772524,34.80441611],[115.19887386,34.80420653],[115.19888635,34.80420022],[115.1992504,34.80401615],[115.199254,34.80400924],[115.19931523,34.80389182],[115.1993263,34.80387058],[115.19933728,34.80384953],[115.19930827,34.80351626],[115.19922132,34.80308775],[115.19910544,34.80301632],[115.19887724,34.80302298],[115.19885322,34.80302368],[115.19885247,34.8030237],[115.1982944,34.80303999],[115.19748974,34.80306347],[115.19748334,34.80306366],[115.19746517,34.80304872],[115.19736747,34.80296842],[115.1973095,34.80258753],[115.19722256,34.80213522],[115.19707772,34.80206377],[115.19612185,34.8020398],[115.19591909,34.80203976],[115.19580324,34.80220637],[115.19586122,34.80289673],[115.19586124,34.80303956],[115.19568744,34.80308714],[115.19560542,34.80308231],[115.19528191,34.80306326],[115.195195,34.8028966],[115.19522395,34.80258714],[115.19519494,34.80203962],[115.19519492,34.80173015],[115.19499214,34.80144445],[115.19348592,34.80146795],[115.19343085,34.80100645],[115.19342991,34.80099859],[115.19338595,34.80063023],[115.19338496,34.80062194],[115.19334103,34.80025386],[115.19336999,34.80006343],[115.19366424,34.80000303],[115.19366554,34.80000276],[115.19406515,34.79992074],[115.19452139,34.79980834],[115.1948209,34.79973455],[115.19482401,34.79973379],[115.19484931,34.79972755],[115.19522373,34.79963531],[115.19531061,34.79942108],[115.19528779,34.79930857],[115.19528534,34.79929647],[115.19525266,34.79913541],[115.19524469,34.79913016],[115.19523387,34.79912305],[115.19510783,34.79904016],[115.1947062,34.79908898],[115.19464463,34.79909647],[115.19432579,34.79913522],[115.19347334,34.79927876],[115.19346985,34.79927935],[115.19319617,34.79932543],[115.19299341,34.79930158],[115.19287754,34.79915873],[115.19284857,34.79884925],[115.19293545,34.79861122],[115.19295084,34.79857961],[115.19296767,34.79854503],[115.1930513,34.79837319],[115.19296438,34.79761141],[115.19261677,34.79665913],[115.19201157,34.79568265],[115.19200699,34.79567525],[115.19200543,34.79567274],[115.19183471,34.79539728],[115.19143824,34.79441977],[115.19143261,34.79440587],[115.19143224,34.79440498],[115.19134226,34.79418312],[115.19118402,34.79396004],[115.19113957,34.79389738],[115.1909368,34.79384974],[115.19083371,34.79387797],[115.19076295,34.79389734],[115.19073392,34.794064],[115.19093684,34.79544468],[115.19096685,34.79592559],[115.19096898,34.7959598],[115.19097006,34.795977],[115.19097086,34.79598986],[115.19099478,34.7963731],[115.19087893,34.79663493],[115.19073411,34.79677772],[115.19047343,34.79682527],[115.19027068,34.79675381],[115.19004126,34.7962738],[115.19002745,34.7962449],[115.18995207,34.79608719],[115.18972036,34.79568244],[115.18948865,34.79565858],[115.18928591,34.79565853],[115.18927511,34.79567849],[115.18917005,34.79587275],[115.18934383,34.79642031],[115.18932431,34.79649248],[115.1892859,34.79663455],[115.18905419,34.7966821],[115.18890937,34.79663445],[115.18890655,34.79662751],[115.18884345,34.79647191],[115.18867766,34.79606307],[115.18866209,34.79604801],[115.18831,34.79570747],[115.18828577,34.79568403],[115.18818528,34.79558684],[115.18801151,34.79527732],[115.18801151,34.79503927],[115.18804678,34.79488471],[115.1880522,34.79486096],[115.18809841,34.79465841],[115.18800868,34.79390224],[115.18798258,34.79368236],[115.18797283,34.79368384],[115.18737622,34.79377449],[115.18728275,34.7937887],[115.18721486,34.79379901],[115.18720057,34.79380118],[115.18598412,34.79384846],[115.18595512,34.79444359],[115.18650543,34.79453896],[115.18660854,34.79539332],[115.18671229,34.79625284],[115.18688184,34.79765756],[115.18663753,34.79783884],[115.18649293,34.79794615],[115.18617019,34.79818563],[115.18616502,34.79818947],[115.18598391,34.79832386],[115.18628058,34.79948229],[115.18628093,34.79948366],[115.18628385,34.79949508],[115.18633143,34.79968086],[115.18639111,34.8000488],[115.18639151,34.80005126],[115.18644727,34.80039505],[115.18594317,34.80039491],[115.18594313,34.80039491],[115.18586796,34.80039489],[115.18577837,34.80030744],[115.18547124,34.80000759],[115.1854584,34.79999505],[115.18540453,34.79994247],[115.1853111,34.79994792],[115.18527904,34.7999498],[115.18499901,34.79996616],[115.1850081,34.80007576],[115.185048,34.80055702],[115.18504966,34.80057707],[115.18508586,34.80101362],[115.18291341,34.80110822],[115.1826238,34.80060822],[115.18204577,34.8005719],[115.18198122,34.80056784],[115.1817524,34.80055347],[115.17995897,34.80044076],[115.17994415,34.80051377],[115.17991867,34.80063936],[115.179901,34.8007264],[115.1795237,34.80070749],[115.17943207,34.80070289],[115.17894514,34.80067848],[115.17891761,34.80085177],[115.17890346,34.80094083],[115.17885817,34.80122598],[115.17835463,34.8012618],[115.17781364,34.80130028],[115.17722235,34.80134233],[115.17685949,34.80136814],[115.17676103,34.80137312],[115.17582747,34.80142038],[115.17442657,34.80149127],[115.17412888,34.80150634],[115.17379868,34.80152304],[115.17378643,34.80152366],[115.17374602,34.80152571],[115.17312282,34.80155724],[115.17298682,34.80130561],[115.1729851,34.80130243],[115.17298369,34.80129982],[115.17297495,34.80128364],[115.17289118,34.80112865],[115.17268346,34.8005521],[115.17265958,34.80048581],[115.17265965,34.80015253],[115.17294937,34.79984317],[115.17291107,34.799792],[115.17287935,34.79974961],[115.1727177,34.79953361],[115.17255305,34.79924776],[115.1725464,34.79923622],[115.17245711,34.7990812],[115.17241821,34.79895724],[115.17241383,34.79894327],[115.17234447,34.7987222],[115.17227643,34.79850535],[115.17222554,34.79834314],[115.1712124,34.79548607],[115.16981889,34.79190984],[115.16981519,34.79190033],[115.16981089,34.79188932],[115.16976511,34.79177181],[115.16895412,34.79186669],[115.16716876,34.79207556],[115.16712939,34.79208017],[115.16683967,34.79211468],[115.16569696,34.79225079],[115.16553636,34.79226991],[115.16467533,34.79228815],[115.16462916,34.79228913],[115.16461902,34.79228934],[115.16443575,34.79229322],[115.16410721,34.79220868],[115.16397238,34.79217398],[115.16374477,34.79167951],[115.16374266,34.79167493],[115.16373777,34.7916643],[115.16219244,34.78830693],[115.16218629,34.78829357],[115.16212021,34.78815001],[115.16110651,34.78824475],[115.16101828,34.78776746],[115.16094931,34.78739437],[115.16053818,34.78517036],[115.16049827,34.78495444],[115.16032154,34.78399838],[115.1603009,34.78388671],[115.16023952,34.78355466],[115.16090563,34.78350738],[115.16093469,34.78324554],[115.16098645,34.78324131],[115.1612243,34.78322187],[115.16125907,34.7836094],[115.16128197,34.78386465],[115.16131086,34.7840551],[115.16148462,34.78405519],[115.16157152,34.78400762],[115.16165846,34.78386483],[115.16165848,34.78379881],[115.16165856,34.78359438],[115.16165865,34.7833513],[115.16165872,34.78319022],[115.16165878,34.78302262],[115.1616588,34.78296811],[115.16165883,34.78290261],[115.16165884,34.78286501],[115.1616207,34.7824652],[115.16141834,34.78034397],[115.16138676,34.78001292],[115.16137042,34.77984158],[115.1602187,34.77957049],[115.16018978,34.77956368],[115.16015426,34.77955532],[115.15877923,34.77925027],[115.15826677,34.77913658],[115.15789568,34.77905425],[115.15746508,34.77903436],[115.15737444,34.77903017],[115.15733322,34.77904211],[115.15732596,34.77904421],[115.15688207,34.77917274],[115.15670824,34.7793631],[115.15674874,34.77996638],[115.15674943,34.7799768],[115.15675235,34.78002021],[115.15679454,34.78064864],[115.15671748,34.7806486],[115.15670849,34.78064859],[115.15618639,34.78064831],[115.15615737,34.78079113],[115.15611317,34.78082224],[115.15595459,34.78093386],[115.15476719,34.78105224],[115.15291371,34.78119405],[115.15271101,34.78014151],[115.15262486,34.77969414],[115.15230168,34.77971167],[115.15132166,34.77976482],[115.15091202,34.77980948],[115.14985063,34.77992519],[115.14984397,34.77992591],[115.14958401,34.77995425],[115.14935249,34.77966845],[115.14849213,34.77973594],[115.1484785,34.77973701],[115.14784655,34.77978658],[115.14657387,34.77711957],[115.14501007,34.77719001],[115.14499988,34.77719755],[115.14487338,34.77729102],[115.14472036,34.77740408],[115.14416986,34.77787985],[115.14272138,34.77875973],[115.14256835,34.77879394],[115.14251467,34.77880594],[115.14249526,34.77881027],[115.14248841,34.7788118],[115.14240279,34.77883094],[115.14176568,34.77885433],[115.14199528,34.78043159],[115.14199962,34.78046141],[115.14233005,34.78273115],[115.14233563,34.78276947],[115.14238501,34.78310867],[115.14239696,34.78319075],[115.14240183,34.78322423],[115.14248659,34.7838064],[115.14105288,34.78396052],[115.14103348,34.78396261],[115.14099739,34.78396649],[115.14083279,34.78398418],[115.14028541,34.78404302],[115.14044007,34.78472692],[115.14068803,34.78582338],[115.1410404,34.78738146],[115.14104125,34.7873852],[115.14104323,34.78739398],[115.1410588,34.78746279],[115.14109717,34.78763246],[115.141098,34.78763612],[115.14123848,34.78825726],[115.13986581,34.78847734],[115.13986482,34.7884775],[115.13921256,34.78858207],[115.13920336,34.78858355],[115.13918069,34.78858718],[115.13909207,34.78860139],[115.13842883,34.78870772],[115.13843418,34.78889001],[115.13846318,34.78987681],[115.13846421,34.78991216],[115.13846423,34.78991278],[115.13848548,34.79063602],[115.13768131,34.79069607],[115.13766381,34.79069738],[115.13764697,34.79069863],[115.13614429,34.79081082],[115.13609544,34.79081446],[115.13604171,34.79081847],[115.1350097,34.79089551],[115.13294695,34.79089405],[115.13293536,34.79089404],[115.13278834,34.79089393],[115.13236737,34.79089363],[115.13230985,34.79089359],[115.132307,34.79089359],[115.13205543,34.79089341],[115.13191161,34.78953636],[115.1317963,34.7887983],[115.1307226,34.78883281],[115.13065642,34.78883494],[115.13065452,34.788835],[115.1306498,34.78883515],[115.13034812,34.78884485],[115.13034809,34.78888955],[115.13034704,34.79028195],[115.13034704,34.79028456],[115.13034703,34.79028941],[115.13034636,34.79117783],[115.12936014,34.79124465],[115.1293517,34.79124522],[115.12683378,34.79141577],[115.12683077,34.79141597],[115.12677418,34.7914198],[115.12652294,34.79143682],[115.12642516,34.79109422],[115.12642472,34.79109269],[115.12640741,34.79103203],[115.12634552,34.79103748],[115.1251051,34.79114689],[115.12285659,34.79134518],[115.12078791,34.79152757],[115.12066456,34.79064352],[115.12066452,34.79064325],[115.12061517,34.79028951],[115.11997367,34.79033484],[115.11995952,34.79033584],[115.11928274,34.79038366],[115.11928418,34.78871723],[115.11824027,34.7887923],[115.11823806,34.78879246],[115.11643327,34.78892222],[115.11642775,34.78892262],[115.11637671,34.78892629],[115.11601107,34.78895257],[115.11602634,34.79029306],[115.11602639,34.79029768],[115.1160272,34.79036912],[115.11602728,34.79037582],[115.11603791,34.79130942],[115.11519787,34.79138013],[115.11517119,34.78888045],[115.11424634,34.78886382],[115.11421407,34.78886324],[115.1141002,34.78886119],[115.11378095,34.78885545],[115.11386562,34.7902833],[115.11387183,34.79038796],[115.11387286,34.79040531],[115.11392354,34.79126001],[115.11365838,34.79129091],[115.11365581,34.79129121],[115.11270689,34.7914018],[115.11256323,34.79016374],[115.11059332,34.79051911],[115.11052041,34.78999105],[115.11051462,34.78994905],[115.11036322,34.78885246],[115.1102456,34.78738451],[115.11019153,34.78670973],[115.11012183,34.7860601],[115.10999413,34.78486988],[115.10981489,34.78319928],[115.10981316,34.78318313],[115.10970364,34.78216227],[115.10952287,34.78051249],[115.10952118,34.78049705],[115.10930998,34.77856949],[115.1093091,34.77856143],[115.10924451,34.77797193],[115.10619832,34.77834202],[115.10614999,34.77834789],[115.10580329,34.77839001],[115.10526231,34.77845572],[115.10516053,34.77846809],[115.10508235,34.7778196],[115.10502203,34.77731924],[115.10502148,34.77731466],[115.10494524,34.77668233],[115.10494237,34.77665855],[115.10478738,34.77537289],[115.10174623,34.77570326],[115.10042481,34.77578395],[115.10040524,34.77578514],[115.10021127,34.77579699],[115.10015537,34.77579451],[115.09987523,34.77578211],[115.09950998,34.77576595],[115.09950723,34.77576583],[115.09911086,34.77574828],[115.09842138,34.77569091],[115.09838631,34.77568799],[115.09737345,34.77560371],[115.09717317,34.77348471],[115.09563174,34.77349878],[115.09562899,34.77349881],[115.09561939,34.7734989],[115.09498546,34.77350468],[115.09416685,34.77351214],[115.09248178,34.77352749],[115.0923812,34.77273676],[115.09228186,34.77195577],[115.09208354,34.77193814],[115.09207994,34.77193782],[115.09097877,34.7718399],[115.09095699,34.77183796],[115.08956293,34.77171398],[115.08953092,34.77288095],[115.08861446,34.77288494],[115.08859582,34.77288502],[115.08689335,34.77289242],[115.08604105,34.77289611],[115.08602737,34.77289617],[115.08597253,34.77289641],[115.08429461,34.77290366],[115.08427912,34.77290373],[115.08256636,34.77291111],[115.08256392,34.77291112],[115.08175472,34.7729146],[115.08170767,34.7729148],[115.07839961,34.77292896],[115.07839935,34.77292896],[115.07839544,34.77292898],[115.0770032,34.77293491],[115.07573624,34.77293675],[115.07573229,34.77293676],[115.07573211,34.77293676],[115.07371072,34.77293967],[115.06951256,34.77294561],[115.06951227,34.77294561],[115.06936054,34.77294583],[115.06650492,34.77294978],[115.06649968,34.77294979],[115.06642869,34.77294988],[115.06640373,34.77294992],[115.0643615,34.7729527],[115.06384742,34.7729534],[115.06350214,34.77295386],[115.06329309,34.77295415],[115.06160061,34.77295641],[115.06154929,34.77295648],[115.06062743,34.77295771],[115.06057815,34.77105747],[115.06057794,34.7710494],[115.06057679,34.77100515],[115.06057554,34.77095699],[115.06023916,34.77098742],[115.06006838,34.77100286],[115.06000438,34.77100865],[115.05931594,34.77107091],[115.05908529,34.77109177],[115.05869231,34.77112731],[115.05864773,34.77113134],[115.05862038,34.77113381],[115.05861606,34.77113421],[115.05769812,34.77121721],[115.05769256,34.77121772],[115.05713555,34.77126808],[115.05617675,34.77135477],[115.05614652,34.77093088],[115.05614557,34.77091763],[115.05612503,34.77062963],[115.05610719,34.77037952],[115.05609891,34.77026337],[115.05609855,34.77025825],[115.05598897,34.76872169],[115.05598843,34.76871423],[115.05592704,34.76785324],[115.05221596,34.7678156],[115.05217364,34.76781517],[115.05216156,34.76781505],[115.05031469,34.76779627],[115.05035395,34.76851375],[115.05036017,34.7686274],[115.05036211,34.76866297]]]}},{"type":"Feature","properties":{"adcode":"410225104","name":"红庙镇","type":"镇","county_code":"410225","county_name":"兰考县","source_codes":["410225104"],"geometry_method":"沿用原边界","area_km2":63.735},"geometry":{"type":"Polygon","coordinates":[[[114.89370438,34.81671641],[114.89340631,34.81678019],[114.89240201,34.81699508],[114.89239932,34.81699566],[114.89235793,34.81700452],[114.89222499,34.81703296],[114.89220557,34.81703712],[114.89228762,34.81730902],[114.89239355,34.81766005],[114.89259698,34.81770108],[114.89261833,34.81770538],[114.89341285,34.81786562],[114.89342969,34.81786902],[114.89342828,34.81849842],[114.89329043,34.81866775],[114.89301461,34.81900656],[114.89296238,34.81907072],[114.8928458,34.81921391],[114.89280757,34.81926088],[114.8926848,34.81941168],[114.8926828,34.81941413],[114.892612,34.8195011],[114.89260773,34.81950634],[114.89260295,34.81951222],[114.89259206,34.81952559],[114.89254514,34.81958323],[114.89139368,34.82005633],[114.88993922,34.82062867],[114.88881099,34.82101589],[114.88688801,34.82151717],[114.88429311,34.82211128],[114.88286355,34.82223258],[114.88280263,34.82223544],[114.88106219,34.82231741],[114.87910235,34.82244661],[114.87635448,34.82261576],[114.87532043,34.82264125],[114.87524828,34.82264303],[114.8752451,34.8226431],[114.87523967,34.82264314],[114.87516748,34.82264363],[114.87416661,34.82265041],[114.87391354,34.82265212],[114.8735066,34.82272027],[114.87084445,34.82316605],[114.87077365,34.82317791],[114.87076883,34.82317871],[114.87076534,34.82317961],[114.87069634,34.82319737],[114.87066717,34.82320487],[114.87045348,34.82325985],[114.87012004,34.82334564],[114.86984312,34.82341689],[114.86976838,34.82343612],[114.86975167,34.82344042],[114.86927375,34.82356338],[114.86925455,34.82356832],[114.86923591,34.82357312],[114.86902579,34.82362717],[114.86875383,34.82369715],[114.86874072,34.82370052],[114.86868329,34.8237153],[114.86847867,34.82376794],[114.8682377,34.82382994],[114.86822689,34.82383272],[114.86793154,34.82390871],[114.86774248,34.82395735],[114.86771306,34.82396492],[114.86683729,34.82419024],[114.86667337,34.82423242],[114.86651412,34.82427339],[114.86629016,34.82433101],[114.86600029,34.82440559],[114.86593884,34.8244214],[114.86574304,34.82447177],[114.86554023,34.82452396],[114.86548646,34.82453779],[114.86540254,34.82455938],[114.86533367,34.8245771],[114.86532917,34.82457825],[114.86532541,34.82457941],[114.86525781,34.82460015],[114.86521741,34.82461254],[114.86476824,34.82475034],[114.86475857,34.82475331],[114.86473321,34.82476109],[114.8644588,34.82484527],[114.86411625,34.82495036],[114.86384088,34.82503484],[114.86362818,34.8251001],[114.86360242,34.825108],[114.86356407,34.82511976],[114.86338203,34.82517561],[114.86308859,34.82526563],[114.86274604,34.82537072],[114.86246434,34.82545714],[114.86223221,34.82552836],[114.8620055,34.82559791],[114.86171838,34.82568599],[114.86108781,34.82587944],[114.86086199,34.82594872],[114.86062897,34.82602021],[114.85971128,34.82630174],[114.85950079,34.82636632],[114.85949178,34.82636908],[114.8592524,34.82644251],[114.85879349,34.82658328],[114.8586354,34.82663177],[114.85812991,34.82678683],[114.85812157,34.82678939],[114.85810964,34.82679305],[114.85787568,34.82686481],[114.85760774,34.826947],[114.85741678,34.82700558],[114.8573938,34.82701263],[114.85732617,34.82703337],[114.85732221,34.82703458],[114.85732329,34.82703783],[114.8573423,34.82709522],[114.85735923,34.82714634],[114.85738029,34.82720994],[114.8574233,34.82733977],[114.85743503,34.8273752],[114.85743646,34.82737951],[114.85748947,34.82753954],[114.8576061,34.82789165],[114.85760774,34.82789661],[114.85762564,34.82795064],[114.85768561,34.82813171],[114.85777901,34.82841371],[114.85781544,34.82852368],[114.85787211,34.82869478],[114.85795029,34.8289308],[114.85805862,34.82925785],[114.85809769,34.8293758],[114.85812157,34.82944788],[114.8581402,34.82950413],[114.85829284,34.82996494],[114.85838502,34.83024321],[114.85846412,34.830482],[114.8584884,34.8305553],[114.85857154,34.83080628],[114.8586354,34.83099906],[114.85871143,34.83122858],[114.85876171,34.83138039],[114.85880667,34.83151612],[114.85889794,34.83179165],[114.85897795,34.83203318],[114.85903422,34.83220305],[114.85902814,34.83220447],[114.85885006,34.83224628],[114.85865969,34.83229097],[114.8586354,34.83229667],[114.8585902,34.83230728],[114.85858706,34.83230802],[114.8585885,34.83231217],[114.85860838,34.83236947],[114.8586354,34.83244737],[114.85870091,34.83263625],[114.85879261,34.83290064],[114.85880667,34.83294119],[114.8588962,34.83319932],[114.85894894,34.83335137],[114.85897795,34.8334281],[114.85902091,34.83354175],[114.8590511,34.83362162],[114.85907446,34.83368342],[114.85914923,34.83388119],[114.85916149,34.83391364],[114.85921005,34.83404392],[114.8593205,34.83434025],[114.85937623,34.83448978],[114.85941992,34.83460699],[114.85949178,34.83479978],[114.8595262,34.83489214],[114.85957732,34.83502929],[114.85965606,34.83524053],[114.85966306,34.8352593],[114.85970889,34.83538226],[114.85973473,34.83545159],[114.85983433,34.8357188],[114.85994461,34.83601465],[114.86000561,34.8361783],[114.86010202,34.83643695],[114.86017689,34.83663781],[114.86025943,34.83685925],[114.86036501,34.83714249],[114.8604201,34.83728156],[114.86051944,34.83753231],[114.8605874,34.83770386],[114.86062022,34.83778669],[114.86064717,34.83785471],[114.86069072,34.83796463],[114.86071507,34.8380261],[114.86075471,34.83812616],[114.86086199,34.83839695],[114.86088094,34.83844477],[114.86092202,34.83854846],[114.86103327,34.83882926],[114.86105371,34.83888085],[114.86109078,34.83897076],[114.86120455,34.83924665],[114.86120975,34.83925926],[114.86110313,34.83929054],[114.86114776,34.83939306],[114.86119039,34.83949096],[114.86120455,34.83952348],[114.86125598,34.83964161],[114.86137582,34.83991688],[114.86145419,34.84009689],[114.86151025,34.84022564],[114.8615471,34.84031028],[114.86163805,34.84051919],[114.86171838,34.84070369],[114.86179052,34.8408694],[114.86182051,34.84094149],[114.86182391,34.84094968],[114.86181901,34.84102746],[114.86181593,34.84107626],[114.86181739,34.84121666],[114.86181745,34.84122195],[114.86181697,34.84122303],[114.86176293,34.84134503],[114.8618225,34.84150456],[114.86182405,34.84150872],[114.8618586,34.84160124],[114.86188965,34.84167666],[114.86193128,34.84177777],[114.86199267,34.84192686],[114.8620497,34.84206539],[114.86206093,34.84209266],[114.86209601,34.84217785],[114.86216654,34.84234916],[114.86223221,34.84250865],[114.86232672,34.8427382],[114.86234041,34.84277146],[114.86240348,34.84292465],[114.86251428,34.84319376],[114.86257476,34.84334065],[114.86258384,34.8433627],[114.86262673,34.84346687],[114.86268753,34.84361606],[114.86269412,34.84363223],[114.86274604,34.84375963],[114.8627777,34.84383732],[114.86285963,34.84403836],[114.86291114,34.84416476],[114.86291731,34.84417991],[114.86294347,34.84424409],[114.86297436,34.8443199],[114.86297969,34.84433299],[114.86308011,34.8445794],[114.86308859,34.84457729],[114.86325986,34.84453477],[114.86355839,34.84446066],[114.86359203,34.84445231],[114.86359542,34.84446066],[114.86360242,34.84447788],[114.86364829,34.84459074],[114.86370985,34.8447422],[114.86374672,34.84483292],[114.86377369,34.84489929],[114.86384635,34.84507805],[114.86388148,34.8451645],[114.86394497,34.8453207],[114.86395583,34.84534742],[114.86405313,34.8455868],[114.86411625,34.84574211],[114.86417213,34.84587961],[114.86422477,34.8460091],[114.8642725,34.84612655],[114.86428752,34.84616351],[114.86434441,34.84630347],[114.864394,34.8464314],[114.86442943,34.84652283],[114.86450068,34.84650609],[114.86481861,34.8464314],[114.86491227,34.8464094],[114.86514391,34.84635498],[114.86528144,34.84632267],[114.86531518,34.84640699],[114.86538129,34.84657217],[114.86548646,34.84683495],[114.86553391,34.8469535],[114.86555031,34.84699447],[114.86565774,34.8472629],[114.86565866,34.8472652],[114.86568612,34.84733883],[114.86570959,34.84740178],[114.86576746,34.84755754],[114.86582712,34.84771814],[114.86600029,34.84776043],[114.8662097,34.84781157],[114.86632231,34.84783907],[114.86667496,34.84792519],[114.8666854,34.84792774],[114.86689875,34.84797984],[114.86714355,34.84803962],[114.86719923,34.84805241],[114.8673377,34.84808422],[114.86749609,34.8481206],[114.8675703,34.84813765],[114.86766929,34.84816039],[114.86770007,34.84836621],[114.86770495,34.84839881],[114.86771306,34.84845302],[114.86771347,34.84845578],[114.86771542,34.8484688],[114.86780689,34.84868367],[114.86796295,34.84905023],[114.86798668,34.84910597],[114.86802336,34.84919213],[114.86805561,34.84926789],[114.86807178,34.84930589],[114.86805561,34.84931039],[114.86798652,34.84932964],[114.86790363,34.84935274],[114.8678976,34.84935442],[114.86791651,34.8493875],[114.86799698,34.84952827],[114.86805561,34.84963085],[114.8681579,34.8498098],[114.86822689,34.8499305],[114.86825688,34.84998297],[114.86831882,34.85009134],[114.86839816,34.85023014],[114.86846568,34.85034826],[114.86847975,34.85037287],[114.86856944,34.85052978],[114.86864068,34.85065441],[114.86874072,34.85082942],[114.86878073,34.85089942],[114.8688016,34.85093594],[114.86881595,34.85096104],[114.86886231,34.85105001],[114.86891199,34.85116881],[114.86899122,34.85135824],[114.86904439,34.85148536],[114.86908327,34.85157833],[114.86911042,34.85164325],[114.86891199,34.85170242],[114.86865001,34.85178054],[114.86840512,34.85185356],[114.86839816,34.85185564],[114.86817794,34.85192131],[114.86815984,34.85192671],[114.86805561,34.85195779],[114.86803754,34.85196318],[114.86805561,34.85202315],[114.86814256,34.8523117],[114.86815217,34.85234361],[114.86822689,34.85259155],[114.86832185,34.85290668],[114.86834728,34.85299106],[114.8684873,34.85345572],[114.86849152,34.85346974],[114.86853881,34.85362668],[114.86856944,34.85368855],[114.86867018,34.85389204],[114.8687219,34.85399652],[114.86874072,34.85403453],[114.86881391,34.85418237],[114.86887164,34.85429899],[114.86891199,34.8543805],[114.86899914,34.85455653],[114.86901862,34.85459588],[114.86908327,34.85472647],[114.869158,34.85487741],[114.86925455,34.85507244],[114.86936706,34.85529971],[114.86942582,34.8554184],[114.86949422,34.85555657],[114.86950644,34.85558125],[114.86951024,34.85558892],[114.8695971,34.85576437],[114.86964034,34.85585172],[114.86970544,34.85598687],[114.86971347,34.85600355],[114.86973474,34.85604771],[114.86976838,34.85611753],[114.86984908,34.85628508],[114.86989137,34.85637289],[114.86992415,34.85644095],[114.86999362,34.85642585],[114.87012093,34.85639817],[114.87028221,34.85636311],[114.87040994,34.85633535],[114.87042537,34.85633199],[114.87054379,34.85670738],[114.87062476,34.85696405],[114.87072142,34.85727045],[114.87075429,34.85737464],[114.87079604,34.85751492],[114.87084108,34.85766627],[114.87089085,34.85783351],[114.87091125,34.85790205],[114.87096731,34.85809044],[114.87105538,34.85838635],[114.87105828,34.85839612],[114.87130987,34.85832954],[114.87158844,34.85825582],[114.8718237,34.85819356],[114.87192077,34.85816787],[114.8721176,34.85811505],[114.8722247,34.85808631],[114.87233753,34.85805604],[114.87245344,34.85802493],[114.87264219,34.85797428],[114.87281728,34.8579273],[114.87285135,34.85791816],[114.87288943,34.85790794],[114.87316678,34.85783351],[114.87332785,34.85779029],[114.87336518,34.85778028],[114.87369137,34.85769275],[114.87387901,34.8576424],[114.87405029,34.85759644],[114.87406742,34.85759184],[114.8741412,34.85783351],[114.87422157,34.85809676],[114.87427013,34.85825582],[114.87428605,34.85830798],[114.87472719,34.85825582],[114.87508674,34.8582133],[114.87524923,34.85819409],[114.87541721,34.85817423],[114.87591771,34.85811505],[114.87607381,34.85809659],[114.87635495,34.85806582],[114.87644816,34.85805457],[114.87711386,34.85797428],[114.87746764,34.85793161],[114.87753906,34.857923],[114.87754233,34.8579226],[114.87754769,34.85792193],[114.87761905,34.85791303],[114.8776471,34.85790953],[114.8776564,34.85790837],[114.87825629,34.85783351],[114.8785938,34.8577914],[114.87884604,34.85775993],[114.8793844,34.85769275],[114.87978422,34.85764286],[114.8798737,34.85763169],[114.88029683,34.85757889],[114.88051244,34.85755198],[114.88066331,34.85753315],[114.88107263,34.857481],[114.88127277,34.8574555],[114.88162037,34.85741121],[114.88210029,34.85735006],[114.88227132,34.85732827],[114.88231503,34.8573227],[114.88233306,34.85732041],[114.88254164,34.85729776],[114.88279315,34.85727045],[114.88295312,34.85725308],[114.8834705,34.85719689],[114.88406026,34.85713285],[114.88408948,34.85712968],[114.88428968,34.85710794],[114.88484072,34.85706564],[114.88508457,34.85704692],[114.88515785,34.8570413],[114.88515854,34.85704417],[114.88516009,34.85705058],[114.88517425,34.85710923],[114.88518327,34.85714657],[114.88521619,34.85728285],[114.88528119,34.85755198],[114.88530083,34.8576333],[114.88535455,34.85792232],[114.88539037,34.85811505],[114.88539616,34.85814621],[114.88541778,34.8581442],[114.88573224,34.85811505],[114.88573266,34.85811501],[114.88580448,34.85810835],[114.88580759,34.85810806],[114.88581297,34.85810756],[114.88588475,34.8581008],[114.88617699,34.8580733],[114.88655348,34.85803787],[114.88722911,34.85797428],[114.88724599,34.85797269],[114.88776339,34.85792544],[114.8879237,34.8579108],[114.88818395,34.85788702],[114.88841437,34.8578665],[114.88874029,34.85783747],[114.88878473,34.85783351],[114.889148,34.85780116],[114.88963646,34.85775535],[114.8898299,34.85773721],[114.89011488,34.85771049],[114.89030923,34.85769275],[114.89063279,34.85766322],[114.89077687,34.85765007],[114.89100668,34.85762909],[114.89111074,34.85761959],[114.89185146,34.85755198],[114.89210659,34.85752869],[114.89254816,34.85748838],[114.89310245,34.85743778],[114.89339348,34.85741121],[114.89402899,34.8573532],[114.89407017,34.85734944],[114.8940983,34.85734687],[114.89426093,34.85733697],[114.89463403,34.85731427],[114.89500919,34.85727045],[114.89551042,34.8572119],[114.89558187,34.85720356],[114.8955849,34.8572032],[114.89559057,34.8572029],[114.89563114,34.85720074],[114.89566259,34.85719907],[114.89650518,34.85715422],[114.89662145,34.85714803],[114.89664906,34.85714656],[114.89683318,34.85713484],[114.89691414,34.85712968],[114.89703663,34.85712188],[114.89703675,34.8571237],[114.89707152,34.85762361],[114.89708795,34.85783351],[114.89711235,34.85814523],[114.89712198,34.85826822],[114.89717263,34.85885984],[114.89717839,34.85892712],[114.89724159,34.85948567],[114.89725212,34.85957872],[114.89725925,34.85966348],[114.89726573,34.85974044],[114.89727558,34.85985751],[114.89730535,34.86021137],[114.89731453,34.86030671],[114.89734391,34.86061183],[114.89736741,34.8608559],[114.89738993,34.86110844],[114.89742426,34.86149345],[114.8974268,34.86152194],[114.89747033,34.86203914],[114.89751519,34.86257223],[114.89752372,34.86267357],[114.89753328,34.86278724],[114.89754053,34.86305229],[114.8975411,34.86307316],[114.89754187,34.86310152],[114.89754389,34.86317542],[114.89754409,34.86318265],[114.89754554,34.86323548],[114.89754565,34.86323963],[114.89755241,34.86323872],[114.89762378,34.86322915],[114.89770732,34.86321795],[114.89797062,34.86318265],[114.89838318,34.86312735],[114.89838344,34.86313108],[114.89838662,34.86317749],[114.8984918,34.86315217],[114.89863231,34.86311834],[114.89877414,34.86310296],[114.89877747,34.86312336],[114.89878709,34.86318232],[114.8987878,34.86318666],[114.89878827,34.86318946],[114.89879808,34.8632484],[114.89881058,34.86332342],[114.89886408,34.86364456],[114.8988854,34.86376781],[114.89895718,34.8641827],[114.898979,34.86430879],[114.8990028,34.86444636],[114.89902312,34.86456379],[114.89904653,34.86469908],[114.89905446,34.8647471],[114.89905668,34.8647605],[114.8991427,34.86528124],[114.89914514,34.86529416],[114.89917561,34.86545564],[114.89919989,34.86558437],[114.89922795,34.8657331],[114.89925342,34.86586807],[114.89928115,34.86600489],[114.89930829,34.86613876],[114.89931186,34.86615634],[114.89933611,34.86627595],[114.89935425,34.86633924],[114.89939923,34.86649618],[114.89940238,34.86650718],[114.89943665,34.8665771],[114.89949778,34.86670183],[114.89957051,34.86685022],[114.89958292,34.86687556],[114.89961012,34.86693104],[114.89961195,34.86693479],[114.89961761,34.86693432],[114.89968965,34.86692829],[114.89991306,34.8669096],[114.90014875,34.86688988],[114.90022081,34.86688386],[114.90022336,34.86688364],[114.90022367,34.86688586],[114.90023202,34.86694516],[114.90025561,34.8671127],[114.90029647,34.86740281],[114.90033651,34.86768719],[114.9003829,34.86801661],[114.90040297,34.86815913],[114.90041442,34.86824041],[114.90042689,34.86832898],[114.90049374,34.86880372],[114.9004951,34.86881333],[114.90050208,34.86886289],[114.90050229,34.86886439],[114.90050686,34.8688641],[114.90057956,34.86885941],[114.90059817,34.86885821],[114.90063482,34.86885585],[114.90063895,34.86885558],[114.90069026,34.86923563],[114.90070377,34.86933566],[114.90076125,34.86976143],[114.90076174,34.86976505],[114.90076238,34.86976981],[114.90049158,34.8697987],[114.899978,34.86985348],[114.89991306,34.86986041],[114.89990629,34.86986113],[114.89990096,34.8698617],[114.89990132,34.8698642],[114.89990993,34.86992336],[114.89991306,34.86994485],[114.89996726,34.87031724],[114.89999422,34.87050253],[114.90002391,34.87070651],[114.90006565,34.87099326],[114.90008434,34.87112751],[114.90012717,34.87143519],[114.90015369,34.87162565],[114.90017408,34.87176943],[114.90022466,34.87212605],[114.90024473,34.87226757],[114.90025561,34.87234428],[114.9003338,34.87289557],[114.90033578,34.87290949],[114.90042683,34.87355141],[114.90042689,34.87355184],[114.90051488,34.87416247],[114.90059817,34.87474043],[114.90061183,34.87483522],[114.90062181,34.87489294],[114.90064387,34.87502053],[114.90065757,34.87514294],[114.90066889,34.8752441],[114.90080409,34.87523295],[114.90094072,34.87522168],[114.90153577,34.87517259],[114.90160764,34.87516666],[114.90161621,34.87516595],[114.90161756,34.87516584],[114.90162583,34.87522636],[114.90162618,34.87522897],[114.90162773,34.87524032],[114.90165981,34.87547519],[114.90171123,34.87585167],[114.9017971,34.87648039],[114.90188427,34.87711857],[114.90189379,34.87718834],[114.9019595,34.87766942],[114.90196838,34.87773439],[114.90201271,34.87805893],[114.90202096,34.87811934],[114.90202098,34.87811948],[114.90202112,34.87812053],[114.90202899,34.87812038],[114.90210125,34.87811892],[114.90265348,34.87810778],[114.90272375,34.87810636],[114.90272388,34.87810702],[114.90275059,34.87824471],[114.90282476,34.87862698],[114.90289226,34.87897488],[114.90291447,34.87908931],[114.90299604,34.8795095],[114.903002,34.87954019],[114.90323463,34.8807386],[114.90324238,34.88077851],[114.90333859,34.88127413],[114.90339672,34.8815736],[114.90340409,34.88161156],[114.90341714,34.8816788],[114.90343366,34.88176388],[114.90349199,34.88206434],[114.9035034,34.88212313],[114.90350348,34.88212353],[114.90350047,34.8821263],[114.90345117,34.88217153],[114.9034352,34.88218618],[114.90333859,34.88227482],[114.90328178,34.88232695],[114.90328079,34.88232786],[114.90299604,34.88242605],[114.90298849,34.88242865],[114.90287521,34.88246771],[114.90287189,34.88246886],[114.90282476,34.88248511],[114.90279122,34.88249668],[114.90276251,34.88256819],[114.90274633,34.88260848],[114.90272134,34.88267074],[114.9026968,34.88273184],[114.90274,34.88289001],[114.90282476,34.88320042],[114.90289376,34.88345308],[114.90289417,34.8834546],[114.90299604,34.88382763],[114.90301338,34.88389114],[114.90299604,34.88392443],[114.90298384,34.88394785],[114.90294826,34.88401615],[114.90294372,34.88402487],[114.90265348,34.884091],[114.90258135,34.88410743],[114.90251147,34.88412336],[114.90251149,34.88412351],[114.90252238,34.88418472],[114.90266765,34.88500136],[114.90275676,34.88550694],[114.90289598,34.88629672],[114.90290659,34.88635693],[114.90290734,34.88636119],[114.90290737,34.88636133],[114.90290756,34.88636241],[114.9029093,34.88636223],[114.9029095,34.88636221],[114.90290971,34.88636219],[114.90291203,34.88636194],[114.90291223,34.88636192],[114.90291244,34.8863619],[114.90291263,34.88636188],[114.90298675,34.88635401],[114.90434659,34.88620975],[114.9046212,34.88618061],[114.90469291,34.886173],[114.90470137,34.8861721],[114.90470851,34.88617135],[114.90471486,34.88623478],[114.90472631,34.8863491],[114.90475109,34.88652461],[114.90475423,34.88654683],[114.90479976,34.88686919],[114.90483413,34.88711255],[114.90486139,34.88730557],[114.90487355,34.8873917],[114.90487644,34.88741217],[114.90488072,34.88744248],[114.90488161,34.88744763],[114.90498198,34.88803474],[114.90498652,34.88806133],[114.90499592,34.8881163],[114.90507786,34.88811209],[114.90546425,34.8880922],[114.90577443,34.88807624],[114.90581684,34.88836291],[114.90590702,34.88897247],[114.90599778,34.88976002],[114.90601488,34.88990845],[114.90610765,34.89073724],[114.90614097,34.89103489],[114.90621455,34.89182403],[114.90628155,34.89192724],[114.90641284,34.89188877],[114.90648691,34.89186707],[114.90656113,34.8918575],[114.90689222,34.89181483],[114.90737817,34.8917522],[114.90778008,34.8917004],[114.9078514,34.89169121],[114.90785684,34.8916905],[114.90785788,34.89169394],[114.90787537,34.8917518],[114.90828637,34.89311176],[114.90835562,34.89334092],[114.90838418,34.89343454],[114.90871355,34.89451427],[114.90871429,34.8945167],[114.90891031,34.89449576],[114.90898409,34.89448788],[114.90898428,34.89448786],[114.90898448,34.89448784],[114.90898881,34.89448738],[114.9089889,34.89448781],[114.90899007,34.89449308],[114.9089901,34.8944932],[114.90900327,34.89455249],[114.90901689,34.89461384],[114.90907018,34.89485378],[114.90940681,34.89644576],[114.90951311,34.89694844],[114.90952557,34.89700738],[114.9095259,34.89700891],[114.90953138,34.89700798],[114.90960254,34.89699582],[114.91103025,34.8967519],[114.91104733,34.89674906],[114.9114595,34.89668052],[114.91174545,34.89663297],[114.91181586,34.89662127],[114.91182576,34.89667947],[114.91188943,34.8970537],[114.91223125,34.89906264],[114.91228477,34.89937531],[114.91229767,34.89945069],[114.91242797,34.90021188],[114.91243812,34.90027117],[114.912439,34.90027637],[114.91244067,34.90027617],[114.91251282,34.90026754],[114.9135781,34.90014016],[114.91364996,34.90013156],[114.91365339,34.90013115],[114.91365416,34.90013632],[114.9136629,34.9001954],[114.91400459,34.90250507],[114.91411367,34.90324034],[114.91413513,34.90338854],[114.91435321,34.90489474],[114.91450579,34.9058721],[114.91453167,34.90603338],[114.9146073,34.9065048],[114.91474147,34.90737082],[114.91485763,34.90815753],[114.91486652,34.90821776],[114.91486694,34.90822062],[114.91486798,34.9082205],[114.91493947,34.90821187],[114.91575634,34.90811327],[114.91587665,34.90809875],[114.91594861,34.90809006],[114.91595416,34.90808939],[114.91595494,34.9080944],[114.91596417,34.90815368],[114.91599413,34.908346],[114.91620608,34.90970653],[114.91623158,34.9098912],[114.91627116,34.91017785],[114.91627989,34.91024106],[114.91628144,34.91024093],[114.91628995,34.91024022],[114.91636187,34.91023427],[114.91663131,34.91021198],[114.91786792,34.91010967],[114.91791128,34.91033841],[114.9179338,34.91045718],[114.91794494,34.91051596],[114.91794606,34.91052185],[114.91794915,34.9105214],[114.91802127,34.91051088],[114.91987533,34.91024063],[114.92135571,34.91003615],[114.92142942,34.91002596],[114.92143019,34.91002987],[114.92143153,34.91003664],[114.92144317,34.91009552],[114.92159543,34.91086595],[114.92160574,34.91091811],[114.92170974,34.91154767],[114.92182982,34.91214997],[114.92184603,34.91223127],[114.921845,34.91226888],[114.92184271,34.91235258],[114.92184062,34.91242926],[114.9218357,34.91260945],[114.92183287,34.9127132],[114.92183211,34.9127411],[114.9219054,34.91273202],[114.92197842,34.91272298],[114.9241269,34.91245693],[114.92454359,34.91240606],[114.92461516,34.91239732],[114.92462261,34.91239641],[114.9246233,34.91239954],[114.92462333,34.91239968],[114.92463644,34.91245935],[114.92476882,34.91306206],[114.92478715,34.91314548],[114.92480001,34.91320406],[114.92480122,34.91320957],[114.92480553,34.9132089],[114.92487716,34.91319774],[114.92602825,34.91301838],[114.92749096,34.91279046],[114.92756481,34.91277895],[114.927565,34.91277987],[114.92756639,34.91278663],[114.92757847,34.91284546],[114.92764764,34.91318225],[114.9277243,34.91355545],[114.92773319,34.91359873],[114.92774547,34.91365855],[114.92774643,34.91366321],[114.92774645,34.91366334],[114.92774711,34.91366654],[114.9278191,34.91365674],[114.92898556,34.91349794],[114.92898791,34.91349762],[114.92907432,34.91393409],[114.92908595,34.91399286],[114.92908705,34.91399842],[114.92908968,34.91399799],[114.92916136,34.91398645],[114.92970484,34.91389892],[114.93115529,34.91366531],[114.93176976,34.91357252],[114.93184118,34.91356173],[114.93184773,34.91356074],[114.93184728,34.91355677],[114.93184727,34.91355665],[114.93184049,34.91349666],[114.93183592,34.91345626],[114.93183434,34.91344226],[114.93181928,34.91330903],[114.93181808,34.91329842],[114.93184977,34.91329421],[114.93311338,34.91312602],[114.93328488,34.91310088],[114.93387689,34.9130141],[114.93431917,34.91294926],[114.93504173,34.91283483],[114.93517562,34.91283227],[114.93577356,34.91282083],[114.93605874,34.9127599],[114.9361287,34.91274496],[114.93613519,34.91274357],[114.93613431,34.91274129],[114.93611235,34.912684],[114.93593966,34.91223346],[114.93580772,34.91188924],[114.93572634,34.91167123],[114.93550369,34.91107473],[114.93548188,34.91101629],[114.93548182,34.91101614],[114.93548121,34.91101451],[114.9354806,34.91101288],[114.93548055,34.91101273],[114.93547883,34.91100812],[114.93554877,34.91099212],[114.93578626,34.9109378],[114.93641788,34.91079333],[114.9364875,34.91077741],[114.93649075,34.91077667],[114.93649581,34.91077532],[114.93656456,34.91075705],[114.93754205,34.91049727],[114.93761077,34.91047901],[114.9376191,34.91047679],[114.93761977,34.91047662],[114.93764745,34.91053507],[114.93827591,34.91186186],[114.93830094,34.9119147],[114.93837291,34.91189681],[114.93885358,34.91177729],[114.93922239,34.91168348],[114.93943761,34.91162874],[114.94034822,34.91139712],[114.94035251,34.91139587],[114.9403568,34.91139463],[114.94066358,34.91130557],[114.94162205,34.91102733],[114.94170052,34.91100456],[114.94174663,34.91106512],[114.94191281,34.91128339],[114.94195793,34.91134266],[114.94200736,34.91140432],[114.94212173,34.91154699],[114.94217437,34.91161265],[114.94226718,34.91173175],[114.94231662,34.91179519],[114.94239843,34.91176906],[114.94397824,34.91126446],[114.94475049,34.9110178],[114.94482616,34.91099363],[114.94488408,34.91104467],[114.94493146,34.91108643],[114.94495962,34.91111124],[114.94522195,34.91158337],[114.94530205,34.91155856],[114.94676616,34.91110456],[114.94823221,34.91064994],[114.94900491,34.91041032],[114.94908271,34.91038619],[114.94906189,34.91030589],[114.949029,34.91017902],[114.94900856,34.91010015],[114.94900627,34.91009133],[114.95127043,34.90941044],[114.95134978,34.90938658],[114.95138508,34.90945923],[114.95141626,34.90952339],[114.95142913,34.90954987],[114.95179937,34.91031181],[114.95183269,34.91038038],[114.95191266,34.9103534],[114.95247949,34.91016221],[114.95290414,34.91001897],[114.95312601,34.90994412],[114.95335498,34.90986689],[114.9534313,34.90984114],[114.95345109,34.90991082],[114.95346328,34.90995377],[114.95348237,34.91002097],[114.95354875,34.91011372],[114.95356467,34.91013596],[114.95357587,34.9101516],[114.95410853,34.91000926],[114.95434172,34.90994694],[114.95442041,34.90992591],[114.95444837,34.9099921],[114.95452451,34.91017235],[114.955087,34.91150404],[114.95511789,34.91157717],[114.95521312,34.91156101],[114.95528461,34.91154887],[114.95647242,34.91134779],[114.95658189,34.91132925],[114.9565816,34.91132793],[114.95656837,34.91126796],[114.95697285,34.91119175],[114.95801931,34.91099457],[114.9585585,34.91089297],[114.9589871,34.9108122],[114.95902716,34.91080465],[114.95903295,34.91080327],[114.95927157,34.91074608],[114.95935083,34.91072708],[114.95932837,34.9106586],[114.95920453,34.91028122],[114.9599357,34.9101683],[114.95975038,34.90953813],[114.95902111,34.90974104],[114.95902027,34.90974127],[114.95901505,34.90972138],[114.95888774,34.90923564],[114.95887959,34.90920455],[114.95892958,34.90919279],[114.95976246,34.90899674],[114.96030412,34.90886924],[114.96036346,34.90885527],[114.96041974,34.90884202],[114.96060726,34.90879789],[114.96072505,34.90877016],[114.96080497,34.90875135],[114.96077836,34.90868593],[114.95996966,34.90669812],[114.95994137,34.90662856],[114.96004305,34.90661531],[114.96088759,34.90650531],[114.96363532,34.90614737],[114.96492005,34.90597998],[114.96499505,34.90597021],[114.96500307,34.90604806],[114.96503241,34.90633282],[114.9650572,34.90657341],[114.96513246,34.90708157],[114.96519475,34.90750221],[114.96519058,34.90751658],[114.96518205,34.90754596],[114.9651628,34.90761227],[114.96525109,34.90760309],[114.96793589,34.9073237],[114.96966402,34.90714383],[114.96974562,34.90713533],[114.96974798,34.90706205],[114.96979729,34.90552677],[114.9698046,34.90529925],[114.96984011,34.90419377],[114.9698423,34.90412592],[114.96976388,34.90411839],[114.96800637,34.90394959],[114.96703518,34.90385629],[114.96654229,34.90384435],[114.96530883,34.90381444],[114.96522267,34.90381235],[114.9652198,34.90373557],[114.96520623,34.90337353],[114.96519081,34.90296205],[114.96515276,34.90194672],[114.96514755,34.90180775],[114.96513011,34.9013386],[114.96510775,34.90073698],[114.96510399,34.90065329],[114.96508227,34.90016966],[114.96507883,34.9000933],[114.96507636,34.90002608],[114.96506169,34.89962762],[114.96502853,34.89872689],[114.9650259,34.89865524],[114.96512024,34.89865802],[114.96572663,34.89867592],[114.96634283,34.8986941],[114.9664391,34.89869694],[114.9664415,34.89877401],[114.96649495,34.90048776],[114.96649694,34.90055161],[114.96657069,34.90055758],[114.96959571,34.90080234],[114.97003722,34.90083805],[114.97012245,34.90084495],[114.97013372,34.90077505],[114.9704548,34.89878473],[114.97089486,34.89605665],[114.97103802,34.89515917],[114.97108941,34.89483698],[114.97128395,34.8936173],[114.97134927,34.89320779],[114.97147849,34.89239763],[114.97154713,34.89205327],[114.97155791,34.8919992],[114.97171113,34.89123062],[114.97189447,34.88997131],[114.97192451,34.88977088],[114.97208317,34.88871197],[114.97222232,34.88796051],[114.9723148,34.8874611],[114.97248801,34.88634541],[114.97250895,34.88621054],[114.97251051,34.88620861],[114.97252394,34.88619208],[114.97256786,34.886138],[114.97266203,34.88617837],[114.97317095,34.88639655],[114.97436219,34.88690722],[114.97555379,34.88741802],[114.97562413,34.88744818],[114.97568567,34.88740502],[114.97572864,34.88737489],[114.97580483,34.88732145],[114.97604956,34.88696525],[114.97611664,34.88686762],[114.97615861,34.88680654],[114.97615451,34.88673821],[114.97608694,34.88561083],[114.97605588,34.88509274],[114.97605156,34.88502062],[114.9759632,34.88503322],[114.97399396,34.88531409],[114.97390681,34.88532652],[114.97389372,34.8852543],[114.97383323,34.8849205],[114.97382945,34.88490099],[114.97369464,34.8842046],[114.97368123,34.88413532],[114.97376965,34.88411992],[114.97547073,34.88382355],[114.97565521,34.88379141],[114.97574599,34.88377559],[114.9757332,34.88370338],[114.97561708,34.88304807],[114.97543334,34.88201109],[114.9754202,34.88193695],[114.97532596,34.88194978],[114.97518302,34.88196923],[114.97474989,34.88202818],[114.97465466,34.88204114],[114.97463885,34.88197748],[114.97442162,34.8811029],[114.97441847,34.88109023],[114.97432182,34.8807011],[114.97407135,34.87969269],[114.97403968,34.87956518],[114.97403531,34.87954083],[114.97390731,34.87882817],[114.97388546,34.87871425],[114.97387096,34.87863867],[114.97385938,34.87857315],[114.97357972,34.87699124],[114.97337959,34.87585916],[114.97322896,34.87502066],[114.97308746,34.87430354],[114.97308745,34.87428536],[114.97308745,34.87428295],[114.9730874,34.87421987],[114.97308734,34.87414809],[114.97317146,34.87415596],[114.97397343,34.87423097],[114.9743561,34.87426676],[114.97444431,34.87427501],[114.97444622,34.87420174],[114.97444673,34.87418191],[114.97444722,34.87416307],[114.97446267,34.87356842],[114.9744633,34.87354424],[114.97447766,34.87299191],[114.97449308,34.87239829],[114.9744943,34.87235141],[114.97450839,34.87127456],[114.9745129,34.87092978],[114.97451391,34.87085276],[114.97459744,34.87085184],[114.97565271,34.87084025],[114.97599076,34.87083654],[114.97609509,34.87083539],[114.9773836,34.87082122],[114.97747706,34.8708202],[114.9778889,34.87081194],[114.97822103,34.87080528],[114.97830611,34.87080357],[114.97830624,34.87080357],[114.97830633,34.87080044],[114.97830834,34.87072738],[114.97833852,34.86963188],[114.97838034,34.86809514],[114.97839531,34.86742579],[114.97839574,34.86740674],[114.97840849,34.86683684],[114.97841022,34.86675959],[114.97849728,34.86678484],[114.97943417,34.86705658],[114.97944123,34.86705998],[114.98086504,34.86774633],[114.98086814,34.86774721],[114.98120966,34.86784393],[114.98125467,34.86785668],[114.98142653,34.86787127],[114.98169287,34.86789388],[114.98234154,34.86781881],[114.98239842,34.86780645],[114.98303502,34.86766814],[114.98311332,34.86765112],[114.9830953,34.86757388],[114.98304509,34.8673587],[114.983043,34.86734972],[114.98295382,34.86696751],[114.98292694,34.86685232],[114.9828675,34.86659757],[114.98270038,34.86591045],[114.98252843,34.86520347],[114.98232596,34.8643659],[114.98219566,34.86382688],[114.98198856,34.86296086],[114.98169945,34.86175193],[114.98104338,34.85902123],[114.98057618,34.85707896],[114.98040972,34.85715052],[114.98040949,34.85714973],[114.98040353,34.85712894],[114.98017059,34.85631772],[114.98002895,34.85582446],[114.97985802,34.8552151],[114.97969749,34.85464281],[114.97965416,34.85448832],[114.97961836,34.85436138],[114.97926041,34.85309214],[114.97907375,34.85242944],[114.97899623,34.85215422],[114.97894339,34.85196661],[114.97880203,34.85146476],[114.9786952,34.85108544],[114.97865511,34.85094079],[114.978593,34.85071672],[114.97857285,34.850644],[114.97862828,34.85059028],[114.97917978,34.85005582],[114.97990283,34.84935508],[114.98012741,34.84913743],[114.98018225,34.84908429],[114.98010171,34.84904269],[114.98006806,34.84902531],[114.97991718,34.84894738],[114.97989225,34.8489345],[114.97931744,34.84863761],[114.9792402,34.84859772],[114.97922759,34.84852829],[114.97919317,34.84833879],[114.97918662,34.84830272],[114.97931544,34.84818478],[114.97931174,34.84817308],[114.97930942,34.84816575],[114.97928985,34.84802331],[114.97920476,34.84739126],[114.97919895,34.84738892],[114.97891449,34.84739526],[114.97856185,34.8474031],[114.97847422,34.84740505],[114.97845587,34.84733423],[114.97842359,34.84720967],[114.97833029,34.8468496],[114.97765731,34.84425944],[114.97716641,34.8423835],[114.97690078,34.84137632],[114.9767658,34.84086449],[114.97674701,34.84079323],[114.97666355,34.84081005],[114.97647699,34.84084765],[114.97502754,34.84113972],[114.97471595,34.8412025],[114.97463141,34.84121954],[114.97461042,34.84114886],[114.97425922,34.83996624],[114.97407619,34.83934988],[114.97405535,34.83927971],[114.97397003,34.83929132],[114.97337539,34.83937219],[114.9722704,34.83952861],[114.97210736,34.83955169],[114.97206136,34.83955855],[114.97198894,34.83956934],[114.97127379,34.83967007],[114.97037297,34.83979694],[114.9702814,34.83980983],[114.970256,34.83973576],[114.96981382,34.83844639],[114.96978939,34.83837516],[114.96970063,34.83838889],[114.96871207,34.83854174],[114.96852062,34.83857134],[114.9684337,34.83858478],[114.96841815,34.83851093],[114.96831294,34.8380111],[114.96829852,34.83794258],[114.9682093,34.83795828],[114.96719682,34.8381364],[114.96680944,34.83820454],[114.96645192,34.83826743],[114.96636633,34.83828249],[114.96633414,34.8382091],[114.96633067,34.8382012],[114.96617704,34.83785101],[114.96614775,34.83778423],[114.96606158,34.83779739],[114.96566196,34.83785845],[114.96552592,34.83787924],[114.9654866,34.83779135],[114.96537722,34.83754682],[114.96534631,34.83747772],[114.96526416,34.83749063],[114.96447045,34.83761536],[114.96378207,34.83772353],[114.96370041,34.83773636],[114.96370984,34.83780518],[114.96373487,34.83798775],[114.96374907,34.83809132],[114.96350403,34.83812638],[114.96341432,34.83813921],[114.96339199,34.83806086],[114.9632602,34.83759838],[114.96311914,34.83710338],[114.96310006,34.83703644],[114.96301348,34.83704565],[114.96256636,34.83709323],[114.96247673,34.83710277],[114.96239354,34.83711468],[114.9612764,34.8372746],[114.96087872,34.83733153],[114.96087631,34.83733272],[114.96082502,34.8373581],[114.96074614,34.83739713],[114.96075761,34.83746233],[114.96101139,34.83890449],[114.96135829,34.8404349],[114.96136496,34.84047131],[114.96136535,34.84047341],[114.9609564,34.84056929],[114.96087187,34.84058911],[114.960885,34.84066527],[114.96131711,34.84317218],[114.96138226,34.84355016],[114.96139383,34.84362904],[114.96144298,34.84396433],[114.96145515,34.84404734],[114.96146615,34.84412242],[114.96138014,34.84413487],[114.96128086,34.84414924],[114.96127491,34.84415093],[114.96126812,34.84415285],[114.96126677,34.84415324],[114.96131674,34.84445275],[114.96143897,34.84518528],[114.96149614,34.84554195],[114.96152383,34.84571471],[114.96173873,34.84705545],[114.96176105,34.84726797],[114.96176915,34.84734505],[114.9616784,34.84735418],[114.96114763,34.84740763],[114.96106363,34.84741609],[114.96097417,34.84742598],[114.9599216,34.84754232],[114.95888389,34.84765702],[114.95879511,34.84766683],[114.95871099,34.84767493],[114.95734088,34.84780688],[114.95648235,34.84791455],[114.95543799,34.84800157],[114.9545347,34.84807683],[114.95444441,34.84808436],[114.95443461,34.8480138],[114.95412241,34.84576618],[114.95404303,34.84530396],[114.95397754,34.84492267],[114.95396947,34.8448757],[114.95388023,34.8443561],[114.95361482,34.84282604],[114.95361073,34.84280718],[114.95349033,34.84225233],[114.95343159,34.84198163],[114.95341647,34.84191196],[114.95332931,34.84192011],[114.95117031,34.84212208],[114.95054506,34.84218056],[114.95045499,34.84218899],[114.95044098,34.84211819],[114.95023506,34.84107743],[114.95022029,34.84100277],[114.95013976,34.84100923],[114.94955244,34.84105632],[114.94890649,34.84110811],[114.94816622,34.84116746],[114.94801968,34.8411792],[114.94704667,34.8412572],[114.94617396,34.84132715],[114.94608306,34.84133444],[114.94608995,34.8414024],[114.94612063,34.84170514],[114.94612756,34.8417735],[114.94603677,34.84178291],[114.94527923,34.84186137],[114.94520695,34.84186886],[114.94514121,34.84187566],[114.9435799,34.84203736],[114.94241002,34.8421585],[114.94232259,34.84216755],[114.94230896,34.84209384],[114.94213417,34.8411485],[114.94165963,34.8385819],[114.94164531,34.8385045],[114.94156356,34.83851107],[114.94114942,34.83854435],[114.94040008,34.83860455],[114.93932728,34.83869074],[114.93885258,34.83872695],[114.93760857,34.83881882],[114.93756237,34.8388223],[114.9374962,34.83882729],[114.93671736,34.83888601],[114.93585021,34.8389634],[114.93578764,34.83896898],[114.93520548,34.83902094],[114.93480745,34.83905645],[114.93419257,34.83911132],[114.93387889,34.83913931],[114.9338719,34.83913993],[114.93380715,34.83914571],[114.93380314,34.83914607],[114.93380247,34.83914217],[114.93379238,34.83908326],[114.93379082,34.83907416],[114.93346154,34.83715291],[114.93344943,34.83708224],[114.93344092,34.83700974],[114.9334142,34.83678217],[114.93330861,34.8361348],[114.93315113,34.83516922],[114.9331488,34.83515495],[114.93313917,34.83509589],[114.93313877,34.83509344],[114.93313367,34.835094],[114.93308608,34.83509923],[114.93306199,34.83510188],[114.93174166,34.83524704],[114.93138525,34.83528544],[114.93118556,34.83530695],[114.93053517,34.835377],[114.9305072,34.83538002],[114.93045799,34.83538532],[114.93041783,34.83539227],[114.92967604,34.83552071],[114.92965296,34.8355247],[114.92958222,34.83553695],[114.92957652,34.83553794],[114.92957398,34.83553837],[114.92950484,34.83555016],[114.92950316,34.83555044],[114.92927022,34.83559014],[114.92910259,34.83561871],[114.9282304,34.83576735],[114.92810613,34.83578853],[114.92769617,34.83585839],[114.92763202,34.83586932],[114.92669458,34.83600325],[114.92595628,34.83610872],[114.92588506,34.8361189],[114.9258819,34.83611935],[114.92587669,34.83612019],[114.92580579,34.83613163],[114.92565728,34.83615561],[114.92512366,34.83624174],[114.92456042,34.83633265],[114.92442004,34.83635426],[114.92408644,34.83640563],[114.92380777,34.83644853],[114.92269163,34.83662037],[114.92268213,34.83662183],[114.92261116,34.83663276],[114.92260473,34.83663375],[114.92260261,34.83663385],[114.92253045,34.83663718],[114.92251824,34.83663774],[114.92238063,34.83664409],[114.92219992,34.83665242],[114.921,34.83675498],[114.92092792,34.83676115],[114.92092422,34.83676146],[114.92092572,34.83676622],[114.92094392,34.83682382],[114.92100536,34.83701828],[114.92105688,34.83718133],[114.92105818,34.83721172],[114.92107263,34.83754732],[114.92109638,34.83766101],[114.92113023,34.83782307],[114.92123939,34.83853198],[114.92135127,34.83913489],[114.92140564,34.83958935],[114.92141998,34.83970923],[114.92145946,34.83986911],[114.92152603,34.84013876],[114.9215337,34.84021987],[114.92153506,34.84023429],[114.92155852,34.84048247],[114.92156414,34.84054187],[114.92156457,34.84054647],[114.92155917,34.84054621],[114.92153853,34.84054523],[114.92148697,34.84054279],[114.92123433,34.84053083],[114.92112336,34.84052557],[114.92056802,34.84049927],[114.91971067,34.8405243],[114.91938593,34.84053378],[114.91924837,34.8405378],[114.91858916,34.84055704],[114.9185169,34.84055915],[114.91851357,34.84055925],[114.91851381,34.84056176],[114.91851955,34.84062112],[114.91853384,34.84076887],[114.91858342,34.84128175],[114.91865896,34.84223145],[114.91868136,34.84251308],[114.91869219,34.84264918],[114.91872173,34.84334337],[114.91877323,34.84390301],[114.91878559,34.8440373],[114.91881231,34.84432764],[114.91882014,34.84441269],[114.91884945,34.84473123],[114.91890375,34.84540723],[114.91900834,34.84657425],[114.91900887,34.84658013],[114.91901365,34.84663357],[114.91901402,34.84663767],[114.91900965,34.84663812],[114.91893801,34.84664547],[114.91890997,34.84664835],[114.91875748,34.846664],[114.91832625,34.84670825],[114.91830371,34.84671057],[114.91826367,34.8467153],[114.91785724,34.84676336],[114.91737243,34.84682069],[114.91723514,34.84683693],[114.91720606,34.84683999],[114.91662869,34.84690091],[114.9165789,34.84690616],[114.91618512,34.8469477],[114.91506597,34.84708168],[114.9144129,34.84715986],[114.91434809,34.84716762],[114.91434147,34.84716841],[114.91433737,34.8471689],[114.91433285,34.84716947],[114.91426151,34.84717846],[114.91324971,34.84730598],[114.9131571,34.84731765],[114.91255949,34.84737546],[114.91211943,34.84741802],[114.91168576,34.8474544],[114.91124276,34.84749157],[114.91110966,34.84750273],[114.91023901,34.84761429],[114.91002249,34.84764203],[114.90922261,34.8477266],[114.90897557,34.84775272],[114.90810361,34.84785025],[114.90787508,34.84787581],[114.90780344,34.84788382],[114.90779786,34.84788444],[114.90779474,34.84788304],[114.90773106,34.84785439],[114.90697205,34.84751296],[114.90695543,34.84750548],[114.90689208,34.84747698],[114.90688756,34.84747495],[114.90688736,34.84747156],[114.90688388,34.84741207],[114.90688379,34.84741052],[114.9068122,34.84618713],[114.9067444,34.84508728],[114.90673554,34.84494356],[114.90673551,34.84494304],[114.90673184,34.8448835],[114.90673164,34.84488028],[114.90672857,34.84488045],[114.90665657,34.84488445],[114.90665266,34.84488467],[114.90617745,34.84491105],[114.90458655,34.84500926],[114.90451459,34.8450137],[114.90450814,34.8450141],[114.90450795,34.84501079],[114.90450449,34.84495095],[114.90448392,34.84459488],[114.9044793,34.84451474],[114.90442868,34.84359437],[114.90439423,34.8432928],[114.90438734,34.84323252],[114.90438733,34.84323242],[114.90438722,34.84323146],[114.90438742,34.84322702],[114.9043901,34.8431667],[114.90439759,34.84299847],[114.90439979,34.84294904],[114.9043861,34.84278287],[114.9043854,34.84277426],[114.90436892,34.84246016],[114.90436722,34.84242776],[114.90434993,34.84209811],[114.9043494,34.84208805],[114.90431446,34.84142196],[114.90427625,34.84051003],[114.90427375,34.84045052],[114.90427359,34.84044652],[114.90426994,34.84044425],[114.90421237,34.84040828],[114.90292841,34.8396062],[114.90290556,34.83942648],[114.90290291,34.83940564],[114.90289532,34.83934602],[114.90289484,34.83934221],[114.90289276,34.83934226],[114.90282059,34.83934414],[114.90224262,34.83935923],[114.9013886,34.83938934],[114.90125386,34.83939409],[114.90123303,34.83939482],[114.90116079,34.83939737],[114.90115521,34.83939756],[114.90115507,34.83939313],[114.90115311,34.83933348],[114.90115247,34.83931405],[114.90114938,34.83921968],[114.90114006,34.83893531],[114.90111071,34.83824626],[114.9010958,34.83789599],[114.90108137,34.83755721],[114.90108157,34.83754438],[114.90108299,34.83745009],[114.90109224,34.83683699],[114.90110665,34.83600192],[114.90110768,34.83594241],[114.90110776,34.83593767],[114.90110302,34.83593774],[114.90103069,34.83593883],[114.900229,34.83595084],[114.90021827,34.835951],[114.90020898,34.83579193],[114.90014851,34.83475635],[114.90011605,34.83420058],[114.90114136,34.83415642],[114.90114136,34.83415604],[114.90113574,34.8339046],[114.90112339,34.83335197],[114.90112241,34.83335197],[114.90008218,34.83335191],[114.90010594,34.83285808],[114.9000478,34.83286194],[114.8999855,34.83286583],[114.89983186,34.83287724],[114.89982736,34.83272301],[114.89979796,34.83227369],[114.90021723,34.83225122],[114.90030188,34.83224668],[114.90029024,34.83215919],[114.89983016,34.82870256],[114.89979646,34.82844932],[114.89978995,34.82840038],[114.89978676,34.82837645],[114.89972458,34.82790923],[114.89972408,34.82790545],[114.89972384,34.82790365],[114.89961606,34.82709386],[114.89961891,34.82709352],[114.89979132,34.82707239],[114.89988607,34.82706078],[114.90021091,34.82702097],[114.90093029,34.82693281],[114.90128539,34.82688929],[114.90149511,34.82686359],[114.90175624,34.82683158],[114.90192448,34.82682145],[114.9024575,34.82678935],[114.90273332,34.82677273],[114.90280192,34.8267686],[114.90280206,34.82667726],[114.90280253,34.82634737],[114.90281949,34.82629422],[114.90281997,34.82629271],[114.90282634,34.82627275],[114.9028299,34.82509517],[114.90280824,34.82480755],[114.90277233,34.82433086],[114.90279223,34.8241303],[114.90279805,34.82407167],[114.9028019,34.82403287],[114.90276641,34.82303767],[114.90270733,34.82138068],[114.90270437,34.82110927],[114.90270164,34.82085962],[114.90271494,34.82083719],[114.90279027,34.82071008],[114.90277195,34.82053426],[114.90268695,34.81994739],[114.90267738,34.81988134],[114.90266678,34.81980913],[114.90254187,34.81895828],[114.90250435,34.81870264],[114.90247723,34.81851793],[114.90247017,34.81846986],[114.90239265,34.8184768],[114.90095092,34.81860578],[114.89519713,34.81912038],[114.89484587,34.81915178],[114.89477844,34.818487],[114.89477737,34.81847645],[114.89469614,34.81767566],[114.89466697,34.81738807],[114.89465321,34.81725238],[114.89464823,34.81720325],[114.89394924,34.81728624],[114.89391577,34.81729021],[114.89386273,34.81676773],[114.89385603,34.81670177],[114.89385425,34.81668387],[114.89381694,34.81669232],[114.89379983,34.81669598],[114.89370438,34.81671641]]]}},{"type":"Feature","properties":{"adcode":"410225105","name":"谷营镇","type":"镇","county_code":"410225","county_name":"兰考县","source_codes":["410225204","410225203"],"geometry_method":"原谷营乡与爪营乡合并","area_km2":109.5188},"geometry":{"type":"Polygon","coordinates":[[[114.9146073,34.9065048],[114.91453167,34.90603338],[114.91450579,34.9058721],[114.91435321,34.90489474],[114.91413513,34.90338854],[114.91411367,34.90324034],[114.91400459,34.90250507],[114.9136629,34.9001954],[114.91365416,34.90013632],[114.91365339,34.90013115],[114.91364996,34.90013156],[114.9135781,34.90014016],[114.91251282,34.90026754],[114.91244067,34.90027617],[114.912439,34.90027637],[114.91243812,34.90027117],[114.91242797,34.90021188],[114.91229767,34.89945069],[114.91228477,34.89937531],[114.91223125,34.89906264],[114.91188943,34.8970537],[114.91182576,34.89667947],[114.91181586,34.89662127],[114.91174545,34.89663297],[114.9114595,34.89668052],[114.91104733,34.89674906],[114.91103025,34.8967519],[114.90960254,34.89699582],[114.90953138,34.89700798],[114.9095259,34.89700891],[114.90952557,34.89700738],[114.90951311,34.89694844],[114.90940681,34.89644576],[114.90907018,34.89485378],[114.90901689,34.89461384],[114.90900327,34.89455249],[114.9089901,34.8944932],[114.90899007,34.89449308],[114.9089889,34.89448781],[114.90898881,34.89448738],[114.90898448,34.89448784],[114.90898428,34.89448786],[114.90898409,34.89448788],[114.90891031,34.89449576],[114.90871429,34.8945167],[114.90871355,34.89451427],[114.90838418,34.89343454],[114.90835562,34.89334092],[114.90828637,34.89311176],[114.90787537,34.8917518],[114.90785788,34.89169394],[114.90785684,34.8916905],[114.9078514,34.89169121],[114.90778008,34.8917004],[114.90737817,34.8917522],[114.90689222,34.89181483],[114.90656113,34.8918575],[114.90648691,34.89186707],[114.90641284,34.89188877],[114.90628155,34.89192724],[114.90621455,34.89182403],[114.90614097,34.89103489],[114.90610765,34.89073724],[114.90601488,34.88990845],[114.90599778,34.88976002],[114.90590702,34.88897247],[114.90581684,34.88836291],[114.90577443,34.88807624],[114.90546425,34.8880922],[114.90507786,34.88811209],[114.90499592,34.8881163],[114.90498652,34.88806133],[114.90498198,34.88803474],[114.90488161,34.88744763],[114.90488072,34.88744248],[114.90487644,34.88741217],[114.90487355,34.8873917],[114.90486139,34.88730557],[114.90483413,34.88711255],[114.90479976,34.88686919],[114.90475423,34.88654683],[114.90475109,34.88652461],[114.90472631,34.8863491],[114.90471486,34.88623478],[114.90470851,34.88617135],[114.90470137,34.8861721],[114.90469291,34.886173],[114.9046212,34.88618061],[114.90434659,34.88620975],[114.90298675,34.88635401],[114.90291263,34.88636188],[114.90291244,34.8863619],[114.90291223,34.88636192],[114.90291203,34.88636194],[114.90290971,34.88636219],[114.9029095,34.88636221],[114.9029093,34.88636223],[114.90290756,34.88636241],[114.90290737,34.88636133],[114.90290734,34.88636119],[114.90290659,34.88635693],[114.90289598,34.88629672],[114.90275676,34.88550694],[114.90266765,34.88500136],[114.90252238,34.88418472],[114.90251149,34.88412351],[114.90251147,34.88412336],[114.90250324,34.88412455],[114.90243197,34.88413491],[114.90181531,34.88422451],[114.9017971,34.88422715],[114.90170346,34.88424076],[114.90131754,34.88429683],[114.9013118,34.88429768],[114.90076944,34.88437774],[114.90075316,34.88438014],[114.90035811,34.88443845],[114.89991306,34.88450414],[114.89983154,34.88451617],[114.89944035,34.88457267],[114.89939506,34.88457922],[114.8988854,34.88465283],[114.89887875,34.88465379],[114.8983952,34.88471898],[114.89838871,34.88471998],[114.89790135,34.88479524],[114.89785774,34.88480197],[114.89757557,34.88484554],[114.89750478,34.88485647],[114.89751519,34.88489481],[114.89752144,34.88491784],[114.89758236,34.88514228],[114.89764272,34.88536469],[114.89764511,34.88537349],[114.89765877,34.88542382],[114.89766088,34.88543158],[114.89766196,34.88543556],[114.89765833,34.88543627],[114.89758803,34.88544994],[114.89734391,34.88549744],[114.89710878,34.88554318],[114.89699879,34.88556458],[114.8966588,34.88563073],[114.89659811,34.88564254],[114.89627527,34.88570535],[114.89621443,34.88571719],[114.8959737,34.88576402],[114.89581407,34.88579508],[114.89552617,34.88584612],[114.89534394,34.88587842],[114.89511731,34.88591859],[114.89473209,34.88598688],[114.89454649,34.88601978],[114.89426093,34.88607041],[114.89399865,34.8861169],[114.89393774,34.88612765],[114.89357582,34.88619152],[114.89314007,34.88626842],[114.893049,34.88628449],[114.89210514,34.88645105],[114.89203434,34.88646354],[114.89203101,34.88646413],[114.89195655,34.88648092],[114.89167172,34.88654516],[114.89165048,34.88654995],[114.89162279,34.8865562],[114.89154753,34.88657317],[114.89147476,34.88658673],[114.89134923,34.88661011],[114.89117706,34.88664218],[114.89091647,34.88669072],[114.89062853,34.88674435],[114.89049285,34.88676934],[114.89028754,34.88680714],[114.89015533,34.88683148],[114.88990606,34.88687738],[114.88980774,34.88689549],[114.88961195,34.88693154],[114.88939086,34.88697225],[114.88895136,34.88705318],[114.88874809,34.88709061],[114.88863133,34.88711302],[114.88826625,34.88718309],[114.88805564,34.88722352],[114.88789793,34.88725379],[114.88770395,34.88729102],[114.88758114,34.88731459],[114.88756979,34.88731677],[114.88716452,34.88739455],[114.88699457,34.88742717],[114.88672476,34.88747896],[114.8866334,34.88749649],[114.88649313,34.88752341],[114.88641679,34.88753532],[114.88619219,34.88757035],[114.88603965,34.88759414],[114.88569307,34.8876482],[114.88562209,34.88765927],[114.88561759,34.88765997],[114.88561374,34.88765956],[114.88554212,34.8876519],[114.88518327,34.88761354],[114.88502111,34.8875962],[114.88501231,34.88759766],[114.88501199,34.88759771],[114.88482061,34.88762943],[114.88453914,34.88767609],[114.88432899,34.88771092],[114.88415561,34.88773965],[114.88411183,34.88774691],[114.88403928,34.88775894],[114.88396281,34.88777483],[114.88376064,34.88781685],[114.8834705,34.88787716],[114.8830834,34.88795762],[114.88294057,34.88798731],[114.8827854,34.88801561],[114.88256324,34.88805614],[114.88233167,34.88809839],[114.88218823,34.88812455],[114.88192902,34.88815791],[114.8816775,34.88819027],[114.88129755,34.88823915],[114.88093678,34.88828557],[114.88086545,34.88829475],[114.88085681,34.88829586],[114.88085532,34.88829605],[114.88078668,34.88831006],[114.88044424,34.88837992],[114.88004497,34.88846138],[114.87989627,34.88849172],[114.87979908,34.88852069],[114.87960824,34.88857757],[114.87953114,34.88860055],[114.87932683,34.88866145],[114.87906231,34.8887403],[114.87904373,34.88874584],[114.87901731,34.88875371],[114.87897583,34.88876608],[114.8789732,34.88876686],[114.87896763,34.88876854],[114.87889982,34.88878897],[114.87885584,34.88880222],[114.87867476,34.88885678],[114.87838864,34.88894299],[114.87816093,34.8890116],[114.877955,34.88907365],[114.87747966,34.88916155],[114.87722333,34.88920895],[114.87716042,34.88922452],[114.87679072,34.88931606],[114.87662699,34.8893566],[114.8765919,34.88936529],[114.87655045,34.88937555],[114.87648308,34.88939838],[114.8764533,34.88940847],[114.87644816,34.88941021],[114.87635539,34.88944164],[114.87617932,34.88947983],[114.8761092,34.88949504],[114.87610614,34.88949571],[114.87610135,34.88949682],[114.87606153,34.88950605],[114.87603158,34.889513],[114.87592457,34.88953783],[114.87576306,34.8895753],[114.87557459,34.88961902],[114.87545473,34.88964682],[114.87520964,34.88970368],[114.87507795,34.88973423],[114.87491379,34.88977231],[114.87484791,34.88978759],[114.87456412,34.88985342],[114.87439139,34.88989349],[114.87424109,34.88992836],[114.87395577,34.88999454],[114.87387901,34.89001235],[114.87346651,34.89010804],[114.87339625,34.89012433],[114.87339219,34.89012527],[114.87338945,34.89012589],[114.87336518,34.89013133],[114.87331904,34.89014168],[114.87301478,34.89020989],[114.87268008,34.89028493],[114.87267576,34.8902859],[114.87260395,34.890302],[114.87252816,34.89031827],[114.87237737,34.89035066],[114.87199497,34.89043278],[114.87180286,34.89047404],[114.87172191,34.89049142],[114.87130987,34.89057991],[114.87109704,34.89062562],[114.87106644,34.89063219],[114.87104449,34.8906369],[114.87079604,34.89069026],[114.87046009,34.89076241],[114.87041078,34.89077296],[114.87025356,34.89080658],[114.87011093,34.89083708],[114.86975257,34.89091372],[114.86968538,34.89092809],[114.86942582,34.8909836],[114.86909434,34.89105449],[114.86874072,34.89113012],[114.86846073,34.89118999],[114.86843611,34.89119526],[114.86824388,34.89123637],[114.86805561,34.89127663],[114.86802047,34.89128414],[114.86777785,34.89133602],[114.8676344,34.8913667],[114.86751043,34.89133602],[114.8674273,34.89131545],[114.8674227,34.8913184],[114.86739527,34.89133602],[114.8673705,34.89135193],[114.86721893,34.89144927],[114.86709435,34.89147679],[114.8669657,34.89150522],[114.86685667,34.89152931],[114.86662876,34.89157966],[114.86660996,34.89158381],[114.86654006,34.89159926],[114.86653656,34.89160003],[114.86653599,34.8915976],[114.86652243,34.89153916],[114.86651412,34.89150332],[114.86644266,34.89119526],[114.86641489,34.89107556],[114.86634284,34.89076495],[114.86627939,34.89049142],[114.86626789,34.89044182],[114.86607813,34.89047818],[114.86600902,34.89049142],[114.86586802,34.89051844],[114.86565774,34.89056273],[114.86534143,34.89062935],[114.86532796,34.89063219],[114.86527045,34.8906443],[114.86526837,34.89064474],[114.86526409,34.89064558],[114.86519289,34.89065953],[114.86488421,34.89072004],[114.86481273,34.89073404],[114.86481262,34.89073407],[114.86480696,34.89073518],[114.86480684,34.8907352],[114.86480547,34.89073547],[114.86473906,34.89075767],[114.86469334,34.89077296],[114.86450647,34.89083543],[114.8644588,34.89084531],[114.86413495,34.89091238],[114.86412848,34.89091372],[114.86411947,34.89091559],[114.86377369,34.89098721],[114.86344884,34.89105449],[114.86336648,34.89107155],[114.86308859,34.8911291],[114.86281263,34.89118626],[114.86276919,34.89119526],[114.86273069,34.89120323],[114.86240348,34.891271],[114.86201736,34.89135098],[114.86171838,34.89140663],[114.8614581,34.89145507],[114.86136351,34.89147679],[114.86103327,34.89155262],[114.86087326,34.89158936],[114.86075043,34.89161756],[114.86051944,34.89167059],[114.85952418,34.89189909],[114.85922699,34.89196733],[114.85914923,34.89198518],[114.85907357,34.89200255],[114.85891105,34.89203986],[114.85872925,34.8920816],[114.8586354,34.89210315],[114.8585906,34.89211343],[114.85795029,34.89226044],[114.85743646,34.89237841],[114.85733651,34.89240136],[114.85720831,34.89243079],[114.85700682,34.89246216],[114.85687295,34.892483],[114.85683049,34.89248962],[114.85668545,34.8925122],[114.85666572,34.89251527],[114.85658008,34.89253191],[114.8565004,34.8925474],[114.85621462,34.89260293],[114.85609467,34.89262623],[114.85589497,34.89266504],[114.85562825,34.89271686],[114.85549016,34.89274369],[114.85520986,34.89279815],[114.85476568,34.89288446],[114.85435348,34.89296455],[114.85430419,34.89297413],[114.85429784,34.89297434],[114.85275693,34.89302523],[114.85227277,34.89304122],[114.85218512,34.89302523],[114.85211366,34.89301219],[114.85178433,34.89295212],[114.85141344,34.89288446],[114.85139377,34.89288087],[114.85115672,34.89283763],[114.85112827,34.89283021],[114.85096179,34.8927868],[114.85089251,34.89276873],[114.85088658,34.89276718],[114.8508852,34.8927669],[114.85081468,34.89275251],[114.85077146,34.89274369],[114.85062313,34.89271343],[114.8505854,34.89270573],[114.85054992,34.89269849],[114.85054976,34.89269846],[114.85054961,34.89269843],[114.85054945,34.89269839],[114.8505493,34.89269836],[114.85054914,34.89269833],[114.85054898,34.8926983],[114.85054883,34.89269827],[114.85054867,34.89269823],[114.85054851,34.8926982],[114.85054836,34.89269817],[114.8505482,34.89269814],[114.85054805,34.89269811],[114.85054326,34.89269713],[114.85051982,34.89264305],[114.85050242,34.89260293],[114.85041412,34.89239924],[114.85039209,34.89234843],[114.85031935,34.89218062],[114.85031611,34.89217316],[114.85024284,34.89202137],[114.85019974,34.89193206],[114.85018382,34.89189909],[114.85017715,34.89188527],[114.85011057,34.89189789],[114.84995333,34.8919277],[114.84990523,34.89193682],[114.84892212,34.89221311],[114.84859612,34.89230473],[114.84858582,34.89230762],[114.84857926,34.89230893],[114.8467841,34.89266647],[114.84623089,34.89277664],[114.84614639,34.89279347],[114.84574938,34.89287254],[114.84553102,34.89291587],[114.84522334,34.89297694],[114.84509584,34.89300224],[114.84466178,34.89315823],[114.84458283,34.8931866],[114.84452591,34.89321387],[114.84399647,34.89346748],[114.84355542,34.89367874],[114.84254613,34.89416218],[114.8424775,34.89419506],[114.84249105,34.89425074],[114.84268298,34.89503889],[114.84281585,34.89558448],[114.84308823,34.89669278],[114.84310307,34.89675314],[114.84334943,34.8976379],[114.84355966,34.89839255],[114.8435925,34.89852166],[114.84360805,34.8985828],[114.84356267,34.89853549],[114.84324041,34.89819952],[114.84297696,34.89792486],[114.84294641,34.89789301],[114.84295293,34.89793346],[114.84320038,34.8994686],[114.8432099,34.89952764],[114.84321006,34.89952862],[114.84320596,34.89952918],[114.84320585,34.8995292],[114.84313353,34.89953912],[114.84287292,34.89957489],[114.84280606,34.89958407],[114.84214546,34.89965274],[114.84194118,34.89967398],[114.84095107,34.8997769],[114.84029839,34.89984474],[114.83971,34.8999059],[114.83834378,34.90004789],[114.83829211,34.90005326],[114.83811647,34.9000723],[114.83692602,34.90020137],[114.83662315,34.90023421],[114.83474236,34.90043485],[114.83426091,34.90048967],[114.83418478,34.90049834],[114.83418503,34.90049984],[114.83418619,34.90050694],[114.83419588,34.90056592],[114.83445592,34.90214977],[114.83445307,34.90214989],[114.83431664,34.90215572],[114.83431042,34.90215598],[114.83434352,34.9024923],[114.83437295,34.90279137],[114.8343787,34.9028498],[114.83430891,34.90285342],[114.83205388,34.90297049],[114.83141225,34.90300379],[114.8313398,34.90300755],[114.8313358,34.90300776],[114.83133625,34.9030128],[114.8313416,34.90307213],[114.83139317,34.9036439],[114.83143531,34.90411106],[114.83145592,34.90433954],[114.83157729,34.90584867],[114.83160921,34.9062456],[114.83161407,34.90630602],[114.83161408,34.90630612],[114.83161442,34.90631031],[114.83161398,34.90631039],[114.83154344,34.90632433],[114.83097899,34.90643583],[114.83094069,34.90644339],[114.83029675,34.90657059],[114.83004138,34.90662104],[114.83003471,34.90662235],[114.82997095,34.90663495],[114.82996693,34.90663574],[114.82996887,34.90663764],[114.83001368,34.90668138],[114.83001547,34.90668313],[114.83004774,34.90671463],[114.83040532,34.90706376],[114.83075168,34.90738636],[114.83094581,34.90756716],[114.83144105,34.90802843],[114.83179999,34.90836273],[114.83197958,34.90852999],[114.83212113,34.9086653],[114.8324636,34.90899268],[114.83333425,34.90976602],[114.83333729,34.90976723],[114.83384469,34.9099695],[114.83388614,34.90998602],[114.83440543,34.91016499],[114.83593044,34.91069053],[114.83596103,34.91070106],[114.83630461,34.91082403],[114.83637146,34.91084796],[114.83637239,34.91084829],[114.8363738,34.91085463],[114.83638685,34.91091319],[114.83644855,34.91119004],[114.83611508,34.91123585],[114.83604384,34.91124563],[114.83603787,34.91124645],[114.83603848,34.91124944],[114.83605041,34.91130838],[114.83635872,34.91283181],[114.83636651,34.91287031],[114.83638877,34.91297478],[114.83644549,34.91324104],[114.83675241,34.91468163],[114.83691773,34.91562162],[114.83695056,34.91580827],[114.83698643,34.91601219],[114.83700485,34.91610061],[114.83706903,34.91640861],[114.83708125,34.91646728],[114.83708187,34.91647024],[114.83708542,34.91646988],[114.83715715,34.91646262],[114.83778199,34.91639935],[114.83864467,34.916312],[114.83871675,34.91630471],[114.83872004,34.91630437],[114.8387213,34.91630947],[114.8387357,34.91636778],[114.83881507,34.91668916],[114.83894274,34.91755756],[114.83905114,34.91818976],[114.83915953,34.91882195],[114.83926438,34.91946316],[114.83936923,34.92010438],[114.83943388,34.92049975],[114.83947408,34.92074559],[114.83954956,34.92121802],[114.83955169,34.92123131],[114.83955229,34.92123506],[114.83957853,34.92139934],[114.83958798,34.92145846],[114.83958863,34.92146255],[114.83958952,34.92146445],[114.83958994,34.92146535],[114.83961602,34.92152103],[114.83961836,34.92152603],[114.83962046,34.92153051],[114.83999473,34.92149854],[114.8400025,34.92149787],[114.8400101,34.92156419],[114.84001445,34.92160208],[114.84007844,34.92216028],[114.84009313,34.92229066],[114.84013449,34.92265785],[114.84016849,34.92289737],[114.84020511,34.92315531],[114.84025557,34.92353869],[114.84025719,34.92355097],[114.84025913,34.92356574],[114.84026692,34.92362504],[114.84026729,34.92362791],[114.84027294,34.92362773],[114.84034516,34.9236254],[114.84079828,34.92361083],[114.84106184,34.92360235],[114.84186652,34.92358779],[114.8426712,34.92357322],[114.84296355,34.92357446],[114.84318992,34.92357543],[114.84347606,34.92357664],[114.84422288,34.92360146],[114.84502799,34.92362887],[114.84502943,34.92362955],[114.8452383,34.92372931],[114.84528734,34.92375274],[114.84528422,34.92375608],[114.84528599,34.92379866],[114.84528702,34.92382347],[114.84528744,34.92383337],[114.8453132,34.92445181],[114.84532734,34.92485672],[114.84533897,34.92518956],[114.84535565,34.92575039],[114.84539424,34.92631706],[114.84540053,34.92658971],[114.84540605,34.92682853],[114.84540733,34.92688392],[114.84542774,34.92745372],[114.84545563,34.9276875],[114.84545649,34.92803053],[114.84545741,34.92837812],[114.84545877,34.92874644],[114.84545771,34.92911478],[114.84545906,34.92943909],[114.84545931,34.92949911],[114.84545931,34.92949942],[114.84545932,34.92950138],[114.84546552,34.92950447],[114.84552735,34.92953529],[114.8458645,34.92970335],[114.84591262,34.92972733],[114.8461007,34.92982109],[114.84670519,34.93012211],[114.84677127,34.93015502],[114.84677319,34.93021415],[114.84679168,34.93078309],[114.84679172,34.93078448],[114.84679453,34.93087092],[114.84680885,34.93131472],[114.84682051,34.93167602],[114.84683539,34.93209023],[114.8468468,34.93251029],[114.84685715,34.93289183],[114.8468582,34.93293036],[114.84685893,34.93294691],[114.84686603,34.93310832],[114.84687668,34.93335038],[114.84688947,34.93370994],[114.84689147,34.93377043],[114.84689238,34.93379802],[114.84690303,34.93419049],[114.84691443,34.93461056],[114.84691851,34.93476102],[114.84692469,34.93498876],[114.84692583,34.93503063],[114.84693723,34.9354507],[114.84694864,34.93587076],[114.84696098,34.9361153],[114.84697088,34.93631118],[114.84698169,34.93673434],[114.84698273,34.93677501],[114.84699824,34.93725048],[114.84700476,34.93738701],[114.84702081,34.93772299],[114.84703624,34.93818972],[114.84705169,34.93865936],[114.84706718,34.93913191],[114.84707632,34.93941072],[114.84708267,34.93960447],[114.84708586,34.93970184],[114.84709815,34.94007703],[114.84711229,34.94042803],[114.84711718,34.94054956],[114.84712791,34.94081604],[114.84713621,34.94102209],[114.84715524,34.94149463],[114.84716589,34.94181956],[114.84717073,34.94196718],[114.84718622,34.94243974],[114.84718778,34.94248745],[114.8472017,34.9429123],[114.84721719,34.94338485],[114.8472216,34.94351931],[114.84723268,34.94385741],[114.84723605,34.9439279],[114.84724109,34.94403348],[114.84725526,34.94432992],[114.8472672,34.9448025],[114.84726654,34.94483728],[114.84725798,34.94528398],[114.84725023,34.94568849],[114.84724876,34.94576546],[114.84724308,34.94624692],[114.8472268,34.94673137],[114.84721912,34.94715192],[114.84721773,34.94722744],[114.84720866,34.94772351],[114.84719959,34.94821958],[114.84719087,34.94869669],[114.84719052,34.94871565],[114.84718426,34.94890773],[114.84718229,34.94896829],[114.84717604,34.94916041],[114.84717436,34.94921177],[114.84716624,34.94934473],[114.8471531,34.94955965],[114.84714403,34.94970798],[114.84711402,34.95019895],[114.8471137,34.9502042],[114.84707898,34.9506598],[114.84707435,34.95072054],[114.84707418,34.95072283],[114.84707332,34.9507228],[114.84700114,34.95072037],[114.84678223,34.95071298],[114.84670826,34.95071048],[114.84593215,34.95069489],[114.84568405,34.9506899],[114.84515604,34.95067928],[114.84489384,34.95067718],[114.84444935,34.95067362],[114.84437711,34.95067304],[114.84436836,34.95067297],[114.8443656,34.95067295],[114.84429616,34.95067064],[114.84419136,34.95066716],[114.84382572,34.950655],[114.84361475,34.95064799],[114.84284586,34.95062632],[114.84207701,34.95060765],[114.84131186,34.95059494],[114.84129427,34.95059465],[114.84125714,34.95059403],[114.84072788,34.95058518],[114.84055035,34.95058221],[114.84041249,34.95057806],[114.83938411,34.95054715],[114.83933323,34.95054562],[114.83931234,34.95055636],[114.8393122,34.95055644],[114.83930761,34.95055879],[114.83930747,34.95055887],[114.83930634,34.95055945],[114.83930621,34.95061832],[114.83930582,34.95079859],[114.83930533,34.95102576],[114.83930052,34.95126877],[114.83929117,34.95145669],[114.83928843,34.95151183],[114.83928362,34.95175484],[114.83928391,34.95178307],[114.83928609,34.95199779],[114.83927391,34.95223202],[114.83926347,34.95243271],[114.83926038,34.95249214],[114.83926023,34.95249507],[114.83925616,34.95249448],[114.83918492,34.95248423],[114.83910591,34.95247286],[114.8390869,34.95247012],[114.83902965,34.9524687],[114.83880267,34.95246308],[114.83830707,34.9524485],[114.83781119,34.95240692],[114.83750271,34.95238938],[114.83729358,34.95237749],[114.83677603,34.95235405],[114.83621125,34.95234294],[114.83564649,34.95233482],[114.83540674,34.95233462],[114.83525669,34.9523345],[114.83481567,34.95233135],[114.8339706,34.95232532],[114.83351486,34.95228945],[114.83291743,34.95229708],[114.83139171,34.95216846],[114.8313196,34.95216238],[114.83131596,34.95216208],[114.83131126,34.95216197],[114.83123881,34.95216035],[114.83041108,34.95214177],[114.83034027,34.95214018],[114.82909041,34.95210971],[114.82878438,34.95210137],[114.82794618,34.95207851],[114.82790616,34.95207763],[114.82722587,34.95206263],[114.82680202,34.95205329],[114.8265126,34.95204539],[114.82635722,34.95204116],[114.8263088,34.95203983],[114.8256578,34.95202207],[114.82445893,34.9519912],[114.82432312,34.95198806],[114.82360101,34.95197136],[114.82298782,34.95195718],[114.82271501,34.95195086],[114.82264264,34.95194919],[114.82263648,34.95194905],[114.82263718,34.95195153],[114.82265368,34.95200994],[114.82268998,34.95213842],[114.82279564,34.95251241],[114.82247376,34.95249705],[114.82230741,34.95248911],[114.82224527,34.95248614],[114.82221253,34.95248472],[114.82170587,34.95246279],[114.82121397,34.95245411],[114.82072211,34.95244843],[114.82025586,34.95245457],[114.8200621,34.95244696],[114.81958838,34.95242833],[114.8195162,34.95242549],[114.81951433,34.95242542],[114.81951431,34.95242796],[114.8195139,34.95248802],[114.8195106,34.95297854],[114.81950645,34.95365951],[114.81950594,34.95434044],[114.81950274,34.95485911],[114.81950176,34.9550184],[114.819493,34.95530529],[114.81949252,34.95532086],[114.81948361,34.95561297],[114.81948252,34.95564847],[114.819486,34.95599755],[114.81948697,34.95609576],[114.81948867,34.95626636],[114.81948485,34.95639185],[114.81947319,34.956775],[114.81947127,34.95683819],[114.81947282,34.95683819],[114.81948157,34.95683822],[114.81955382,34.95683849],[114.82019762,34.9568408],[114.82027026,34.95684106],[114.82027515,34.95684108],[114.82027377,34.95684319],[114.82023942,34.95689581],[114.82017358,34.95699667],[114.82011947,34.95707232],[114.81998835,34.95725565],[114.81990409,34.95737345],[114.81959927,34.95786146],[114.81960858,34.95814332],[114.81961056,34.95820333],[114.81961256,34.95826391],[114.81961557,34.95835524],[114.81966032,34.95850995],[114.81963078,34.95863035],[114.81962629,34.95864832],[114.81960861,34.95871907],[114.81954796,34.95880172],[114.81951862,34.9589411],[114.81944349,34.95911241],[114.81938284,34.95919506],[114.81932332,34.95939158],[114.81932458,34.95951809],[114.81933371,34.95966354],[114.81938569,34.95997842],[114.81969246,34.95991892],[114.82190875,34.95969321],[114.82510521,34.95936648],[114.82524176,34.95985694],[114.82534856,34.96032619],[114.82555726,34.96123798],[114.82569601,34.96165352],[114.82615136,34.96171156],[114.82758242,34.96164736],[114.82941791,34.96163845],[114.8303271,34.96163402],[114.83266281,34.96164771],[114.83286343,34.96164889],[114.83334358,34.9616369],[114.83388403,34.9616234],[114.83444154,34.96160947],[114.83498933,34.96159578],[114.83504172,34.96327469],[114.83508604,34.96469478],[114.83455651,34.96474565],[114.83418904,34.96545334],[114.8340917,34.96559897],[114.83363144,34.96628756],[114.83349642,34.96650038],[114.83336768,34.96670332],[114.83282488,34.96739553],[114.83240238,34.96741886],[114.83221074,34.96744992],[114.83178886,34.96748999],[114.83152273,34.96752341],[114.83124099,34.96757739],[114.83089365,34.96761881],[114.83100728,34.96801898],[114.8301463,34.96816726],[114.82938559,34.96829827],[114.82926515,34.96781212],[114.82874473,34.96791071],[114.82782932,34.96735134],[114.82782539,34.96733606],[114.82769888,34.96684367],[114.82739252,34.96558066],[114.82623885,34.96567694],[114.82509391,34.96579454],[114.82437445,34.96587787],[114.82423895,34.96589357],[114.82386843,34.96593648],[114.82357291,34.96597071],[114.82332642,34.96599926],[114.82141734,34.96624813],[114.82124106,34.9662711],[114.82090494,34.96621318],[114.82070249,34.96623839],[114.82032993,34.96628477],[114.8198547,34.96632797],[114.81977479,34.96633524],[114.8190051,34.96644126],[114.81825337,34.96654961],[114.81809138,34.96657945],[114.81785522,34.96665128],[114.81764461,34.96671533],[114.81751572,34.96675453],[114.81385861,34.96786671],[114.81179148,34.96879651],[114.81158631,34.96888879],[114.81136169,34.96898982],[114.81092569,34.96918592],[114.8083136,34.97036073],[114.80397256,34.97231295],[114.80390808,34.97234194],[114.80320604,34.97265764],[114.80312958,34.97269202],[114.79932623,34.97440219],[114.79936651,34.97439671],[114.80018631,34.9742851],[114.80033008,34.97426553],[114.80048986,34.97439949],[114.80055025,34.97445012],[114.80149895,34.97524551],[114.80155825,34.97529522],[114.80158976,34.97532637],[114.80235824,34.97608606],[114.80401299,34.97772183],[114.80318933,34.97827606],[114.80038311,34.9801642],[114.80023408,34.98026447],[114.79994084,34.98046176],[114.7989181,34.98114986],[114.79872955,34.98127672],[114.79633352,34.98287987],[114.79604322,34.9830435],[114.79394324,34.98422719],[114.7919415,34.98536022],[114.78615265,34.9886365],[114.78277802,34.99054617],[114.78265456,34.99063338],[114.78146542,34.99147325],[114.78134515,34.99155819],[114.77865729,34.99345647],[114.77851534,34.99355672],[114.77923706,34.99423906],[114.78107461,34.99597631],[114.78142017,34.996303],[114.782139,34.99707577],[114.78446211,34.99957313],[114.78448317,34.99959576],[114.78488014,35.00002249],[114.78488386,35.00002649],[114.7851205,35.00028086],[114.78512764,35.00019114],[114.7873056,35.00198469],[114.78730722,35.00198603],[114.78731428,35.00199184],[114.78783206,35.00241822],[114.78786916,35.00244877],[114.78821587,35.00273427],[114.78823183,35.00274742],[114.7886537,35.0030948],[114.78923837,35.0035452],[114.78932774,35.00361404],[114.79067102,35.00464881],[114.79072748,35.0046923],[114.79196668,35.00564685],[114.79437201,35.00723156],[114.79704567,35.0085535],[114.79929164,35.00965511],[114.80042352,35.01011457],[114.80045197,35.01012612],[114.80276829,35.01106632],[114.80280711,35.01108559],[114.80281637,35.01109019],[114.80282748,35.0110957],[114.8044499,35.0119009],[114.80495489,35.01198203],[114.80572819,35.01188778],[114.80594517,35.01184992],[114.80671447,35.01168857],[114.81258177,35.01045784],[114.81300942,35.01036812],[114.81304614,35.01036042],[114.81346955,35.01027159],[114.81385923,35.01018983],[114.8144369,35.01006866],[114.81587928,35.00978362],[114.81791923,35.00938047],[114.81808676,35.00938348],[114.81813616,35.00939665],[114.818168,35.00940514],[114.81827168,35.00943278],[114.81830448,35.00945087],[114.81839552,35.00950106],[114.81857156,35.00959813],[114.81871435,35.00967686],[114.81893246,35.00979712],[114.82122395,35.0111715],[114.82170863,35.01100807],[114.8227004,35.01067366],[114.82576546,35.0097493],[114.82800241,35.00917659],[114.82810628,35.00914817],[114.82875983,35.00896966],[114.83041949,35.00851621],[114.83300118,35.0078108],[114.83345959,35.00768555],[114.83507621,35.00724378],[114.83511349,35.0072336],[114.83511368,35.00723355],[114.83536529,35.00716688],[114.8357532,35.00706408],[114.8358003,35.00705161],[114.83649754,35.00686685],[114.83689874,35.00676053],[114.83692365,35.00675393],[114.8381263,35.00643523],[114.83860621,35.00638521],[114.83942615,35.00616738],[114.83957054,35.00612902],[114.84085078,35.00574979],[114.84252463,35.00526498],[114.84427786,35.00473332],[114.84551899,35.00435335],[114.84629884,35.00415472],[114.84649038,35.00410593],[114.84677373,35.00403376],[114.8468103,35.00402445],[114.84691366,35.00400649],[114.84730112,35.00393917],[114.84748344,35.0039075],[114.84782693,35.00391717],[114.84809601,35.00394343],[114.8482672,35.00400036],[114.84848356,35.0040582],[114.84851211,35.00406583],[114.84858798,35.00408612],[114.84864644,35.00421706],[114.84878731,35.00453259],[114.8488217,35.00460963],[114.84882482,35.00461662],[114.84887455,35.00469443],[114.84891283,35.00475433],[114.84902,35.00492203],[114.8490615,35.00498697],[114.84908252,35.00498235],[114.84912562,35.00497288],[114.85133661,35.00448707],[114.85225017,35.00431888],[114.85329372,35.00409363],[114.85328993,35.00403427],[114.85316987,35.00365358],[114.85312353,35.00364627],[114.85308978,35.00364094],[114.85296823,35.00362175],[114.85295463,35.00361961],[114.85283535,35.00360078],[114.85230543,35.00271516],[114.85153327,35.00233371],[114.85150824,35.00230132],[114.85149725,35.0022871],[114.85149965,35.00219519],[114.85154635,35.00213246],[114.85163476,35.0020137],[114.85179464,35.0018794],[114.85202869,35.00168281],[114.85230271,35.00148713],[114.85237794,35.0014334],[114.85258433,35.00132248],[114.85282864,35.00122265],[114.85419502,35.00095567],[114.8546807,35.00081563],[114.85514412,35.00068201],[114.85566808,35.00053094],[114.85674402,35.00032646],[114.85681681,35.00031921],[114.85700541,35.00030043],[114.85720533,35.00031133],[114.85727594,35.00034883],[114.85734265,35.00038426],[114.85734324,35.00038578],[114.85757324,35.00098765],[114.85762067,35.00098556],[114.85765488,35.00098027],[114.85769032,35.0009748],[114.85946485,35.00070058],[114.85948904,35.00069684],[114.85984565,35.00064173],[114.85993908,35.00039772],[114.85996727,35.00032408],[114.85998552,35.00027641],[114.86111007,35.00022588],[114.8618629,35.00021223],[114.86228572,35.0002067],[114.86232503,35.00114242],[114.86234271,35.00163342],[114.86235603,35.00200314],[114.86232338,35.00200849],[114.86088202,35.00224466],[114.8608601,35.00229858],[114.86085921,35.00230076],[114.86061881,35.00289221],[114.86049536,35.0029083],[114.86044579,35.00291476],[114.86030159,35.00293356],[114.85918949,35.00307851],[114.85776721,35.00328784],[114.85615844,35.00352459],[114.85607764,35.00353648],[114.85601117,35.00354626],[114.85582124,35.00357421],[114.85567313,35.00354095],[114.85548602,35.00340089],[114.85533822,35.00331896],[114.85510431,35.00325313],[114.85498655,35.00325105],[114.85480547,35.00324977],[114.85448784,35.00329013],[114.85421886,35.00335009],[114.8541694,35.00336112],[114.85401912,35.00344378],[114.85398046,35.00346504],[114.8539044,35.00352499],[114.85465057,35.00490205],[114.85469808,35.0049925],[114.85520395,35.00595569],[114.85548598,35.00649267],[114.85541641,35.00651762],[114.85496099,35.0066809],[114.85428286,35.00687618],[114.85151451,35.00767332],[114.85229273,35.00927545],[114.8523032,35.0092966],[114.8526644,35.01002616],[114.85272022,35.01013891],[114.85282859,35.01011005],[114.85336405,35.00996743],[114.85341977,35.00995259],[114.8535474,35.01015742],[114.85357106,35.01019539],[114.85367458,35.01036155],[114.85612189,35.00949458],[114.8567679,35.00926572],[114.85690508,35.00921712],[114.85690837,35.00922359],[114.85716197,35.00972301],[114.8572574,35.00991093],[114.85752231,35.01043261],[114.85793578,35.01124681],[114.85868831,35.01272867],[114.85920596,35.01374798],[114.85943103,35.01421282],[114.85947967,35.01431328],[114.85955504,35.01446895],[114.85956464,35.01448879],[114.85986361,35.01510626],[114.86002842,35.01544666],[114.8600377,35.01546583],[114.86030198,35.01601163],[114.86034814,35.01610697],[114.86040422,35.01622279],[114.86041765,35.0162918],[114.8604973,35.01670111],[114.8605078,35.01675504],[114.86069104,35.01769665],[114.86078707,35.01819007],[114.86080622,35.01829898],[114.86082067,35.01838116],[114.8608424,35.0183794],[114.86112148,35.01835674],[114.86115137,35.01835431],[114.86161308,35.01828469],[114.86159439,35.01786635],[114.86295784,35.01772181],[114.86294426,35.01686604],[114.86294374,35.01683276],[114.86296705,35.01683189],[114.86462166,35.01677037],[114.86462235,35.01678358],[114.8647583,35.01939322],[114.8646973,35.0194089],[114.86435865,35.01949595],[114.86435614,35.01949659],[114.8643059,35.01950951],[114.86427363,35.0195178],[114.86427649,35.01954621],[114.8643055,35.01983417],[114.86433549,35.02013186],[114.86445955,35.02136337],[114.86449253,35.0215332],[114.86360881,35.0216009],[114.86209814,35.02171663],[114.86185042,35.0217356],[114.8618743,35.02185438],[114.86190883,35.02217193],[114.86195054,35.02261665],[114.86205191,35.02260674],[114.86206433,35.02260552],[114.86396753,35.02241946],[114.8657458,35.02224558],[114.8657794,35.02245052],[114.86577982,35.02245306],[114.86577984,35.02245318],[114.86578707,35.02249729],[114.86589446,35.02315227],[114.86543903,35.02329755],[114.86541473,35.0242319],[114.86497608,35.02423067],[114.86469156,35.02495794],[114.86458351,35.0252341],[114.86456914,35.02527085],[114.86455706,35.02530173],[114.86481811,35.02533524],[114.86485244,35.02533965],[114.86603676,35.02549168],[114.86759782,35.02565413],[114.8686457,35.02576318],[114.86951402,35.02583874],[114.86973729,35.02585817],[114.86980958,35.02586446],[114.86981748,35.02586515],[114.86987025,35.02586974],[114.86988978,35.02587144],[114.87122775,35.02598787],[114.87138912,35.02600227],[114.87144431,35.0260102],[114.87161824,35.02603519],[114.87172054,35.02604989],[114.87172049,35.02603359],[114.87172038,35.02600125],[114.87171809,35.02528165],[114.87171309,35.02370948],[114.87171298,35.02367423],[114.87282416,35.02364435],[114.87289351,35.02362875],[114.8730873,35.02358516],[114.87321922,35.02352617],[114.87323329,35.02329764],[114.87322691,35.02315762],[114.87325176,35.02315646],[114.87606353,35.02302434],[114.87635727,35.02299934],[114.87655382,35.02298262],[114.87883771,35.02278824],[114.87895739,35.02277805],[114.87905043,35.02277013],[114.87904233,35.02268794],[114.87886179,35.02085703],[114.87880498,35.02028086],[114.87869975,35.01921363],[114.87864475,35.01865572],[114.87864417,35.01864988],[114.87863832,35.01859056],[114.87863801,35.01858736],[114.87863762,35.01858344],[114.87863722,35.01857938],[114.87871226,35.0185696],[114.87871308,35.01856949],[114.87976882,35.01843184],[114.87977087,35.01843158],[114.87977725,35.01843074],[114.87969971,35.01801575],[114.87919046,35.0152878],[114.87915285,35.01508632],[114.87914065,35.01502102],[114.87913969,35.01501585],[114.8791228,35.01492537],[114.87917424,35.01489843],[114.87918454,35.01489304],[114.87921518,35.01487699],[114.87922718,35.01487071],[114.87951929,35.01471776],[114.87940188,35.01414712],[114.87863871,35.0113157],[114.87822191,35.01145358],[114.87819231,35.01146337],[114.87794284,35.0115459],[114.87709563,35.01182616],[114.87701256,35.01185364],[114.8770018,35.0118572],[114.87696684,35.01186877],[114.87696582,35.01186522],[114.87695173,35.01181576],[114.87695025,35.01181056],[114.87652343,35.01031216],[114.87635709,35.0097282],[114.87634324,35.00967957],[114.87633511,35.00965101],[114.87578471,35.0075767],[114.87514342,35.0051597],[114.87493393,35.00436597],[114.8750853,35.00431801],[114.87510072,35.00431313],[114.87576651,35.00410219],[114.87588367,35.00406507],[114.87588293,35.00406056],[114.87573912,35.00317373],[114.87575065,35.00317083],[114.87590334,35.0031324],[114.876357,35.00301822],[114.87667666,35.00293777],[114.87727617,35.00278688],[114.87717821,35.00198565],[114.87716814,35.00190323],[114.877083,35.00120682],[114.87707621,35.00115131],[114.87706879,35.00109059],[114.87703022,35.00077509],[114.87695311,35.00026421],[114.87694338,35.00019976],[114.87693168,35.00015171],[114.87692451,35.00012229],[114.87690019,35.00002244],[114.87669125,34.99916466],[114.87666255,34.99904684],[114.87654056,34.99854604],[114.87647932,34.99829464],[114.87646992,34.99825604],[114.87646184,34.99822287],[114.87649172,34.9982191],[114.87658166,34.99820777],[114.8765979,34.99820572],[114.8815501,34.99758144],[114.88161742,34.99757295],[114.88168315,34.99756466],[114.88221592,34.99749749],[114.88277375,34.99741136],[114.88276625,34.99738472],[114.88276515,34.99738079],[114.88256699,34.99667655],[114.88175673,34.99379691],[114.88229429,34.99370808],[114.882295,34.99370796],[114.88301743,34.99358857],[114.88417577,34.99340712],[114.8856071,34.99312735],[114.88674103,34.9929057],[114.89529729,34.99136595],[114.90200183,34.99004792],[114.90200801,34.9899532],[114.90200804,34.98995265],[114.90173966,34.98839937],[114.90131676,34.98595177],[114.90115082,34.98499131],[114.90066825,34.98238573],[114.90075676,34.98236161],[114.90080848,34.98234752],[114.90090156,34.98232216],[114.90145364,34.98217172],[114.90118009,34.97851577],[114.90114684,34.97768609],[114.90119981,34.9776644],[114.90119707,34.97762058],[114.90119323,34.97755922],[114.90119322,34.97755906],[114.90119305,34.9775563],[114.90119304,34.97755613],[114.90119298,34.97755529],[114.9011842,34.97749487],[114.90105675,34.97661822],[114.90101446,34.97634713],[114.90095004,34.97593422],[114.90092323,34.97576234],[114.90088006,34.97541143],[114.9008184,34.97491017],[114.90074471,34.97441705],[114.90065353,34.97380689],[114.90064304,34.97376116],[114.90057256,34.97345389],[114.90055782,34.97338964],[114.90065196,34.97335464],[114.90091014,34.97325864],[114.90258346,34.97258195],[114.9038162,34.97208263],[114.90381685,34.97208237],[114.90388104,34.97205637],[114.90388889,34.97205319],[114.9038893,34.97205302],[114.90385324,34.97199726],[114.90375923,34.97185189],[114.90372508,34.97179908],[114.90372305,34.97179595],[114.90372866,34.97179352],[114.90379259,34.97176577],[114.9051772,34.97116473],[114.90550281,34.97102338],[114.90563277,34.97097156],[114.90641843,34.97065829],[114.90719041,34.97035046],[114.90731287,34.97027706],[114.90732323,34.97027086],[114.90741011,34.97027522],[114.90748356,34.9702789],[114.90755217,34.97025262],[114.90778026,34.97016524],[114.90784663,34.97013981],[114.90825113,34.96998485],[114.91037664,34.96912271],[114.910434,34.96909944],[114.91050406,34.96905769],[114.91057909,34.96901298],[114.91062216,34.96898731],[114.91077557,34.96889589],[114.91093167,34.96880286],[114.91116848,34.9686521],[114.91151531,34.9684313],[114.91236852,34.96790023],[114.91242978,34.9678621],[114.91248538,34.96781864],[114.91267313,34.96767187],[114.91340558,34.96709918],[114.91367741,34.96688679],[114.91373007,34.96684565],[114.913735,34.9668418],[114.9137318,34.96683869],[114.91368442,34.96679275],[114.91333436,34.96645327],[114.9131884,34.96631171],[114.91314163,34.96626635],[114.91313597,34.96626087],[114.91313462,34.96625956],[114.91321498,34.96625873],[114.91414704,34.96624908],[114.91493485,34.96624091],[114.91556197,34.96623416],[114.91738749,34.96621448],[114.91788221,34.96620914],[114.91830369,34.96620459],[114.91838028,34.96620376],[114.91832908,34.96616649],[114.9168304,34.96507561],[114.91677358,34.96503425],[114.91677637,34.96497585],[114.91678588,34.96477742],[114.91678655,34.96476343],[114.91675187,34.96435057],[114.91670712,34.96381781],[114.91665952,34.96319938],[114.91657991,34.96232477],[114.91657447,34.96226501],[114.91657013,34.96219958],[114.91655605,34.96198739],[114.91654316,34.96179328],[114.91653909,34.96173194],[114.91653908,34.96173177],[114.91653907,34.96173161],[114.9165389,34.96172901],[114.91653889,34.96172885],[114.91653879,34.96172744],[114.91661159,34.96173239],[114.91859566,34.96186728],[114.91963094,34.96196506],[114.91970892,34.96197243],[114.91970899,34.9619682],[114.9197091,34.9619614],[114.91971004,34.96190174],[114.91971381,34.96166322],[114.91971472,34.96160567],[114.91972026,34.96153772],[114.91974499,34.96123373],[114.91974975,34.96117532],[114.91975255,34.96111872],[114.91978041,34.96055631],[114.91980399,34.95996771],[114.9198049,34.95994508],[114.91979217,34.95976448],[114.91978846,34.95971178],[114.91978257,34.95962812],[114.91978259,34.95961494],[114.91978281,34.95945215],[114.9197837,34.95879388],[114.91978378,34.95873047],[114.91978544,34.95866901],[114.91979115,34.9584567],[114.91979383,34.95835726],[114.91979129,34.95826626],[114.91978685,34.95810654],[114.91976383,34.95766578],[114.91980791,34.95760844],[114.91984658,34.95755813],[114.91985119,34.95755213],[114.91985129,34.957552],[114.91992553,34.95754751],[114.92074629,34.95749776],[114.92076651,34.95749653],[114.92163011,34.95746217],[114.92255647,34.95742733],[114.92294727,34.95741244],[114.92312044,34.95748015],[114.92318572,34.95750568],[114.92319182,34.95750806],[114.92318739,34.95750426],[114.92313725,34.95746128],[114.92310166,34.95743078],[114.92302395,34.95736417],[114.92285665,34.9570793],[114.92276599,34.95674218],[114.92269731,34.95664335],[114.92268016,34.95660994],[114.9226762,34.95660223],[114.92267225,34.95659451],[114.92255915,34.95637416],[114.92245282,34.95617298],[114.922283,34.95585166],[114.92222198,34.95576129],[114.92213085,34.95562629],[114.92203057,34.95542924],[114.92200243,34.95537394],[114.92199948,34.95536815],[114.92199867,34.95536654],[114.92206826,34.95534484],[114.92644471,34.95398018],[114.92645933,34.95397562],[114.92682121,34.95386277],[114.92689113,34.95384096],[114.92686801,34.95378509],[114.92677499,34.9535602],[114.92650226,34.95291449],[114.9261728,34.95205085],[114.92615095,34.95199358],[114.92614908,34.95198866],[114.92614991,34.95198825],[114.92621222,34.95195736],[114.9264237,34.95185253],[114.92642856,34.95185012],[114.92643697,34.95184826],[114.92689557,34.95174651],[114.9270013,34.95172305],[114.92721866,34.95169066],[114.92751256,34.95164686],[114.92785798,34.95159539],[114.92809562,34.95156649],[114.92861699,34.95150307],[114.92902901,34.95144098],[114.92930232,34.95139978],[114.92980229,34.95132098],[114.92994812,34.95130136],[114.93017221,34.95127122],[114.93021146,34.95126594],[114.93021715,34.9512696],[114.93022542,34.95127492],[114.93023562,34.95128149],[114.9302358,34.95128161],[114.93029626,34.95127095],[114.93121417,34.95110913],[114.93210526,34.95095562],[114.93217608,34.95094342],[114.93217927,34.95094287],[114.93217932,34.95093995],[114.93218015,34.95088033],[114.93218881,34.9502609],[114.93219239,34.95007113],[114.93220217,34.94955386],[114.9322033,34.94949413],[114.93220335,34.94949154],[114.93220939,34.9494909],[114.93228107,34.94948328],[114.93247803,34.94946236],[114.93277889,34.94945817],[114.93307445,34.94945406],[114.93361701,34.94945538],[114.93381108,34.94945585],[114.93409349,34.94945449],[114.93416674,34.94945414],[114.93417016,34.94945413],[114.93417021,34.9494529],[114.93417275,34.94939345],[114.93418754,34.94904692],[114.93421252,34.94843594],[114.93423028,34.94810026],[114.93424207,34.94787747],[114.93425529,34.94749286],[114.93426306,34.94726652],[114.93427478,34.94701921],[114.93428888,34.94672185],[114.93429202,34.9466555],[114.93431699,34.94604452],[114.93434197,34.94543354],[114.93435682,34.94512568],[114.93436224,34.94501331],[114.93436707,34.94491318],[114.9343678,34.94489808],[114.93443246,34.94482171],[114.93449276,34.94475049],[114.93283891,34.94345598],[114.93280994,34.9434333],[114.93284735,34.94342859],[114.93318427,34.94338609],[114.93327291,34.94337491],[114.93334486,34.94336584],[114.93334891,34.94336533],[114.93334947,34.94336013],[114.93335577,34.9433008],[114.93338618,34.94301446],[114.93338685,34.9430082],[114.933387,34.94300657],[114.93338775,34.94299867],[114.93341765,34.94268341],[114.9334243,34.94261334],[114.93346475,34.94221845],[114.93350519,34.94182355],[114.93351074,34.94176935],[114.93354564,34.94142866],[114.93355236,34.94136395],[114.93358614,34.94103871],[114.93362661,34.94064628],[114.93366708,34.94025386],[114.93370756,34.93986143],[114.93374803,34.93946901],[114.93375734,34.93935609],[114.93377519,34.93913952],[114.93378009,34.93908007],[114.93378064,34.93907339],[114.93377989,34.93907333],[114.9337797,34.93907332],[114.93370565,34.93906772],[114.93322022,34.93903106],[114.9331381,34.93902485],[114.93279362,34.9389967],[114.93243558,34.93896744],[114.93236363,34.93896156],[114.93235498,34.93896095],[114.93228302,34.93895581],[114.93212173,34.9389443],[114.93142974,34.93889491],[114.93120613,34.93887726],[114.93068943,34.93883646],[114.93010873,34.93879312],[114.9299102,34.9387783],[114.92948211,34.93875],[114.92941011,34.93874524],[114.92940736,34.93874506],[114.92940744,34.93874172],[114.9294089,34.93868201],[114.92941513,34.93842696],[114.92942595,34.93808952],[114.92943285,34.93787441],[114.92943802,34.9377172],[114.92943999,34.9376573],[114.92944014,34.93765283],[114.92943409,34.93765237],[114.92936181,34.93764686],[114.92890586,34.9376121],[114.92815669,34.93756356],[114.9278622,34.93754419],[114.92778595,34.93753917],[114.92770962,34.93753665],[114.92690227,34.93750998],[114.92681752,34.93750718],[114.92672663,34.93750229],[114.92621526,34.93747478],[114.92599215,34.93746704],[114.92591893,34.9374645],[114.92591879,34.93746449],[114.92591722,34.93746444],[114.92591743,34.9374636],[114.92593222,34.93740529],[114.92600179,34.93713115],[114.92612841,34.93667395],[114.92615963,34.93653304],[114.92616458,34.93651069],[114.92617755,34.93645215],[114.92617905,34.93644539],[114.92617717,34.93644504],[114.92617697,34.93644501],[114.92617678,34.93644497],[114.92610395,34.93643159],[114.92596669,34.93640637],[114.92602119,34.93620251],[114.92602417,34.93619138],[114.92603355,34.93616192],[114.92614854,34.93580079],[114.92623633,34.93549577],[114.92626093,34.93541028],[114.92632083,34.93521817],[114.92637654,34.93503948],[114.92639884,34.9349619],[114.92641107,34.93491932],[114.92642331,34.93487674],[114.92644003,34.93481856],[114.92644172,34.9348127],[114.92643682,34.934812],[114.92636431,34.93480166],[114.92605511,34.93475753],[114.92576504,34.93471614],[114.92522217,34.93463642],[114.92467929,34.9345567],[114.92412438,34.93447214],[114.92412091,34.93447147],[114.92381276,34.93441232],[114.92374131,34.9343986],[114.9237409,34.93439852],[114.92374189,34.93439294],[114.92375249,34.93433351],[114.92379948,34.93407016],[114.9239217,34.93348723],[114.92402942,34.93294633],[114.92403557,34.93291345],[114.9241283,34.93241782],[114.92421362,34.93204586],[114.92422649,34.93198973],[114.92424007,34.93193055],[114.92424009,34.93193044],[114.92424133,34.93192506],[114.92424212,34.93192162],[114.9241629,34.93191464],[114.92380399,34.931883],[114.92364605,34.93186907],[114.92280475,34.93178087],[114.92274671,34.93177478],[114.92188932,34.93168264],[114.9217356,34.93166931],[114.92166365,34.93166307],[114.9216636,34.93166327],[114.92166357,34.93166343],[114.92166315,34.93166533],[114.92166311,34.9316655],[114.92166308,34.93166567],[114.92164973,34.93172639],[114.92157046,34.93208704],[114.92153537,34.93224542],[114.92152215,34.93230509],[114.92152212,34.93230522],[114.9215218,34.93230667],[114.921514,34.93230659],[114.92144176,34.93230582],[114.92112672,34.93230248],[114.92031819,34.93229627],[114.92000588,34.93229278],[114.91992645,34.93229189],[114.91991752,34.93223329],[114.91990631,34.93215975],[114.9198951,34.93208618],[114.91990902,34.93164698],[114.91991419,34.93126725],[114.91993834,34.93090287],[114.91993928,34.93083003],[114.9199417,34.93064197],[114.91992229,34.93047734],[114.91990759,34.93035263],[114.91989667,34.93026004],[114.91989092,34.93014196],[114.91988447,34.93000959],[114.91983644,34.92969534],[114.91981992,34.92958722],[114.91981089,34.92952815],[114.91980981,34.92952112],[114.91980958,34.92951956],[114.91980614,34.92946158],[114.91979393,34.92925561],[114.91978984,34.92918657],[114.9197828,34.92913052],[114.91977036,34.92903153],[114.91976971,34.92902641],[114.9196932,34.92841757],[114.91969152,34.9284042],[114.91968967,34.92839066],[114.9196869,34.92837044],[114.91961812,34.92786763],[114.91951682,34.92712704],[114.91952226,34.92711263],[114.91952735,34.92709916],[114.91954632,34.92704894],[114.91954722,34.92704655],[114.91952642,34.92689846],[114.91955749,34.92684625],[114.91957,34.92682525],[114.91949192,34.92620797],[114.91943328,34.92575737],[114.91936375,34.92536048],[114.91931588,34.92491466],[114.91930948,34.92485508],[114.91930924,34.92485287],[114.91931525,34.92485223],[114.91938703,34.92484457],[114.92026067,34.92475126],[114.92032613,34.92474405],[114.92109061,34.92465982],[114.92151161,34.92461461],[114.92158325,34.92460692],[114.92158525,34.9246067],[114.92158519,34.92460394],[114.92158519,34.92460384],[114.92158392,34.92454386],[114.92157448,34.92409787],[114.92156926,34.9236311],[114.92156224,34.92353626],[114.92156201,34.92353304],[114.92155761,34.92347358],[114.92155726,34.92346889],[114.92156209,34.92346832],[114.92163379,34.92345971],[114.92165563,34.92345709],[114.92202524,34.92341271],[114.92221753,34.92338963],[114.92273637,34.92332695],[114.92319266,34.92327184],[114.92373378,34.92320641],[114.92381001,34.92319719],[114.92379397,34.92313945],[114.92369654,34.92278858],[114.9235646,34.92229123],[114.92342884,34.92179391],[114.92335142,34.92150686],[114.92329301,34.92129028],[114.92323944,34.9210857],[114.923157,34.92077088],[114.92301717,34.92025151],[114.92293982,34.91998401],[114.92287558,34.91976186],[114.92287171,34.91974849],[114.92285498,34.91969062],[114.9228533,34.9196848],[114.92285616,34.91968387],[114.92292432,34.91966186],[114.92292799,34.91966068],[114.92316683,34.91958356],[114.92345283,34.91949121],[114.92413963,34.91927467],[114.92455956,34.91914227],[114.92482643,34.91905812],[114.92490653,34.91903333],[114.92532521,34.9189037],[114.92539391,34.91888243],[114.92539432,34.9188823],[114.92539425,34.91888197],[114.92538051,34.91882244],[114.92528635,34.91841434],[114.9251301,34.91779732],[114.92509711,34.91764693],[114.92500096,34.91720847],[114.92486233,34.91668807],[114.92459692,34.91531505],[114.92463009,34.91529022],[114.92468353,34.9152502],[114.92468681,34.91524774],[114.92469036,34.91524572],[114.9247498,34.91521194],[114.92504645,34.91504331],[114.92508652,34.91502053],[114.92510178,34.91501186],[114.9251085,34.91501085],[114.92760323,34.91463594],[114.92762104,34.91463327],[114.92762734,34.91463232],[114.92769225,34.91462256],[114.9276989,34.91462156],[114.92770039,34.91462134],[114.92770324,34.91461916],[114.92775355,34.91458076],[114.92775709,34.91457806],[114.92788687,34.914479],[114.92791636,34.91445648],[114.92790605,34.91440835],[114.92788433,34.91430698],[114.9277592,34.91372294],[114.92774711,34.91366654],[114.92774645,34.91366334],[114.92774643,34.91366321],[114.92774547,34.91365855],[114.92773319,34.91359873],[114.9277243,34.91355545],[114.92764764,34.91318225],[114.92757847,34.91284546],[114.92756639,34.91278663],[114.927565,34.91277987],[114.92756481,34.91277895],[114.92749096,34.91279046],[114.92602825,34.91301838],[114.92487716,34.91319774],[114.92480553,34.9132089],[114.92480122,34.91320957],[114.92480001,34.91320406],[114.92478715,34.91314548],[114.92476882,34.91306206],[114.92463644,34.91245935],[114.92462333,34.91239968],[114.9246233,34.91239954],[114.92462261,34.91239641],[114.92461516,34.91239732],[114.92454359,34.91240606],[114.9241269,34.91245693],[114.92197842,34.91272298],[114.9219054,34.91273202],[114.92183211,34.9127411],[114.92183287,34.9127132],[114.9218357,34.91260945],[114.92184062,34.91242926],[114.92184271,34.91235258],[114.921845,34.91226888],[114.92184603,34.91223127],[114.92182982,34.91214997],[114.92170974,34.91154767],[114.92160574,34.91091811],[114.92159543,34.91086595],[114.92144317,34.91009552],[114.92143153,34.91003664],[114.92143019,34.91002987],[114.92142942,34.91002596],[114.92135571,34.91003615],[114.91987533,34.91024063],[114.91802127,34.91051088],[114.91794915,34.9105214],[114.91794606,34.91052185],[114.91794494,34.91051596],[114.9179338,34.91045718],[114.91791128,34.91033841],[114.91786792,34.91010967],[114.91663131,34.91021198],[114.91636187,34.91023427],[114.91628995,34.91024022],[114.91628144,34.91024093],[114.91627989,34.91024106],[114.91627116,34.91017785],[114.91623158,34.9098912],[114.91620608,34.90970653],[114.91599413,34.908346],[114.91596417,34.90815368],[114.91595494,34.9080944],[114.91595416,34.90808939],[114.91594861,34.90809006],[114.91587665,34.90809875],[114.91575634,34.90811327],[114.91493947,34.90821187],[114.91486798,34.9082205],[114.91486694,34.90822062],[114.91486652,34.90821776],[114.91485763,34.90815753],[114.91474147,34.90737082],[114.9146073,34.9065048]]]}},{"type":"Feature","properties":{"adcode":"410225106","name":"东坝头镇","type":"镇","county_code":"410225","county_name":"兰考县","source_codes":["410225202"],"geometry_method":"沿用原边界","area_km2":77.4617},"geometry":{"type":"Polygon","coordinates":[[[114.80885756,34.87492949],[114.80878334,34.87493419],[114.80872703,34.87493454],[114.80854854,34.87493568],[114.80850099,34.87493598],[114.80845135,34.87493629],[114.80792218,34.87493965],[114.80784962,34.87494011],[114.80784165,34.87494016],[114.80784,34.87494017],[114.80786456,34.8750028],[114.80787057,34.87501813],[114.80790813,34.87519753],[114.80793752,34.87532484],[114.80795645,34.87540685],[114.80802665,34.8757109],[114.8081088,34.87606675],[114.80812502,34.87613703],[114.80818913,34.87641474],[114.80835162,34.87711857],[114.80840433,34.87734688],[114.80845135,34.87755057],[114.80848349,34.87768979],[114.80854684,34.87796317],[114.80862263,34.87829025],[114.80870993,34.87866701],[114.80877103,34.87893072],[114.8087939,34.87902943],[114.80881078,34.87910227],[114.80884269,34.87923995],[114.80885612,34.87929791],[114.80877662,34.87928845],[114.80828586,34.87923008],[114.80810628,34.87920871],[114.80808799,34.87920654],[114.80805725,34.87920288],[114.80796186,34.87919153],[114.80790873,34.87918521],[114.80776624,34.87916826],[114.80768432,34.87915852],[114.80752519,34.87910965],[114.80747939,34.87909558],[114.80746757,34.87908931],[114.80745053,34.87908027],[114.80725241,34.87897519],[114.80721676,34.87895627],[114.80720218,34.87894854],[114.8071722,34.87893264],[114.8071353,34.87891307],[114.80708114,34.87888434],[114.80707296,34.87888],[114.80707281,34.87887992],[114.80706917,34.87887799],[114.80706902,34.87887791],[114.80706391,34.8788752],[114.80700917,34.87884158],[114.80695412,34.87880777],[114.80692224,34.8787882],[114.80690986,34.8787806],[114.80678613,34.87870462],[114.80672489,34.87866701],[114.80666876,34.87863254],[114.80656731,34.87856818],[114.8065012,34.87852624],[114.80642631,34.87847874],[114.80639603,34.87845953],[114.80637301,34.87844492],[114.8062793,34.87838547],[114.80627325,34.87838164],[114.80622475,34.87835087],[114.80606695,34.87825077],[114.80606005,34.87824471],[114.80605993,34.87824461],[114.80595891,34.87815588],[114.80589976,34.87810394],[114.8058822,34.87808852],[114.80578136,34.87799996],[114.80573947,34.87796317],[114.80573435,34.87795868],[114.80571092,34.87793811],[114.80557918,34.87782241],[114.80556702,34.87781173],[114.80553965,34.87778769],[114.80551739,34.87776814],[114.80551461,34.8777657],[114.80551326,34.87776187],[114.80549298,34.87770452],[114.80543512,34.87754087],[114.80542711,34.87751821],[114.80536837,34.87735206],[114.80528615,34.87711947],[114.80528583,34.87711857],[114.80527935,34.87710024],[114.80519709,34.87687404],[114.80513974,34.8767163],[114.80513246,34.87669627],[114.80504433,34.87645391],[114.80502582,34.876403],[114.80502027,34.87638775],[114.80492772,34.8761332],[114.80491648,34.8761023],[114.8049144,34.87609659],[114.80489368,34.87603961],[114.80489168,34.87603409],[114.8048887,34.87603438],[114.80485454,34.87603774],[114.80481624,34.87604151],[114.80468326,34.87605459],[114.80420437,34.8761017],[114.80398825,34.87612295],[114.8038804,34.8761332],[114.80365297,34.87615483],[114.80277128,34.87623865],[114.80160029,34.87634995],[114.8009187,34.87641474],[114.80049569,34.87645495],[114.80048639,34.87645583],[114.80041468,34.87646265],[114.80040891,34.87646319],[114.80040955,34.87645955],[114.80041744,34.87641474],[114.80041995,34.87640051],[114.80049181,34.87599244],[114.80049983,34.87594688],[114.80066315,34.87501942],[114.80066583,34.87500707],[114.80067724,34.87495443],[114.80069,34.87489557],[114.80069133,34.87488944],[114.80069053,34.8748894],[114.80061647,34.87488532],[114.80055284,34.87488181],[114.80035704,34.8748831],[114.80014915,34.8748795],[114.79997143,34.8748894],[114.79983939,34.87489676],[114.79973446,34.8749026],[114.79966238,34.87490662],[114.79965476,34.87490704],[114.79965471,34.87490846],[114.7996547,34.8749086],[114.79965225,34.87496913],[114.79965021,34.87501957],[114.7996425,34.87523744],[114.79962085,34.87584862],[114.79961879,34.87586953],[114.79960779,34.87598145],[114.79950249,34.87705258],[114.79921203,34.87772642],[114.79911737,34.87794603],[114.79892028,34.87831569],[114.7987283,34.87867576],[114.79869883,34.87873103],[114.79869711,34.87873426],[114.79869584,34.87873438],[114.79862409,34.87874112],[114.79665889,34.8789258],[114.79291743,34.87927731],[114.79282245,34.87928529],[114.79115702,34.87937251],[114.79064654,34.87941261],[114.79017589,34.8794688],[114.7894327,34.87955067],[114.78877666,34.87962293],[114.78870433,34.8796309],[114.78869812,34.87963158],[114.7886982,34.87963221],[114.78870573,34.87969209],[114.78885133,34.88085005],[114.78888542,34.88085867],[114.7893524,34.88097672],[114.78942212,34.88099434],[114.78942732,34.88099565],[114.789428,34.88099966],[114.78943821,34.88105933],[114.78957901,34.88188211],[114.78974973,34.88287975],[114.78983396,34.88338404],[114.78994057,34.88402229],[114.78999559,34.88432686],[114.79012876,34.88506406],[114.79013939,34.88512293],[114.79013976,34.88512498],[114.79013623,34.88512664],[114.79007328,34.88515641],[114.78988511,34.88524537],[114.78969098,34.88533715],[114.7880325,34.88607653],[114.78654067,34.88674474],[114.7856786,34.88713085],[114.78561517,34.88715926],[114.78561186,34.88716075],[114.78560732,34.88715981],[114.78553727,34.88714532],[114.78541414,34.88711986],[114.78516176,34.88706766],[114.78377654,34.88678115],[114.78370687,34.88676674],[114.78372782,34.88682673],[114.78384429,34.88716025],[114.7840547,34.88776277],[114.78405506,34.88776382],[114.78407468,34.88781999],[114.78407618,34.88782428],[114.78407292,34.88782505],[114.78400345,34.8878416],[114.78177374,34.88837261],[114.78157195,34.88842067],[114.77876486,34.88885949],[114.77869393,34.88887057],[114.77869077,34.88887107],[114.77868606,34.8888732],[114.77862274,34.88890182],[114.77845392,34.88897813],[114.77764081,34.88921571],[114.77745657,34.88926954],[114.77714838,34.88935959],[114.7753801,34.88973181],[114.77497081,34.88977391],[114.77493133,34.88977196],[114.77472916,34.88976198],[114.77445444,34.88970919],[114.77410408,34.88965687],[114.77392115,34.88964505],[114.77365965,34.8896571],[114.77311822,34.88973326],[114.77289471,34.88976325],[114.77252977,34.88984729],[114.77248674,34.8898572],[114.77241568,34.88987356],[114.77241551,34.8898736],[114.77241191,34.88987443],[114.77241324,34.88988053],[114.77242598,34.88993927],[114.77244366,34.8900208],[114.77269914,34.89119873],[114.77271192,34.89125766],[114.77271308,34.89126301],[114.77270622,34.89126069],[114.77263927,34.89123809],[114.77261473,34.89122981],[114.77231234,34.89112773],[114.77083934,34.89046295],[114.77051222,34.89031531],[114.76986516,34.89002328],[114.76967135,34.8899358],[114.76954093,34.88987694],[114.76929606,34.88985329],[114.76794918,34.88972321],[114.76787567,34.88971611],[114.76787513,34.88971309],[114.76786445,34.88965358],[114.76770501,34.88876535],[114.76769444,34.88870643],[114.76769352,34.8887013],[114.76769053,34.88870149],[114.76761817,34.88870608],[114.76699821,34.88874539],[114.76669693,34.88876449],[114.76669691,34.88876609],[114.76669563,34.8889418],[114.76669307,34.88929434],[114.76669269,34.88934626],[114.76669225,34.88940581],[114.76669224,34.88940723],[114.76669023,34.88940585],[114.76663417,34.88936735],[114.76623516,34.88909334],[114.76593692,34.88888853],[114.76559658,34.88871696],[114.76467665,34.88825321],[114.7641931,34.88801637],[114.76344854,34.8876517],[114.76318639,34.8875233],[114.76195769,34.88693895],[114.76117935,34.88658875],[114.76111572,34.88656011],[114.76111048,34.88655776],[114.76110857,34.88655713],[114.76104129,34.88653513],[114.76096699,34.88651084],[114.76087775,34.88648166],[114.75940383,34.88625404],[114.7586611,34.88619626],[114.75864213,34.88619479],[114.75856529,34.88618859],[114.75786875,34.8861324],[114.75666862,34.88612069],[114.75646671,34.88611872],[114.75610921,34.88609533],[114.75593555,34.88607548],[114.7551801,34.88598909],[114.75477686,34.88586031],[114.75476725,34.88585724],[114.75472024,34.88584013],[114.75393732,34.88555516],[114.75354316,34.88534318],[114.75187626,34.88441223],[114.75181649,34.88437885],[114.75181316,34.88437699],[114.75181237,34.88437306],[114.75180052,34.88431437],[114.75172842,34.88395705],[114.75172794,34.88395468],[114.75174948,34.88388827],[114.7517499,34.88388696],[114.75149151,34.88380359],[114.75143387,34.8837994],[114.7513596,34.883794],[114.75111884,34.8837917],[114.7507795,34.88379241],[114.75072172,34.88379254],[114.75066901,34.88379265],[114.75070832,34.88415415],[114.75071629,34.88422742],[114.75072209,34.88428073],[114.75072698,34.88432566],[114.7507343,34.88439303],[114.75073547,34.88440376],[114.74899845,34.88729777],[114.74745897,34.88986248],[114.74708407,34.89048703],[114.74749672,34.8903923],[114.75033078,34.89031624],[114.75072822,34.89030557],[114.75135968,34.89040061],[114.75368493,34.89075057],[114.75675936,34.89174319],[114.75868117,34.89295925],[114.76131669,34.89422101],[114.76373286,34.89579719],[114.76554538,34.89764244],[114.76873122,34.9008828],[114.7688298,34.90100038],[114.77186272,34.90461755],[114.77296177,34.90628212],[114.77417141,34.90911571],[114.77544084,34.91160849],[114.77554578,34.91181456],[114.7762614,34.91460268],[114.77650271,34.91668533],[114.77650316,34.9166892],[114.77653752,34.91698576],[114.77653882,34.9190089],[114.77593559,34.92026717],[114.7745637,34.9217495],[114.77198406,34.92394999],[114.76852582,34.92650922],[114.76572642,34.92911405],[114.7649823,34.92961845],[114.76155392,34.93194225],[114.75956834,34.93330598],[114.75743606,34.93477038],[114.75403168,34.93692477],[114.75136034,34.93885809],[114.75068213,34.93934891],[114.74983925,34.93992069],[114.74970608,34.94001103],[114.74968682,34.94002464],[114.74879739,34.94065297],[114.74877698,34.94066739],[114.74792662,34.94126811],[114.74615707,34.94251812],[114.74606119,34.9425815],[114.7429793,34.94461869],[114.74169989,34.94546567],[114.74152812,34.9456677],[114.7404836,34.94689618],[114.74046166,34.94692199],[114.73975997,34.94780252],[114.73966927,34.94828586],[114.73951219,34.94912294],[114.73975961,34.95088321],[114.74022544,34.9519621],[114.74046108,34.95250784],[114.74190544,34.95504615],[114.74326738,34.95687354],[114.74401154,34.9583556],[114.74500078,34.96032566],[114.74639452,34.96252512],[114.74877697,34.96628455],[114.74883948,34.96638317],[114.74942837,34.96715752],[114.74978217,34.96762273],[114.75048992,34.96855332],[114.75069908,34.96882834],[114.75136077,34.96949856],[114.75297498,34.97113355],[114.75336587,34.97152945],[114.75360868,34.97177538],[114.75384909,34.97201887],[114.75412598,34.9722993],[114.75435004,34.97252623],[114.75436586,34.97254212],[114.75445319,34.97262987],[114.75671425,34.97490164],[114.75904509,34.97724334],[114.75904699,34.97724525],[114.75968704,34.97788825],[114.7603844,34.97852033],[114.76123758,34.97929364],[114.76142534,34.97946381],[114.76240418,34.98035098],[114.7631406,34.98088776],[114.76499444,34.982239],[114.76648061,34.9833222],[114.76681942,34.98356913],[114.76738705,34.98400551],[114.7677926,34.98431727],[114.76792234,34.98441701],[114.76924927,34.98543705],[114.76999337,34.98600904],[114.77069922,34.98655162],[114.7718542,34.98743942],[114.77252932,34.98795834],[114.77306882,34.98837302],[114.77375523,34.98902762],[114.77445507,34.98969501],[114.77475877,34.98998463],[114.77520059,34.99040595],[114.77582799,34.99100424],[114.77618878,34.99134828],[114.77621479,34.99137308],[114.7766982,34.99183404],[114.77726839,34.99237774],[114.77845967,34.99350408],[114.7784675,34.99351148],[114.77851534,34.99355672],[114.77865729,34.99345647],[114.78134515,34.99155819],[114.78146542,34.99147325],[114.78265456,34.99063338],[114.78277802,34.99054617],[114.78615265,34.9886365],[114.7919415,34.98536022],[114.79394324,34.98422719],[114.79604322,34.9830435],[114.79633352,34.98287987],[114.79872955,34.98127672],[114.7989181,34.98114986],[114.79994084,34.98046176],[114.80023408,34.98026447],[114.80038311,34.9801642],[114.80318933,34.97827606],[114.80401299,34.97772183],[114.80235824,34.97608606],[114.80158976,34.97532637],[114.80155825,34.97529522],[114.80149895,34.97524551],[114.80055025,34.97445012],[114.80048986,34.97439949],[114.80033008,34.97426553],[114.80018631,34.9742851],[114.79936651,34.97439671],[114.79932623,34.97440219],[114.80312958,34.97269202],[114.80320604,34.97265764],[114.80390808,34.97234194],[114.80397256,34.97231295],[114.8083136,34.97036073],[114.81092569,34.96918592],[114.81136169,34.96898982],[114.81158631,34.96888879],[114.81179148,34.96879651],[114.81385861,34.96786671],[114.81751572,34.96675453],[114.81764461,34.96671533],[114.81785522,34.96665128],[114.81809138,34.96657945],[114.81825337,34.96654961],[114.8190051,34.96644126],[114.81977479,34.96633524],[114.8198547,34.96632797],[114.82032993,34.96628477],[114.82070249,34.96623839],[114.82090494,34.96621318],[114.82086673,34.96602849],[114.82054344,34.96446592],[114.82054021,34.96445031],[114.82118022,34.9630439],[114.82006885,34.96313003],[114.81968236,34.9614405],[114.81953407,34.9607783],[114.81938569,34.95997842],[114.81933371,34.95966354],[114.81932458,34.95951809],[114.81932332,34.95939158],[114.81938284,34.95919506],[114.81944349,34.95911241],[114.81951862,34.9589411],[114.81954796,34.95880172],[114.81960861,34.95871907],[114.81962629,34.95864832],[114.81963078,34.95863035],[114.81966032,34.95850995],[114.81961557,34.95835524],[114.81961256,34.95826391],[114.81961056,34.95820333],[114.81960858,34.95814332],[114.81959927,34.95786146],[114.81990409,34.95737345],[114.81998835,34.95725565],[114.82011947,34.95707232],[114.82017358,34.95699667],[114.82023942,34.95689581],[114.82027377,34.95684319],[114.82027515,34.95684108],[114.82027026,34.95684106],[114.82019762,34.9568408],[114.81955382,34.95683849],[114.81948157,34.95683822],[114.81947282,34.95683819],[114.81947127,34.95683819],[114.81947319,34.956775],[114.81948485,34.95639185],[114.81948867,34.95626636],[114.81948697,34.95609576],[114.819486,34.95599755],[114.81948252,34.95564847],[114.81948361,34.95561297],[114.81949252,34.95532086],[114.819493,34.95530529],[114.81950176,34.9550184],[114.81950274,34.95485911],[114.81950594,34.95434044],[114.81950645,34.95365951],[114.8195106,34.95297854],[114.8195139,34.95248802],[114.81951431,34.95242796],[114.81951433,34.95242542],[114.8195162,34.95242549],[114.81958838,34.95242833],[114.8200621,34.95244696],[114.82025586,34.95245457],[114.82072211,34.95244843],[114.82121397,34.95245411],[114.82170587,34.95246279],[114.82221253,34.95248472],[114.82224527,34.95248614],[114.82230741,34.95248911],[114.82247376,34.95249705],[114.82279564,34.95251241],[114.82268998,34.95213842],[114.82265368,34.95200994],[114.82263718,34.95195153],[114.82263648,34.95194905],[114.82264264,34.95194919],[114.82271501,34.95195086],[114.82298782,34.95195718],[114.82360101,34.95197136],[114.82432312,34.95198806],[114.82445893,34.9519912],[114.8256578,34.95202207],[114.8263088,34.95203983],[114.82635722,34.95204116],[114.8265126,34.95204539],[114.82680202,34.95205329],[114.82722587,34.95206263],[114.82790616,34.95207763],[114.82794618,34.95207851],[114.82878438,34.95210137],[114.82909041,34.95210971],[114.83034027,34.95214018],[114.83041108,34.95214177],[114.83123881,34.95216035],[114.83131126,34.95216197],[114.83131596,34.95216208],[114.8313196,34.95216238],[114.83139171,34.95216846],[114.83291743,34.95229708],[114.83351486,34.95228945],[114.8339706,34.95232532],[114.83481567,34.95233135],[114.83525669,34.9523345],[114.83540674,34.95233462],[114.83564649,34.95233482],[114.83621125,34.95234294],[114.83677603,34.95235405],[114.83729358,34.95237749],[114.83750271,34.95238938],[114.83781119,34.95240692],[114.83830707,34.9524485],[114.83880267,34.95246308],[114.83902965,34.9524687],[114.8390869,34.95247012],[114.83910591,34.95247286],[114.83918492,34.95248423],[114.83925616,34.95249448],[114.83926023,34.95249507],[114.83926038,34.95249214],[114.83926347,34.95243271],[114.83927391,34.95223202],[114.83928609,34.95199779],[114.83928391,34.95178307],[114.83928362,34.95175484],[114.83928843,34.95151183],[114.83929117,34.95145669],[114.83930052,34.95126877],[114.83930533,34.95102576],[114.83930582,34.95079859],[114.83930621,34.95061832],[114.83930634,34.95055945],[114.83930747,34.95055887],[114.83930761,34.95055879],[114.8393122,34.95055644],[114.83931234,34.95055636],[114.83933323,34.95054562],[114.83938411,34.95054715],[114.84041249,34.95057806],[114.84055035,34.95058221],[114.84072788,34.95058518],[114.84125714,34.95059403],[114.84129427,34.95059465],[114.84131186,34.95059494],[114.84207701,34.95060765],[114.84284586,34.95062632],[114.84361475,34.95064799],[114.84382572,34.950655],[114.84419136,34.95066716],[114.84429616,34.95067064],[114.8443656,34.95067295],[114.84436836,34.95067297],[114.84437711,34.95067304],[114.84444935,34.95067362],[114.84489384,34.95067718],[114.84515604,34.95067928],[114.84568405,34.9506899],[114.84593215,34.95069489],[114.84670826,34.95071048],[114.84678223,34.95071298],[114.84700114,34.95072037],[114.84707332,34.9507228],[114.84707418,34.95072283],[114.84707435,34.95072054],[114.84707898,34.9506598],[114.8471137,34.9502042],[114.84711402,34.95019895],[114.84714403,34.94970798],[114.8471531,34.94955965],[114.84716624,34.94934473],[114.84717436,34.94921177],[114.84717604,34.94916041],[114.84718229,34.94896829],[114.84718426,34.94890773],[114.84719052,34.94871565],[114.84719087,34.94869669],[114.84719959,34.94821958],[114.84720866,34.94772351],[114.84721773,34.94722744],[114.84721912,34.94715192],[114.8472268,34.94673137],[114.84724308,34.94624692],[114.84724876,34.94576546],[114.84725023,34.94568849],[114.84725798,34.94528398],[114.84726654,34.94483728],[114.8472672,34.9448025],[114.84725526,34.94432992],[114.84724109,34.94403348],[114.84723605,34.9439279],[114.84723268,34.94385741],[114.8472216,34.94351931],[114.84721719,34.94338485],[114.8472017,34.9429123],[114.84718778,34.94248745],[114.84718622,34.94243974],[114.84717073,34.94196718],[114.84716589,34.94181956],[114.84715524,34.94149463],[114.84713621,34.94102209],[114.84712791,34.94081604],[114.84711718,34.94054956],[114.84711229,34.94042803],[114.84709815,34.94007703],[114.84708586,34.93970184],[114.84708267,34.93960447],[114.84707632,34.93941072],[114.84706718,34.93913191],[114.84705169,34.93865936],[114.84703624,34.93818972],[114.84702081,34.93772299],[114.84700476,34.93738701],[114.84699824,34.93725048],[114.84698273,34.93677501],[114.84698169,34.93673434],[114.84697088,34.93631118],[114.84696098,34.9361153],[114.84694864,34.93587076],[114.84693723,34.9354507],[114.84692583,34.93503063],[114.84692469,34.93498876],[114.84691851,34.93476102],[114.84691443,34.93461056],[114.84690303,34.93419049],[114.84689238,34.93379802],[114.84689147,34.93377043],[114.84688947,34.93370994],[114.84687668,34.93335038],[114.84686603,34.93310832],[114.84685893,34.93294691],[114.8468582,34.93293036],[114.84685715,34.93289183],[114.8468468,34.93251029],[114.84683539,34.93209023],[114.84682051,34.93167602],[114.84680885,34.93131472],[114.84679453,34.93087092],[114.84679172,34.93078448],[114.84679168,34.93078309],[114.84677319,34.93021415],[114.84677127,34.93015502],[114.84670519,34.93012211],[114.8461007,34.92982109],[114.84591262,34.92972733],[114.8458645,34.92970335],[114.84552735,34.92953529],[114.84546552,34.92950447],[114.84545932,34.92950138],[114.84545931,34.92949942],[114.84545931,34.92949911],[114.84545906,34.92943909],[114.84545771,34.92911478],[114.84545877,34.92874644],[114.84545741,34.92837812],[114.84545649,34.92803053],[114.84545563,34.9276875],[114.84542774,34.92745372],[114.84540733,34.92688392],[114.84540605,34.92682853],[114.84540053,34.92658971],[114.84539424,34.92631706],[114.84535565,34.92575039],[114.84533897,34.92518956],[114.84532734,34.92485672],[114.8453132,34.92445181],[114.84528744,34.92383337],[114.84528702,34.92382347],[114.84528599,34.92379866],[114.84528422,34.92375608],[114.84528734,34.92375274],[114.8452383,34.92372931],[114.84502943,34.92362955],[114.84502799,34.92362887],[114.84422288,34.92360146],[114.84347606,34.92357664],[114.84318992,34.92357543],[114.84296355,34.92357446],[114.8426712,34.92357322],[114.84186652,34.92358779],[114.84106184,34.92360235],[114.84079828,34.92361083],[114.84034516,34.9236254],[114.84027294,34.92362773],[114.84026729,34.92362791],[114.84026692,34.92362504],[114.84025913,34.92356574],[114.84025719,34.92355097],[114.84025557,34.92353869],[114.84020511,34.92315531],[114.84016849,34.92289737],[114.84013449,34.92265785],[114.84009313,34.92229066],[114.84007844,34.92216028],[114.84001445,34.92160208],[114.8400101,34.92156419],[114.8400025,34.92149787],[114.83999473,34.92149854],[114.83962046,34.92153051],[114.83961836,34.92152603],[114.83961602,34.92152103],[114.83958994,34.92146535],[114.83958952,34.92146445],[114.83958863,34.92146255],[114.83958798,34.92145846],[114.83957853,34.92139934],[114.83955229,34.92123506],[114.83955169,34.92123131],[114.83954956,34.92121802],[114.83947408,34.92074559],[114.83943388,34.92049975],[114.83936923,34.92010438],[114.83926438,34.91946316],[114.83915953,34.91882195],[114.83905114,34.91818976],[114.83894274,34.91755756],[114.83881507,34.91668916],[114.8387357,34.91636778],[114.8387213,34.91630947],[114.83872004,34.91630437],[114.83871675,34.91630471],[114.83864467,34.916312],[114.83778199,34.91639935],[114.83715715,34.91646262],[114.83708542,34.91646988],[114.83708187,34.91647024],[114.83708125,34.91646728],[114.83706903,34.91640861],[114.83700485,34.91610061],[114.83698643,34.91601219],[114.83695056,34.91580827],[114.83691773,34.91562162],[114.83675241,34.91468163],[114.83644549,34.91324104],[114.83638877,34.91297478],[114.83636651,34.91287031],[114.83635872,34.91283181],[114.83605041,34.91130838],[114.83603848,34.91124944],[114.83603787,34.91124645],[114.83604384,34.91124563],[114.83611508,34.91123585],[114.83644855,34.91119004],[114.83638685,34.91091319],[114.8363738,34.91085463],[114.83637239,34.91084829],[114.83637146,34.91084796],[114.83630461,34.91082403],[114.83596103,34.91070106],[114.83593044,34.91069053],[114.83440543,34.91016499],[114.83388614,34.90998602],[114.83384469,34.9099695],[114.83333729,34.90976723],[114.83333425,34.90976602],[114.8324636,34.90899268],[114.83212113,34.9086653],[114.83197958,34.90852999],[114.83179999,34.90836273],[114.83144105,34.90802843],[114.83094581,34.90756716],[114.83075168,34.90738636],[114.83040532,34.90706376],[114.83004774,34.90671463],[114.83001547,34.90668313],[114.83001368,34.90668138],[114.82996887,34.90663764],[114.82996693,34.90663574],[114.82997095,34.90663495],[114.83003471,34.90662235],[114.83004138,34.90662104],[114.83029675,34.90657059],[114.83094069,34.90644339],[114.83097899,34.90643583],[114.83154344,34.90632433],[114.83161398,34.90631039],[114.83161442,34.90631031],[114.83161408,34.90630612],[114.83161407,34.90630602],[114.83160921,34.9062456],[114.83157729,34.90584867],[114.83145592,34.90433954],[114.83143531,34.90411106],[114.83139317,34.9036439],[114.8313416,34.90307213],[114.83133625,34.9030128],[114.8313358,34.90300776],[114.8313398,34.90300755],[114.83141225,34.90300379],[114.83205388,34.90297049],[114.83430891,34.90285342],[114.8343787,34.9028498],[114.83437295,34.90279137],[114.83434352,34.9024923],[114.83431042,34.90215598],[114.83431664,34.90215572],[114.83445307,34.90214989],[114.83445592,34.90214977],[114.83419588,34.90056592],[114.83418619,34.90050694],[114.83418503,34.90049984],[114.83418478,34.90049834],[114.83426091,34.90048967],[114.83474236,34.90043485],[114.83662315,34.90023421],[114.83692602,34.90020137],[114.83811647,34.9000723],[114.83829211,34.90005326],[114.83834378,34.90004789],[114.83971,34.8999059],[114.84029839,34.89984474],[114.84095107,34.8997769],[114.84194118,34.89967398],[114.84214546,34.89965274],[114.84280606,34.89958407],[114.84287292,34.89957489],[114.84313353,34.89953912],[114.84320585,34.8995292],[114.84320596,34.89952918],[114.84321006,34.89952862],[114.8432099,34.89952764],[114.84320038,34.8994686],[114.84295293,34.89793346],[114.84294641,34.89789301],[114.84297696,34.89792486],[114.84324041,34.89819952],[114.84356267,34.89853549],[114.84360805,34.8985828],[114.8435925,34.89852166],[114.84355966,34.89839255],[114.84334943,34.8976379],[114.84310307,34.89675314],[114.84308823,34.89669278],[114.84281585,34.89558448],[114.84268298,34.89503889],[114.84249105,34.89425074],[114.8424775,34.89419506],[114.84254613,34.89416218],[114.84355542,34.89367874],[114.84399647,34.89346748],[114.84452591,34.89321387],[114.84458283,34.8931866],[114.84466178,34.89315823],[114.84509584,34.89300224],[114.84522334,34.89297694],[114.84553102,34.89291587],[114.84574938,34.89287254],[114.84614639,34.89279347],[114.84623089,34.89277664],[114.8467841,34.89266647],[114.84857926,34.89230893],[114.84858582,34.89230762],[114.84859612,34.89230473],[114.84892212,34.89221311],[114.84990523,34.89193682],[114.84995333,34.8919277],[114.85011057,34.89189789],[114.85017715,34.89188527],[114.85014119,34.89181669],[114.85007157,34.89168392],[114.84999997,34.89154738],[114.84996295,34.89147679],[114.84990029,34.8913573],[114.84981532,34.89119526],[114.84977874,34.8911255],[114.84977822,34.89112422],[114.84972901,34.89100285],[114.84965771,34.89082697],[114.84963581,34.89077296],[114.84960556,34.89069835],[114.84945005,34.89035066],[114.84938646,34.89020849],[114.84932412,34.89006912],[114.84921518,34.88982556],[114.84919028,34.88976989],[114.84913524,34.88964682],[114.84894636,34.88922452],[114.84887263,34.88905968],[114.84873492,34.8887518],[114.84870135,34.88868323],[114.84869453,34.8886693],[114.84862178,34.88852069],[114.84860728,34.88849108],[114.84846953,34.8882097],[114.84841503,34.88809839],[114.84840786,34.88808373],[114.8483588,34.88798352],[114.84833293,34.88793068],[114.84827721,34.88781685],[114.8482422,34.88774534],[114.84818752,34.88763366],[114.84811735,34.88749031],[114.84807047,34.88739455],[114.84801625,34.8872838],[114.84796952,34.88718835],[114.84794538,34.88713845],[114.84793389,34.88711302],[114.84793312,34.88711131],[114.84789593,34.88702899],[114.84784497,34.8869162],[114.84780383,34.88682514],[114.8477431,34.88669072],[114.84767369,34.88653709],[114.84761903,34.88641609],[114.84761591,34.88640918],[114.84755497,34.88627429],[114.84750242,34.88615797],[114.84750143,34.88615578],[114.84742513,34.88598688],[114.84738612,34.88590053],[114.84733114,34.88577885],[114.84723434,34.88556458],[114.84715986,34.88539972],[114.84704356,34.88514228],[114.84699935,34.88504441],[114.84698859,34.8850206],[114.84698402,34.88501048],[114.84691637,34.88486075],[114.84684616,34.88470533],[114.84682053,34.88464858],[114.84682048,34.88464849],[114.8468195,34.88464632],[114.84681829,34.88464644],[114.84680364,34.88464789],[114.84674655,34.88465353],[114.84607403,34.88471998],[114.8454471,34.88478193],[114.84464937,34.88486075],[114.84390561,34.88493424],[114.84322471,34.88500152],[114.84256393,34.8850668],[114.8425354,34.88506962],[114.84246638,34.88507644],[114.84179643,34.88514228],[114.84116518,34.88520432],[114.84078498,34.88524168],[114.840364,34.88528305],[114.84014918,34.88530416],[114.83990901,34.88532776],[114.83965302,34.88535291],[114.83962369,34.88535579],[114.83951231,34.88536674],[114.83948383,34.88536954],[114.83933051,34.8853846],[114.83930995,34.88534251],[114.83928114,34.88528351],[114.83926828,34.88525718],[114.83921218,34.88514228],[114.83912802,34.88496993],[114.83910101,34.88491461],[114.83904099,34.88494641],[114.83893696,34.88500152],[114.83888833,34.88502728],[114.83876731,34.88509139],[114.8387494,34.88510087],[114.83867123,34.88514228],[114.83859603,34.88518212],[114.83859105,34.88518476],[114.83841766,34.88528305],[114.83825348,34.88537612],[114.83821645,34.88539711],[114.83816935,34.88542382],[114.8380822,34.88547322],[114.83806216,34.88548458],[114.83792102,34.88556458],[114.83773965,34.88566739],[114.83767269,34.88570535],[114.83756837,34.88576448],[114.83742436,34.88584612],[114.83722582,34.88595866],[114.83717603,34.88598688],[114.83705454,34.88605575],[114.8369277,34.88612765],[114.83688327,34.88615284],[114.83667937,34.88626842],[114.83654071,34.88634702],[114.83643105,34.88640918],[114.83639416,34.88643009],[114.83636944,34.88644411],[114.83623041,34.88652292],[114.83618272,34.88654995],[114.83607874,34.88660889],[114.83602688,34.88663829],[114.83593439,34.88669072],[114.83591201,34.8867034],[114.83585561,34.88673537],[114.83568606,34.88683148],[114.83566804,34.8868417],[114.83560855,34.88687542],[114.83560243,34.88687889],[114.8356004,34.88687699],[114.83555186,34.88683155],[114.83555179,34.88683148],[114.83553102,34.88681204],[114.83551305,34.88679522],[114.83540143,34.88669072],[114.83537722,34.88666805],[114.83534178,34.88663487],[114.83525107,34.88654995],[114.8351705,34.88647452],[114.83509278,34.88640176],[114.83499922,34.88631416],[114.83495036,34.88626842],[114.83482795,34.88615381],[114.83480001,34.88612765],[114.83469481,34.88602916],[114.83465667,34.88599346],[114.83455407,34.8858974],[114.8344993,34.88584612],[114.83449264,34.88583988],[114.83448539,34.8858331],[114.83434894,34.88570535],[114.83431412,34.88567275],[114.83429465,34.88565452],[114.83419859,34.88556458],[114.83414284,34.88551239],[114.83409783,34.88547025],[114.83404693,34.88542382],[114.83401222,34.88539215],[114.83397156,34.88535506],[114.83396472,34.88534882],[114.83389263,34.88528305],[114.83380029,34.8851988],[114.83373833,34.88514228],[114.83370142,34.88510861],[114.83362901,34.88504255],[114.8335917,34.88500851],[114.83358404,34.88500152],[114.83345774,34.88488629],[114.83342974,34.88486075],[114.83328646,34.88473003],[114.83311518,34.88457377],[114.83297181,34.88444298],[114.83296685,34.88443845],[114.83296662,34.88443824],[114.83293275,34.88440734],[114.83285884,34.88433105],[114.83282651,34.88429768],[114.83277263,34.88424207],[114.83269012,34.88415691],[114.83268377,34.88415036],[114.83260135,34.88406222],[114.83255827,34.88401615],[114.83245688,34.88390771],[114.83243008,34.88387904],[114.83229503,34.88373461],[114.8322588,34.88369586],[114.83223286,34.88366812],[114.83216341,34.88359385],[114.83208752,34.88351269],[114.83203179,34.88345308],[114.83191625,34.88332951],[114.83188727,34.88329851],[114.83176855,34.88317155],[114.83174497,34.88314633],[114.831725,34.88312497],[114.83163221,34.88303078],[114.8315803,34.88297809],[114.83157369,34.88297137],[114.83155882,34.88295628],[114.83149354,34.88289001],[114.83140242,34.88279751],[114.83135487,34.88274925],[114.83123114,34.88262364],[114.8311617,34.88255315],[114.83107754,34.88246771],[114.83106999,34.88246005],[114.83105986,34.88244977],[114.83096762,34.88235613],[114.83093887,34.88232695],[114.83090642,34.882294],[114.83088859,34.8822759],[114.8308584,34.88224526],[114.8308002,34.88218618],[114.83071731,34.88210203],[114.83066153,34.88204541],[114.83054603,34.88192816],[114.83054045,34.88192249],[114.83052287,34.88190465],[114.83037476,34.88175429],[114.83024554,34.88162311],[114.83020389,34.88158082],[114.83020348,34.88158041],[114.83010688,34.88148234],[114.83007619,34.88145118],[114.8300322,34.88140654],[114.82996821,34.88134158],[114.82994498,34.88131799],[114.82986093,34.88126014],[114.82981701,34.88122991],[114.82977472,34.88120081],[114.82968965,34.88114226],[114.82957019,34.88106004],[114.82951837,34.88102438],[114.82939636,34.8809404],[114.82936567,34.88091928],[114.82935899,34.88091468],[114.8293471,34.88090649],[114.82916115,34.88077851],[114.82900454,34.88067072],[114.82895663,34.88063774],[114.82884429,34.88056043],[114.82883327,34.88055284],[114.8287521,34.88049698],[114.82867935,34.8804469],[114.82866199,34.88043495],[114.82856842,34.88037055],[114.82854758,34.88035621],[114.82851301,34.88033241],[114.82851203,34.88033174],[114.82851085,34.88033348],[114.82849553,34.88035621],[114.82849472,34.88035741],[114.82849071,34.88036335],[114.82847526,34.88038628],[114.82840064,34.88049698],[114.82831944,34.88061743],[114.82831103,34.8806299],[114.82829036,34.88066056],[114.82821085,34.88077851],[114.82814816,34.88087151],[114.82807819,34.88097529],[114.82802106,34.88106004],[114.82797688,34.88112558],[114.82794496,34.88117293],[114.82792617,34.88120081],[114.82780561,34.88137965],[114.8278003,34.88138753],[114.82773638,34.88148234],[114.82763433,34.88163373],[114.82754659,34.88176388],[114.82750281,34.88182883],[114.82746305,34.8818878],[114.82746069,34.88189131],[114.82743289,34.88205127],[114.82742238,34.88211173],[114.82742236,34.88211184],[114.82742234,34.88211196],[114.82742174,34.88211537],[114.82742172,34.88211549],[114.8274217,34.8821156],[114.82742158,34.88211631],[114.82742099,34.88211612],[114.82741402,34.88211392],[114.82734601,34.88209245],[114.82719703,34.88204541],[114.82694922,34.88196717],[114.82690852,34.88195432],[114.82675118,34.88190465],[114.82660667,34.88185902],[114.82630534,34.88176388],[114.82609284,34.88169679],[114.82586656,34.88162534],[114.8258595,34.88162311],[114.82557901,34.88153455],[114.82541366,34.88148234],[114.82532299,34.88145372],[114.82523646,34.8814264],[114.82496782,34.88134158],[114.8248696,34.88131057],[114.82472263,34.88126416],[114.82452198,34.88120081],[114.82448221,34.88118825],[114.82438007,34.88115601],[114.82433685,34.88114236],[114.82428353,34.88112552],[114.82423279,34.88109657],[114.82416877,34.88106004],[114.82413954,34.88104337],[114.82403752,34.88098516],[114.82392206,34.88091928],[114.82386624,34.88088743],[114.82367535,34.88077851],[114.82352369,34.88069198],[114.82345637,34.88065357],[114.82342864,34.88063774],[114.82335242,34.88059425],[114.8232753,34.88055025],[114.82320726,34.88051143],[114.82320691,34.88049698],[114.82320588,34.88045489],[114.82318114,34.8794385],[114.82317437,34.87916062],[114.82314124,34.87896118],[114.82312368,34.87885553],[114.82309236,34.87866701],[114.82308522,34.87862399],[114.82300986,34.87849749],[114.822973,34.8784356],[114.82296683,34.87842525],[114.82296898,34.87821559],[114.82297212,34.87790872],[114.82297274,34.87784871],[114.82297278,34.87784432],[114.82297127,34.87784391],[114.82290273,34.87782506],[114.82289309,34.87782241],[114.82266731,34.87776032],[114.82261341,34.8777455],[114.82238122,34.87768164],[114.82231117,34.87766238],[114.82215348,34.87761901],[114.82186937,34.87754087],[114.8216689,34.87748574],[114.82163965,34.8774777],[114.82143897,34.87742251],[114.82133311,34.87740011],[114.82095454,34.87732],[114.82066787,34.87725934],[114.82039044,34.87720063],[114.82038448,34.87719937],[114.82036444,34.87719251],[114.82026944,34.87715997],[114.82014857,34.87711857],[114.82012909,34.8771119],[114.81992688,34.87704264],[114.81973758,34.87697781],[114.81958433,34.87692532],[114.81956865,34.87691994],[114.81938308,34.87685639],[114.8193266,34.87683704],[114.81924178,34.87680799],[114.81919781,34.87679293],[114.81919564,34.87679104],[114.81918932,34.87678555],[114.81914132,34.87674386],[114.81913206,34.87673581],[114.81831516,34.87669627],[114.81794799,34.8766785],[114.81787899,34.87667516],[114.81752901,34.87663523],[114.81702131,34.87657731],[114.8168738,34.87655551],[114.81633007,34.87647514],[114.81613873,34.87644685],[114.81592146,34.87641474],[114.81587892,34.87640845],[114.8149661,34.87634198],[114.81457004,34.87631313],[114.81449336,34.87630755],[114.81448915,34.87627397],[114.814486,34.87624884],[114.81444603,34.87593025],[114.81438565,34.87544885],[114.81437453,34.87514784],[114.81437398,34.87513286],[114.81433997,34.8751319],[114.81399733,34.87512216],[114.81385738,34.87511819],[114.81376467,34.87512263],[114.81373961,34.87512384],[114.81369191,34.87512456],[114.81369179,34.87512456],[114.81368994,34.87512459],[114.81368509,34.87512418],[114.81361244,34.87511801],[114.81357245,34.87511461],[114.81307582,34.87507244],[114.81257561,34.87502997],[114.8124241,34.8750171],[114.81236013,34.87500707],[114.81233337,34.87500288],[114.81219388,34.87498101],[114.8119951,34.87498481],[114.81175703,34.87497647],[114.81154979,34.87498016],[114.81131127,34.87498441],[114.81118207,34.87497551],[114.81094953,34.8749595],[114.81069923,34.87493138],[114.81067795,34.87492961],[114.81017463,34.8748877],[114.81012926,34.87488715],[114.80990951,34.87488449],[114.80978047,34.87488218],[114.80950577,34.87487725],[114.8094091,34.87488667],[114.80917773,34.87490922],[114.80885756,34.87492949]]]}},{"type":"Feature","properties":{"adcode":"410225107","name":"小宋镇","type":"镇","county_code":"410225","county_name":"兰考县","source_codes":["410225205"],"geometry_method":"沿用原边界","area_km2":74.2911},"geometry":{"type":"Polygon","coordinates":[[[115.13251601,34.87830801],[115.1324849,34.87791264],[115.13245334,34.8776343],[115.13230215,34.87597898],[115.13229611,34.8759128],[115.13221611,34.87588963],[115.13220775,34.87589046],[115.13156323,34.8759543],[115.13156021,34.8759546],[115.13147375,34.87593949],[115.13149301,34.87588199],[115.13149313,34.87587866],[115.13149626,34.87579142],[115.13150309,34.87560047],[115.13151319,34.87532039],[115.13149334,34.87531872],[115.13143645,34.87531392],[115.13136804,34.87531168],[115.13119767,34.87530609],[115.13086463,34.87528478],[115.13040395,34.87525911],[115.13040087,34.87525893],[115.13031281,34.8752722],[115.13027185,34.87520524],[115.13015708,34.87501758],[115.12985469,34.87439742],[115.12977787,34.87416762],[115.12977263,34.87415196],[115.12977096,34.87414695],[115.12967485,34.87414286],[115.12750527,34.87405056],[115.12661292,34.8736803],[115.12634665,34.87356982],[115.12634665,34.87360663],[115.12634666,34.87386824],[115.1260962,34.87385405],[115.12599659,34.87384841],[115.12591442,34.87384376],[115.12592395,34.87345611],[115.12544629,34.87343085],[115.12537201,34.87342692],[115.12535694,34.87342612],[115.12535717,34.87341842],[115.12536058,34.87330687],[115.12539028,34.87233531],[115.12539215,34.87227425],[115.12539444,34.87219944],[115.1253003,34.87218702],[115.12449802,34.87208116],[115.12372533,34.87197917],[115.12356522,34.87195804],[115.12355409,34.87195611],[115.12285792,34.87183571],[115.12065065,34.87145395],[115.12059528,34.87144437],[115.12050513,34.87143379],[115.12032485,34.87141263],[115.11776022,34.87111152],[115.11704049,34.871027],[115.11695614,34.8710171],[115.11690893,34.87101155],[115.11667314,34.87344484],[115.11667105,34.87346641],[115.11663901,34.87346591],[115.11425899,34.87342921],[115.1108017,34.87337581],[115.1107358,34.87337479],[115.11073772,34.87332503],[115.11075729,34.8728196],[115.11077286,34.87241741],[115.11078265,34.87216464],[115.11079158,34.87162971],[115.1107878,34.8711748],[115.11078348,34.87065385],[115.11078298,34.87059374],[115.11073498,34.87051614],[115.11041497,34.86999868],[115.11027429,34.86983261],[115.10965923,34.8691065],[115.10947263,34.8688862],[115.108476,34.86894867],[115.10793411,34.86898263],[115.10660602,34.86906585],[115.10658079,34.86906744],[115.10658089,34.86903754],[115.10658388,34.86816868],[115.10658741,34.86714229],[115.10691727,34.86715233],[115.10691171,34.86703762],[115.10689546,34.86670215],[115.10674756,34.86364817],[115.10670032,34.86364989],[115.10654208,34.86365564],[115.10579775,34.8636827],[115.10598856,34.86544988],[115.10598994,34.86548062],[115.10604839,34.86677811],[115.10606251,34.86709161],[115.10606382,34.86712064],[115.10602184,34.8671211],[115.10564767,34.86712524],[115.10564545,34.86715471],[115.10550832,34.86897649],[115.10547608,34.86897624],[115.10460114,34.86896947],[115.10458732,34.86896936],[115.10458662,34.86890099],[115.10456884,34.86716043],[115.10456768,34.8670462],[115.10456754,34.86703406],[115.10454235,34.86481119],[115.10454168,34.86475184],[115.10445117,34.86475487],[115.10109027,34.86486726],[115.10093436,34.86487247],[115.10092877,34.86487266],[115.10092737,34.86485918],[115.10092407,34.8648274],[115.10084162,34.86403425],[115.10066935,34.86237681],[115.10066061,34.86229268],[115.10065853,34.86227271],[115.10068692,34.86226987],[115.10076553,34.86226199],[115.10192929,34.86214538],[115.10193691,34.86214462],[115.10185945,34.86168084],[115.10175733,34.86106946],[115.10175326,34.86104512],[115.10116002,34.85749312],[115.10104899,34.85682834],[115.09932193,34.85688324],[115.09931594,34.85688343],[115.09922466,34.85688633],[115.09922904,34.85691995],[115.09937729,34.85805768],[115.09963731,34.85992405],[115.09976007,34.86087586],[115.0998979,34.86183166],[115.0999258,34.86201074],[115.09997226,34.862309],[115.09998469,34.86238885],[115.09992112,34.8623939],[115.09731738,34.86260066],[115.09740138,34.86360332],[115.09731999,34.86360432],[115.09726053,34.86360506],[115.09462014,34.86363767],[115.09380148,34.86364777],[115.09331545,34.86365376],[115.09254151,34.8636633],[115.08825183,34.86371609],[115.08820656,34.86371664],[115.08819186,34.86371683],[115.08813644,34.86371751],[115.08812901,34.86459954],[115.08814016,34.86509672],[115.08811063,34.86600906],[115.08714299,34.86602562],[115.08717514,34.86448364],[115.08718353,34.86408122],[115.08715075,34.86408078],[115.08699436,34.86407872],[115.08646725,34.86407176],[115.08636235,34.86407038],[115.0863592,34.86403338],[115.08620366,34.86221049],[115.08619906,34.86215659],[115.08613837,34.8621548],[115.0842093,34.862098],[115.0821301,34.86203675],[115.08175663,34.86202574],[115.08164238,34.86202237],[115.08164547,34.86193913],[115.08166928,34.86129732],[115.08168502,34.86087285],[115.08168884,34.8607697],[115.08163427,34.8607699],[115.08147798,34.86077045],[115.07978843,34.86077648],[115.07977691,34.86076359],[115.07976965,34.86075547],[115.07971752,34.86069717],[115.07737895,34.85808181],[115.07736906,34.85805671],[115.07732675,34.85794938],[115.07728269,34.85783761],[115.07666598,34.856273],[115.07661192,34.85613586],[115.07659858,34.856102],[115.07629478,34.85442213],[115.07634041,34.85438137],[115.07637432,34.85435108],[115.07639085,34.8543363],[115.07639364,34.85433381],[115.0764248,34.85430255],[115.07647144,34.85425577],[115.07650677,34.85420401],[115.07652668,34.85417484],[115.07653374,34.85414075],[115.07667508,34.85404359],[115.0767892,34.85398294],[115.07680547,34.8539743],[115.07683202,34.85396019],[115.07684307,34.85395432],[115.07681842,34.85387306],[115.07681534,34.8538629],[115.07675906,34.85357567],[115.07671819,34.85331923],[115.07661705,34.85275704],[115.07656212,34.85241814],[115.07653543,34.85225345],[115.07644177,34.85215957],[115.07654759,34.85213814],[115.07752343,34.85194052],[115.07757484,34.85192669],[115.07777155,34.85187373],[115.07788511,34.85184317],[115.07787656,34.85180872],[115.07783198,34.85162913],[115.07781119,34.85154536],[115.07749954,34.8500649],[115.07721711,34.84857129],[115.07720465,34.84850535],[115.07719527,34.84845578],[115.07430673,34.84864367],[115.0742476,34.84864752],[115.07413207,34.84865146],[115.07093658,34.84876039],[115.07085718,34.84876309],[115.07085686,34.84884501],[115.07085635,34.84897884],[115.07085634,34.84898138],[115.07085242,34.85000061],[115.07085219,34.85005899],[115.07087695,34.85005983],[115.07101705,34.8500646],[115.07169518,34.85008766],[115.07185841,34.85009321],[115.07185933,34.85010884],[115.07196411,34.85189068],[115.07196961,34.8519843],[115.07197437,34.8520653],[115.07159295,34.85210155],[115.07095779,34.85216192],[115.0705939,34.8521965],[115.07057593,34.85219821],[115.07059888,34.8524114],[115.07060257,34.85244562],[115.06855818,34.85258624],[115.06855167,34.85258669],[115.06846285,34.85259279],[115.06839378,34.85260173],[115.06821671,34.85262464],[115.06765024,34.85269793],[115.06755303,34.85271051],[115.06756387,34.85275875],[115.06794292,34.85444656],[115.06796837,34.85455991],[115.06788529,34.85456966],[115.06546702,34.85485344],[115.06491066,34.85491872],[115.06487,34.85492349],[115.06486832,34.85486572],[115.06486055,34.85459921],[115.06482093,34.85413299],[115.06472336,34.85298493],[115.06460615,34.85160581],[115.06460151,34.85155123],[115.06450637,34.85155151],[115.06449537,34.85155173],[115.06412778,34.85155887],[115.06384843,34.8515643],[115.0623726,34.85160156],[115.06079189,34.85164144],[115.06078122,34.85164171],[115.06077482,34.85180249],[115.06077194,34.85187484],[115.06069197,34.85187922],[115.0579116,34.85203118],[115.05665798,34.85209967],[115.05656431,34.85210479],[115.05656913,34.85217246],[115.05660558,34.85268357],[115.05681751,34.8556552],[115.05682287,34.85573036],[115.05674581,34.85573418],[115.05588819,34.85577665],[115.05510692,34.85581533],[115.05247816,34.85594544],[115.05193881,34.85597213],[115.04991544,34.85607223],[115.048624,34.85613611],[115.04747297,34.85619302],[115.04402745,34.85636334],[115.04393371,34.85636797],[115.04393915,34.85644567],[115.0439542,34.85666061],[115.04410966,34.85888012],[115.04411391,34.8589408],[115.04411894,34.85901259],[115.04404472,34.85902007],[115.04328907,34.85909628],[115.03872746,34.85955623],[115.03768207,34.85966162],[115.03764827,34.85966502],[115.03722427,34.85970776],[115.03714374,34.85971588],[115.03715553,34.85978226],[115.03716699,34.85984676],[115.03721956,34.86014272],[115.03726222,34.86029128],[115.03732443,34.86050792],[115.03733854,34.8606475],[115.0373626,34.86088551],[115.03743216,34.86110142],[115.03743945,34.86111853],[115.03745711,34.86115996],[115.03748812,34.86123273],[115.03737692,34.86124071],[115.03715334,34.86125675],[115.03533933,34.86138692],[115.03460459,34.86139155],[115.03451857,34.86139209],[115.03446832,34.8614488],[115.03283163,34.86329539],[115.0327861,34.86334676],[115.0328005,34.86342302],[115.03285741,34.86372432],[115.03298272,34.8643877],[115.03299515,34.86445353],[115.03300845,34.86452782],[115.03310374,34.8650599],[115.03311881,34.86514409],[115.03312112,34.86515696],[115.03339616,34.86515593],[115.03349198,34.86515557],[115.03350328,34.86521448],[115.03375207,34.86651125],[115.03404572,34.86804175],[115.0340605,34.86811878],[115.03396692,34.86811016],[115.03396384,34.86810987],[115.03392971,34.86810672],[115.03393007,34.86810851],[115.03405836,34.86875025],[115.0341576,34.86924665],[115.03417321,34.86932471],[115.03410107,34.86933685],[115.03254545,34.86959856],[115.03208087,34.86967671],[115.03207722,34.86967732],[115.03302593,34.87240209],[115.03331787,34.87239137],[115.03338723,34.87238882],[115.03337836,34.87244055],[115.0333761,34.87245372],[115.03328273,34.87299807],[115.03327852,34.87302266],[115.03326886,34.87307899],[115.03326592,34.8730961],[115.03317875,34.87310807],[115.03229924,34.87322874],[115.02731585,34.87391239],[115.02722381,34.87392501],[115.02721484,34.8739955],[115.02720401,34.87408066],[115.02717594,34.87430129],[115.0271721,34.87433145],[115.02715917,34.87439312],[115.02702758,34.87502056],[115.02689264,34.8766144],[115.02688695,34.87668169],[115.02688203,34.87675588],[115.02663218,34.88052858],[115.02660911,34.88087704],[115.02660792,34.88089492],[115.02654782,34.88180244],[115.02654361,34.88186607],[115.0266302,34.88186466],[115.02790806,34.88184379],[115.02798249,34.88184258],[115.02846598,34.88183468],[115.0284263,34.88219817],[115.02841976,34.88225815],[115.02847809,34.88224802],[115.02855874,34.88224944],[115.03035861,34.88228103],[115.03043089,34.88228229],[115.03050448,34.882353],[115.03089866,34.88273171],[115.03144877,34.88326024],[115.03148948,34.88329935],[115.03149591,34.88330479],[115.03149113,34.88338851],[115.03138655,34.88521884],[115.03132137,34.88649342],[115.03126846,34.88752804],[115.0312625,34.88764451],[115.0312482,34.88792416],[115.03105147,34.89097585],[115.03104684,34.8910476],[115.03104511,34.89107443],[115.03109257,34.89107503],[115.03115625,34.89107584],[115.03308471,34.89110036],[115.03307843,34.89067004],[115.0330742,34.89037972],[115.03307362,34.89033973],[115.03317987,34.89032955],[115.03382712,34.89026752],[115.03414108,34.89023743],[115.0356867,34.8900893],[115.03571349,34.89008673],[115.0357143,34.89009203],[115.03576636,34.89043134],[115.03574709,34.89043442],[115.03572412,34.8904381],[115.03534406,34.8904989],[115.03527212,34.89051041],[115.03528728,34.89056364],[115.03572751,34.89210903],[115.03583278,34.89247858],[115.03583529,34.89247818],[115.03597028,34.89245694],[115.03603145,34.89244732],[115.03610845,34.8924352],[115.03613671,34.89243075],[115.03614695,34.89250258],[115.03627296,34.89338666],[115.03627518,34.8934022],[115.03634384,34.89341596],[115.03646085,34.8934394],[115.03650628,34.8934485],[115.0366742,34.89351967],[115.03675485,34.89355385],[115.03677255,34.89356136],[115.03679729,34.89361911],[115.03701029,34.89411637],[115.03754859,34.89537303],[115.03762664,34.89555524],[115.03762704,34.89555617],[115.03762949,34.89555581],[115.03764297,34.89555385],[115.03830888,34.89545692],[115.03839943,34.89544374],[115.03841702,34.89544118],[115.03845282,34.89543597],[115.03847994,34.89543202],[115.038511,34.8954987],[115.03886186,34.89625187],[115.03888523,34.89630204],[115.03900047,34.89628365],[115.04230797,34.89575583],[115.04372015,34.89553044],[115.04450509,34.89540516],[115.04456674,34.89539532],[115.04458419,34.89539253],[115.04460727,34.89545926],[115.04478577,34.89597537],[115.04509428,34.89592117],[115.04633345,34.89570346],[115.04638107,34.89569509],[115.04640324,34.89573469],[115.04664098,34.89615954],[115.04686545,34.89656066],[115.04689689,34.89661685],[115.04693174,34.89660941],[115.04695802,34.89660379],[115.04818732,34.89634131],[115.05072851,34.89579866],[115.05074416,34.89579532],[115.05272127,34.89537308],[115.0527943,34.89535749],[115.05279644,34.89536318],[115.05281379,34.8954094],[115.05286005,34.8955326],[115.05296702,34.89581752],[115.05300248,34.89591198],[115.05412064,34.89566395],[115.05482052,34.8955087],[115.05873641,34.89463998],[115.05885288,34.89461414],[115.05972569,34.89442135],[115.05998849,34.8943633],[115.0604701,34.89425691],[115.06117477,34.89410125],[115.06125567,34.89408337],[115.06125734,34.89408372],[115.06134291,34.8941014],[115.06172077,34.8941795],[115.06178157,34.89419206],[115.06230132,34.89429947],[115.06238972,34.89431774],[115.06246854,34.89429925],[115.06331683,34.89410026],[115.06384901,34.89398566],[115.0643403,34.8938921],[115.06450075,34.89386155],[115.06469741,34.89466252],[115.06471389,34.89472964],[115.06472915,34.89480434],[115.06477604,34.89503391],[115.06500833,34.89609947],[115.065074,34.89637502],[115.06531949,34.89740503],[115.06532083,34.89741064],[115.06539068,34.89770375],[115.06541292,34.89779707],[115.06545395,34.89796921],[115.06550711,34.89822531],[115.06552002,34.89828747],[115.06553062,34.89833855],[115.06567362,34.89832579],[115.06580783,34.89831381],[115.06583462,34.89831142],[115.06673185,34.89817694],[115.0672925,34.8980929],[115.0673812,34.8980796],[115.06739451,34.89814789],[115.06763701,34.899392],[115.06764908,34.89945395],[115.06766266,34.8995236],[115.06766294,34.89952506],[115.06587698,34.89965381],[115.06587097,34.89965425],[115.06582955,34.89965723],[115.06579314,34.89966006],[115.06530087,34.89969835],[115.06508554,34.8997151],[115.06385832,34.89981054],[115.0638491,34.89981126],[115.06371073,34.89986786],[115.06368797,34.89987717],[115.06365136,34.89986804],[115.06384911,34.90086537],[115.06391494,34.90115259],[115.06404387,34.90165016],[115.06406186,34.90171959],[115.06397674,34.90173528],[115.06385575,34.90175759],[115.06384913,34.90175881],[115.06345502,34.90180728],[115.06281155,34.90188641],[115.06271726,34.90189801],[115.06264458,34.90187625],[115.06264181,34.90187542],[115.06262643,34.90187082],[115.06234785,34.90091084],[115.06233274,34.90085878],[115.06225775,34.900867],[115.0620032,34.90089486],[115.06200162,34.90089503],[115.06235133,34.9024068],[115.06236772,34.90247769],[115.0622767,34.90247789],[115.0617715,34.902479],[115.06111577,34.90248045],[115.06102813,34.90248064],[115.06094107,34.90248584],[115.05993825,34.90254573],[115.05974565,34.90255723],[115.05965773,34.90256248],[115.05966799,34.90263697],[115.0596973,34.90284973],[115.05975793,34.90328992],[115.06002203,34.90520718],[115.06002828,34.9052525],[115.06003196,34.90527925],[115.05994294,34.90529884],[115.05983423,34.90532277],[115.05926527,34.90544798],[115.05905613,34.905494],[115.05897099,34.90551273],[115.05888599,34.90551283],[115.05867528,34.90551306],[115.05666591,34.90551526],[115.05658913,34.90551535],[115.05657015,34.90547241],[115.05647145,34.90524921],[115.05644974,34.9052001],[115.05632491,34.90491778],[115.05631633,34.90492068],[115.05629568,34.90492767],[115.05607412,34.90500261],[115.05330836,34.90593809],[115.05326227,34.90595367],[115.05325647,34.90591339],[115.0532055,34.90555938],[115.05320457,34.90555292],[115.0509534,34.90557215],[115.05089272,34.90557267],[115.05088633,34.90552247],[115.05085233,34.90525539],[115.0508492,34.90525543],[115.0498336,34.90526877],[115.04931771,34.90527555],[115.04836316,34.9052918],[115.04773296,34.90530253],[115.04685238,34.90531751],[115.04641038,34.90532401],[115.04622461,34.90532675],[115.04458823,34.90535079],[115.04361573,34.90535846],[115.04352987,34.90535913],[115.04344472,34.90535181],[115.04298818,34.90531256],[115.04152237,34.90518654],[115.0414912,34.90518386],[115.03748182,34.90479129],[115.03669598,34.90471433],[115.03668776,34.90471353],[115.0366816,34.90452887],[115.03667948,34.90446524],[115.0366793,34.90445996],[115.03665446,34.90446098],[115.03659747,34.90446332],[115.03584459,34.90449426],[115.03361116,34.90458602],[115.03218483,34.9046446],[115.02922495,34.9047661],[115.02914269,34.90476948],[115.02911153,34.90472573],[115.02861499,34.90402868],[115.02857122,34.90396724],[115.02848384,34.9039747],[115.0281353,34.90400444],[115.02687825,34.9041117],[115.02634934,34.90415682],[115.02585805,34.90419873],[115.02585854,34.90420202],[115.02598025,34.90502329],[115.02603313,34.90538008],[115.02609855,34.90582152],[115.02610668,34.90587638],[115.02619638,34.90586355],[115.02698508,34.90575067],[115.0270761,34.90573765],[115.02709077,34.90581546],[115.0272277,34.90654179],[115.02731935,34.90703926],[115.02746975,34.90785558],[115.0274841,34.90793345],[115.02768778,34.90901342],[115.02786002,34.90992664],[115.02789443,34.91010909],[115.02792234,34.91025708],[115.02795768,34.91044445],[115.02796998,34.91050965],[115.02797273,34.91052076],[115.02798875,34.91058548],[115.02808905,34.91099066],[115.02834251,34.91201453],[115.0283595,34.91208315],[115.02825072,34.91210984],[115.02766957,34.91225242],[115.02763045,34.91226209],[115.02740331,34.91231827],[115.02733222,34.91233585],[115.02734111,34.91237716],[115.02734622,34.91240093],[115.02737251,34.9125232],[115.02788396,34.91490178],[115.02788673,34.91491467],[115.0279149,34.91504568],[115.02792859,34.91510933],[115.02800422,34.91509575],[115.02966394,34.91479768],[115.03003232,34.91473152],[115.03098344,34.9145607],[115.03159254,34.91445129],[115.03198371,34.91438116],[115.0320662,34.91436637],[115.03215323,34.91435499],[115.03237011,34.91432664],[115.03348586,34.91418077],[115.03369823,34.91415301],[115.03391824,34.91412424],[115.0339729,34.9141171],[115.03397379,34.91412579],[115.03398011,34.91418728],[115.03417315,34.91606611],[115.03417697,34.91610326],[115.03424708,34.91610377],[115.03644266,34.91611978],[115.03655372,34.91612059],[115.03655792,34.91612078],[115.0366173,34.91612582],[115.03664141,34.91612787],[115.03785294,34.91623075],[115.03794769,34.91623879],[115.03795136,34.91623918],[115.03795181,34.9163219],[115.03795377,34.91667997],[115.03795383,34.91668915],[115.03797051,34.91731543],[115.03797189,34.91731543],[115.03826211,34.91731683],[115.03835153,34.91731726],[115.03837248,34.91731736],[115.03837297,34.91739311],[115.03838211,34.91880735],[115.03838251,34.91886947],[115.03844128,34.91887194],[115.03910476,34.91889978],[115.03932105,34.91890885],[115.04032125,34.91895082],[115.04041049,34.91895456],[115.0403988,34.91903995],[115.04031883,34.91962429],[115.04031133,34.91967905],[115.0403061,34.91985292],[115.04028155,34.92066946],[115.04095259,34.92051308],[115.0409904,34.92050427],[115.04100045,34.92054951],[115.04125703,34.92170543],[115.04131572,34.92202688],[115.04141734,34.92258346],[115.04143129,34.92264576],[115.04153563,34.92311161],[115.04155434,34.92319513],[115.04161808,34.92318669],[115.04176779,34.92316686],[115.04258419,34.92305809],[115.0426661,34.92304718],[115.04271167,34.92308962],[115.04308386,34.92343627],[115.04308791,34.92344005],[115.04336797,34.92370089],[115.04343383,34.92376222],[115.04348268,34.92380983],[115.04373044,34.92405126],[115.04376476,34.9240847],[115.04431548,34.92459971],[115.04431567,34.92460073],[115.04436686,34.92487328],[115.04450506,34.92566344],[115.04452111,34.92575519],[115.04460055,34.92574238],[115.04473648,34.92572045],[115.04475512,34.92585254],[115.04478625,34.92607304],[115.0448381,34.92644044],[115.04484792,34.92651],[115.04474496,34.92652131],[115.04420588,34.92658056],[115.04424916,34.9277352],[115.04425236,34.92782055],[115.0441519,34.92783307],[115.04340895,34.92792563],[115.04328604,34.92794095],[115.04318065,34.92795408],[115.04318849,34.92802732],[115.04329889,34.92905853],[115.04343711,34.9301185],[115.04345111,34.93022591],[115.04342192,34.93023003],[115.04253492,34.93035527],[115.0412957,34.93057945],[115.03993251,34.93083055],[115.03947076,34.93091561],[115.03937014,34.93093414],[115.03929924,34.93094457],[115.03901379,34.93098659],[115.03822757,34.93112643],[115.03775251,34.93121093],[115.0368044,34.9313888],[115.03668462,34.93107038],[115.03664521,34.9309656],[115.03661952,34.93089732],[115.03653591,34.9309178],[115.03639076,34.93095334],[115.03577139,34.93110501],[115.03463132,34.93138923],[115.03412607,34.93151518],[115.03411898,34.93151615],[115.03371549,34.93157129],[115.03362556,34.93158358],[115.0336232,34.93156491],[115.03359634,34.93135203],[115.03351867,34.93115514],[115.03337394,34.930883],[115.03315835,34.93054313],[115.03308253,34.93036695],[115.03305824,34.93031052],[115.03303422,34.9302547],[115.03294515,34.93027417],[115.03241071,34.930391],[115.03185418,34.93051906],[115.03081452,34.93075828],[115.03073631,34.93077628],[115.03075815,34.93085164],[115.03079918,34.93099324],[115.03081072,34.93103303],[115.03012272,34.93125993],[115.0298932,34.93133563],[115.02986408,34.93134666],[115.02979864,34.93137145],[115.02977447,34.9313806],[115.02977201,34.93138153],[115.02968584,34.93141416],[115.02964139,34.93134365],[115.02954064,34.93118379],[115.02953799,34.93117959],[115.02944017,34.93120607],[115.0291504,34.93128451],[115.02887234,34.93135979],[115.02796711,34.9315909],[115.02793341,34.93159861],[115.02754636,34.93168724],[115.0274753,34.93170351],[115.02723745,34.93175798],[115.02715144,34.93177767],[115.0271222,34.93173382],[115.02695035,34.93147609],[115.02694918,34.93147451],[115.02694708,34.93147167],[115.0260041,34.93160019],[115.02592587,34.93161086],[115.02591374,34.93159243],[115.02563844,34.93117392],[115.02546767,34.93091432],[115.02543176,34.93085973],[115.02535191,34.93088416],[115.02500046,34.93099168],[115.02500026,34.93099174],[115.02500787,34.93100357],[115.02513056,34.93119437],[115.0251687,34.93125369],[115.02508282,34.93127794],[115.02466775,34.93139514],[115.02389573,34.93160791],[115.02391954,34.9316737],[115.02393641,34.93172033],[115.02396289,34.93179352],[115.02388262,34.93180789],[115.0237611,34.93182965],[115.023689,34.93184256],[115.02361656,34.93185553],[115.02357675,34.9317747],[115.02347916,34.93157655],[115.02339895,34.9314137],[115.0233988,34.9314134],[115.02339311,34.93141516],[115.02279729,34.93159987],[115.02270811,34.93162752],[115.02273487,34.93169619],[115.02294697,34.93224036],[115.02308394,34.93259177],[115.02304161,34.93259775],[115.02291358,34.93261584],[115.02294425,34.93272311],[115.0229852,34.93286634],[115.02300573,34.93293817],[115.02292689,34.93295332],[115.02213049,34.93310636],[115.02073637,34.93340407],[115.02069391,34.93341314],[115.02070115,34.93344321],[115.02100701,34.93471233],[115.02101213,34.93473359],[115.02116108,34.93529005],[115.02119234,34.93540683],[115.02126332,34.935672],[115.02126341,34.93567231],[115.0212644,34.93567602],[115.02156957,34.93563256],[115.02174042,34.93560823],[115.02175078,34.93560922],[115.0218251,34.93561635],[115.02189121,34.93562269],[115.02191538,34.93568865],[115.02192555,34.93571642],[115.02198969,34.9360716],[115.02213054,34.93686888],[115.02222067,34.9373804],[115.02222137,34.9373844],[115.02225787,34.93759154],[115.02227635,34.9376964],[115.02227937,34.93771453],[115.0223134,34.93791865],[115.02231428,34.93792388],[115.02246252,34.93881307],[115.0224712,34.93881186],[115.02260191,34.93879363],[115.02295334,34.93874462],[115.02296224,34.93875042],[115.02302802,34.93879329],[115.02304462,34.93885308],[115.0230563,34.93889512],[115.02315661,34.93942947],[115.02317439,34.9395242],[115.02317695,34.93953906],[115.02320667,34.93971151],[115.02326848,34.94007022],[115.02344132,34.94105174],[115.02356634,34.94176087],[115.0236649,34.94229384],[115.02366788,34.94230995],[115.02367487,34.94234776],[115.02369747,34.94246996],[115.02373454,34.94268547],[115.02381944,34.94317912],[115.02392192,34.94374112],[115.02404853,34.94443542],[115.02404917,34.9444389],[115.02412769,34.94443173],[115.02519781,34.94433856],[115.02521848,34.94433657],[115.02595817,34.94426536],[115.02602584,34.94425884],[115.02604884,34.94433873],[115.02608702,34.94447139],[115.0260959,34.94450224],[115.02617128,34.94488898],[115.0262438,34.94526106],[115.02636489,34.94591114],[115.02637562,34.94596876],[115.0264811,34.94592904],[115.02659552,34.94588594],[115.02681518,34.94580321],[115.02706057,34.94570866],[115.02712504,34.94568382],[115.02748423,34.94548279],[115.02806785,34.94515124],[115.02861572,34.94483691],[115.02914631,34.94453881],[115.02980643,34.94416345],[115.03074917,34.9436283],[115.03132057,34.94330784],[115.03173178,34.94307465],[115.03201542,34.94291379],[115.03207953,34.94287743],[115.03207822,34.94294489],[115.03204402,34.94470219],[115.03212065,34.94627255],[115.03212251,34.94631056],[115.03218594,34.94630929],[115.03317038,34.94628967],[115.03361738,34.94627148],[115.03443563,34.94623818],[115.0350133,34.94620916],[115.03556268,34.94618156],[115.03566068,34.94617664],[115.03565633,34.94625184],[115.03560962,34.94705902],[115.0355466,34.94842669],[115.03549722,34.94952012],[115.03549447,34.94958102],[115.03551942,34.94966287],[115.03558198,34.94986812],[115.03563038,34.9500269],[115.03568903,34.95022359],[115.03583244,34.95070455],[115.03588482,34.95088295],[115.03608302,34.951558],[115.03615474,34.95180226],[115.03618495,34.95190513],[115.03631299,34.95233663],[115.03675005,34.95380947],[115.03675968,34.95384495],[115.03699975,34.95472994],[115.03701128,34.95483301],[115.03701673,34.95488167],[115.03714659,34.95485511],[115.03777537,34.95472647],[115.03800098,34.95467615],[115.03849662,34.95456558],[115.03887622,34.9544809],[115.03887975,34.95448011],[115.03935402,34.95438191],[115.03995039,34.95425841],[115.04002151,34.95424369],[115.04011797,34.95421893],[115.04084658,34.95403198],[115.04101364,34.95398547],[115.04135801,34.9538896],[115.04141628,34.95387338],[115.04140562,34.95381268],[115.04133353,34.9534021],[115.04116685,34.95257261],[115.04114973,34.95246659],[115.04113195,34.95235656],[115.04112178,34.95229357],[115.04119858,34.95227507],[115.04145099,34.95221427],[115.04156737,34.95218624],[115.04264726,34.95195444],[115.04341314,34.95179699],[115.04357148,34.95176444],[115.04363799,34.95174995],[115.04378702,34.95171747],[115.04408306,34.95165297],[115.04414667,34.95163911],[115.04415375,34.95156528],[115.04416984,34.95139747],[115.04417201,34.95137489],[115.04465825,34.95126224],[115.0452149,34.95113328],[115.04579146,34.95099773],[115.04584578,34.95098496],[115.045831,34.9509288],[115.04578391,34.95074978],[115.04578447,34.95074965],[115.04601431,34.95069639],[115.04637646,34.95061248],[115.04689153,34.95049314],[115.04833649,34.95016651],[115.04854869,34.95011855],[115.04862662,34.95010093],[115.04860878,34.95002961],[115.04853504,34.94973477],[115.04875033,34.94969165],[115.04883545,34.9496746],[115.04881996,34.94960268],[115.04874362,34.94924819],[115.04865897,34.9488551],[115.04848814,34.94797917],[115.04846934,34.94788276],[115.04846535,34.94786597],[115.04843877,34.94775403],[115.04842175,34.94768233],[115.04851454,34.94766944],[115.04861799,34.94765507],[115.04904305,34.94759602],[115.04992318,34.94746665],[115.05016057,34.94743176],[115.05037867,34.94740089],[115.05072007,34.94735258],[115.05079428,34.94734208],[115.05078268,34.94726971],[115.05069749,34.94673782],[115.05049456,34.94576561],[115.05039132,34.94527098],[115.0503843,34.94523735],[115.05054455,34.94521128],[115.05130682,34.94508726],[115.05140804,34.94507079],[115.0514251,34.94514779],[115.05151753,34.94556499],[115.05159385,34.94590947],[115.05161407,34.94600076],[115.05171008,34.94598234],[115.05217769,34.94589263],[115.05248723,34.94583324],[115.05260555,34.94581054],[115.05258655,34.94573382],[115.05244249,34.94515198],[115.05227129,34.94447241],[115.05226639,34.94445268],[115.05215027,34.94398531],[115.05212217,34.9438722],[115.0521897,34.94386371],[115.05352036,34.94369625],[115.05360649,34.94368541],[115.05363,34.9437657],[115.05370617,34.94402585],[115.05388681,34.94464274],[115.0540903,34.94538474],[115.05430707,34.94616985],[115.05445261,34.94686835],[115.05445529,34.9468812],[115.0544725,34.94687876],[115.05613058,34.94664431],[115.05615122,34.94664139],[115.05614888,34.94663272],[115.05601807,34.94614847],[115.05600493,34.94609981],[115.05615413,34.94607617],[115.05682091,34.94597053],[115.05709685,34.94592681],[115.05759664,34.94584762],[115.05770503,34.94583045],[115.05771337,34.9458988],[115.05785032,34.94702186],[115.05785982,34.94709973],[115.05793467,34.94708897],[115.05814913,34.94705815],[115.05865596,34.94697414],[115.05914288,34.94689723],[115.05966182,34.94681527],[115.06026364,34.94672022],[115.06059109,34.9466685],[115.06060096,34.94666694],[115.060668,34.94665635],[115.06065113,34.94659562],[115.06054147,34.94620109],[115.06043528,34.94589357],[115.06025741,34.94533633],[115.06023497,34.94526603],[115.06035008,34.94524794],[115.0606071,34.94520752],[115.06066774,34.94519799],[115.06149883,34.9450673],[115.06202095,34.94496056],[115.06248232,34.94486623],[115.06255241,34.9448519],[115.06255548,34.94486747],[115.06255654,34.94487287],[115.06256828,34.94493241],[115.06311021,34.94768154],[115.06312666,34.94776501],[115.06321465,34.94775595],[115.06336901,34.94774005],[115.06345571,34.94773112],[115.06384977,34.94765182],[115.06393668,34.94763432],[115.06411508,34.94761754],[115.06701347,34.94734477],[115.06702656,34.94734354],[115.06710471,34.94733618],[115.06710276,34.94732524],[115.0671019,34.94732044],[115.0670912,34.94726048],[115.06709004,34.94725398],[115.06706319,34.94710367],[115.06681879,34.94573503],[115.06680828,34.94567617],[115.06680764,34.94567258],[115.06681161,34.94567216],[115.06688328,34.94566472],[115.06716268,34.94563568],[115.06825827,34.94552181],[115.06927194,34.94541644],[115.0698542,34.94535591],[115.07037406,34.94530187],[115.07090428,34.94522425],[115.07090506,34.94525126],[115.07091363,34.94554728],[115.07091498,34.94559389],[115.07100281,34.94559027],[115.0720282,34.94554796],[115.07436206,34.94543191],[115.0743997,34.94543523],[115.07440943,34.94543609],[115.0744763,34.94544198],[115.07451215,34.94548987],[115.07451889,34.94549887],[115.07452549,34.94550769],[115.07457415,34.94601309],[115.07460416,34.94632473],[115.07465697,34.94687097],[115.07468309,34.94714111],[115.07468879,34.94720009],[115.07476985,34.94719629],[115.07506347,34.94718252],[115.07530628,34.94717009],[115.07619215,34.94711756],[115.07620061,34.94711789],[115.07627192,34.94712068],[115.07629638,34.94718027],[115.07673013,34.94823702],[115.07715035,34.94925537],[115.0771736,34.94931171],[115.0771764,34.94931851],[115.077179,34.9493248],[115.07725094,34.94930946],[115.07739751,34.9492782],[115.07744491,34.9492681],[115.07813606,34.94917964],[115.07851613,34.949131],[115.07904281,34.94906359],[115.0818886,34.94867878],[115.08269449,34.9485698],[115.08270432,34.94856847],[115.0827744,34.94855899],[115.08276503,34.94851558],[115.08276215,34.94850225],[115.08245147,34.94706344],[115.08221069,34.94594837],[115.08219803,34.94588972],[115.0821968,34.94588402],[115.08219928,34.94588377],[115.08219941,34.94588376],[115.08227198,34.94587637],[115.08302992,34.9457992],[115.08323343,34.94574074],[115.08327367,34.94572919],[115.08414165,34.94560994],[115.084419,34.94556653],[115.08455931,34.94554457],[115.08462845,34.94553375],[115.08468826,34.9461646],[115.08468208,34.94659702],[115.08468075,34.94685724],[115.08480004,34.94730215],[115.0848499,34.94785946],[115.08486357,34.94801223],[115.08486893,34.94807214],[115.08486895,34.94807237],[115.08487431,34.94807213],[115.08487447,34.94807212],[115.08494795,34.94806882],[115.08504184,34.9480646],[115.08524503,34.94805547],[115.0852477,34.94805535],[115.08530013,34.94840901],[115.08544501,34.94938616],[115.08545379,34.94944542],[115.08545478,34.94945211],[115.08545548,34.94945682],[115.08553241,34.94944982],[115.08579457,34.94942594],[115.08639306,34.94937144],[115.08805997,34.94923331],[115.088148,34.94922841],[115.08855051,34.94920596],[115.0886294,34.94920156],[115.08862954,34.9492027],[115.0886302,34.94920827],[115.08863728,34.94926824],[115.08878639,34.95053048],[115.08879423,34.95059686],[115.08886306,34.95058469],[115.09083644,34.95023592],[115.0923255,34.94997272],[115.09245106,34.94995062],[115.09249052,34.94994368],[115.09251388,34.94993921],[115.09250369,34.94987237],[115.09230196,34.94854872],[115.09220847,34.9479353],[115.09219446,34.9478449],[115.09203799,34.9468353],[115.09190104,34.9459516],[115.09189179,34.9459105],[115.09187799,34.94584913],[115.0918648,34.94579051],[115.09187565,34.94578837],[115.09188318,34.94578689],[115.0919539,34.94577296],[115.0920306,34.94575785],[115.09203901,34.9457562],[115.09328689,34.94564933],[115.09423117,34.94556846],[115.09425495,34.94556847],[115.09439065,34.94556852],[115.09447073,34.94556856],[115.09447761,34.9456153],[115.09451572,34.9458745],[115.094566,34.94621648],[115.09457485,34.94627664],[115.09458023,34.94627908],[115.09458512,34.9462813],[115.09464971,34.94631058],[115.09486299,34.94640728],[115.09492385,34.94643487],[115.0949242,34.94643773],[115.09497367,34.94683727],[115.09497493,34.94684748],[115.09497537,34.94685103],[115.09585677,34.94671562],[115.09593234,34.94670401],[115.09593179,34.94670122],[115.09593039,34.94669424],[115.09591867,34.94663547],[115.09570477,34.94556266],[115.09554168,34.94484022],[115.09552789,34.94477911],[115.09554402,34.94478029],[115.09554422,34.94478031],[115.09554796,34.94478058],[115.09554815,34.9447806],[115.09554834,34.94478061],[115.09562237,34.94478603],[115.09567098,34.94478959],[115.09572174,34.94479331],[115.09745495,34.94453498],[115.09834038,34.94439012],[115.09843676,34.94437239],[115.09884949,34.94429648],[115.0989839,34.94432553],[115.09904763,34.94433931],[115.09903594,34.94427749],[115.09864845,34.94222782],[115.0986496,34.94222275],[115.09865112,34.9422161],[115.0986616,34.94216999],[115.09870172,34.94220512],[115.09969985,34.94307882],[115.09970714,34.9430852],[115.09975695,34.9431288],[115.09976229,34.94313348],[115.09976797,34.94313845],[115.09981937,34.94309427],[115.09982803,34.94308682],[115.09992519,34.94300332],[115.10072034,34.9423199],[115.10079279,34.94225763],[115.10086402,34.94219642],[115.10088661,34.94217817],[115.10174143,34.94148774],[115.10211691,34.94117837],[115.10214271,34.94115711],[115.10220336,34.94110713],[115.10278816,34.94062529],[115.10368758,34.93987393],[115.1037397,34.93983039],[115.10378698,34.93979089],[115.10374184,34.93973609],[115.10370507,34.93969146],[115.10367463,34.9396545],[115.10359146,34.93962266],[115.10350815,34.93959078],[115.10357232,34.93954275],[115.10339636,34.93942104],[115.10369082,34.93913382],[115.1037106,34.93911454],[115.1037674,34.93905472],[115.10377779,34.93905176],[115.10383196,34.93903634],[115.10377309,34.93898323],[115.10366837,34.93888876],[115.10366463,34.93888539],[115.10364974,34.93887196],[115.10416852,34.93822615],[115.10430097,34.93806126],[115.10434104,34.93801139],[115.10434187,34.93801036],[115.10434333,34.93801119],[115.10440337,34.93804525],[115.1046738,34.93819868],[115.10537475,34.93859635],[115.10544172,34.93863434],[115.1054964,34.93857161],[115.10555929,34.93849948],[115.10564188,34.93840475],[115.10541559,34.93624611],[115.10540881,34.93618141],[115.1053965,34.93612159],[115.10516809,34.93501143],[115.10505288,34.93445145],[115.10504043,34.93439093],[115.10503161,34.93432845],[115.10470696,34.93202863],[115.10470389,34.93202396],[115.10466352,34.9319624],[115.1046062,34.93196606],[115.10261683,34.93209309],[115.10202732,34.93213073],[115.10195516,34.93213534],[115.10194679,34.93213587],[115.10194549,34.93213595],[115.10187432,34.93213696],[115.10061574,34.93215471],[115.10054253,34.93215575],[115.10053842,34.93210308],[115.10041198,34.93048386],[115.10040753,34.93042695],[115.10049719,34.93043013],[115.10078766,34.93044042],[115.10190726,34.93048011],[115.10198042,34.9304827],[115.10198699,34.93048293],[115.10198713,34.93048294],[115.10200087,34.93048343],[115.10200112,34.93042372],[115.10200462,34.92956834],[115.10200491,34.92949784],[115.10200675,34.92944253],[115.10208915,34.92696911],[115.10209091,34.92691621],[115.10215997,34.92691731],[115.10314572,34.92693297],[115.10322743,34.92693427],[115.10323183,34.92686553],[115.10326688,34.92631813],[115.10329337,34.9259042],[115.10331735,34.9254366],[115.1034076,34.92367615],[115.1034077,34.92367426],[115.10344153,34.92326757],[115.1034699,34.92292647],[115.10347609,34.92285202],[115.10348404,34.92275651],[115.10350425,34.92251347],[115.10352896,34.92221646],[115.1035325,34.9221739],[115.10353367,34.92215976],[115.10354089,34.92215676],[115.10360396,34.92213061],[115.1037818,34.92205685],[115.10445196,34.92177891],[115.10552627,34.92133336],[115.10572985,34.92124892],[115.10576169,34.92122818],[115.10586611,34.92116014],[115.10592133,34.92112416],[115.1059219,34.92106293],[115.10592372,34.92086731],[115.10592426,34.92080886],[115.10591967,34.91999936],[115.1067817,34.91998263],[115.10685282,34.91998125],[115.10685399,34.91991447],[115.10685951,34.91959893],[115.10686474,34.91908959],[115.10686482,34.91908108],[115.10686491,34.91907257],[115.10687036,34.91854178],[115.10687189,34.91854159],[115.10715445,34.91850746],[115.1072475,34.91849622],[115.10731478,34.91848809],[115.10730861,34.91843273],[115.10724983,34.91790539],[115.1072044,34.91749793],[115.10712824,34.9168147],[115.10712453,34.91668866],[115.10706382,34.91617799],[115.1070288,34.91588333],[115.10701192,34.91575435],[115.10697247,34.9154529],[115.10695816,34.91534354],[115.10694157,34.91518016],[115.10690704,34.91484012],[115.10684443,34.91438729],[115.10684035,34.91435772],[115.10677028,34.91396937],[115.10676363,34.9139325],[115.10672338,34.91395241],[115.10605338,34.91428395],[115.10570101,34.91446703],[115.10527599,34.91468785],[115.10489957,34.91486015],[115.10486826,34.91487448],[115.10485733,34.91484284],[115.10483602,34.91478113],[115.10482855,34.9147595],[115.10482685,34.91475459],[115.10460586,34.91478865],[115.10460454,34.91478885],[115.10459281,34.91479066],[115.10456769,34.91459891],[115.10451296,34.91418116],[115.10446572,34.9138206],[115.10440816,34.91349586],[115.10439464,34.9134196],[115.10435945,34.91322108],[115.10427683,34.912731],[115.10422754,34.91231698],[115.10422632,34.91230677],[115.10421255,34.91219114],[115.10414525,34.91177661],[115.10412621,34.91165933],[115.10408261,34.911367],[115.10404961,34.91114569],[115.10403903,34.91108199],[115.10395999,34.91060607],[115.1038797,34.91005331],[115.10379294,34.90949016],[115.10376551,34.90929324],[115.10371231,34.9089113],[115.10365417,34.90855116],[115.1036522,34.90853892],[115.10381458,34.90851696],[115.1038211,34.90851608],[115.10382494,34.9086357],[115.10382654,34.90868573],[115.104966,34.9085814],[115.10528546,34.90854485],[115.10535196,34.90853724],[115.10570958,34.90849632],[115.10639013,34.90843792],[115.10660786,34.90841839],[115.10688325,34.9083937],[115.10707065,34.9083769],[115.10723697,34.90835823],[115.10777945,34.90829735],[115.10840934,34.908242],[115.10893698,34.90819564],[115.10896366,34.9081933],[115.10903923,34.90818666],[115.10912944,34.90817723],[115.10966897,34.90812087],[115.1103083,34.90806021],[115.11094762,34.90799954],[115.11118421,34.90798068],[115.11164842,34.90794365],[115.11172463,34.90793758],[115.11173259,34.90785649],[115.1117326,34.9078564],[115.11174544,34.90772572],[115.11175191,34.90765987],[115.11180655,34.90765491],[115.11292539,34.9075533],[115.11295407,34.90754611],[115.11302727,34.90752777],[115.11309332,34.90751122],[115.11309502,34.90746006],[115.11309745,34.90738724],[115.1129563,34.90655569],[115.11293408,34.9064261],[115.11288902,34.90615363],[115.11284886,34.90591086],[115.11283391,34.90582042],[115.11291913,34.90581146],[115.11325674,34.90577596],[115.11444194,34.90565134],[115.11467548,34.9056292],[115.11514066,34.90558509],[115.11604684,34.90549596],[115.11641204,34.90546004],[115.11736891,34.90536292],[115.11743809,34.9053559],[115.1175425,34.90534656],[115.11770345,34.90533215],[115.11807458,34.90529893],[115.1188862,34.90522628],[115.11907024,34.90520217],[115.11956383,34.90513751],[115.11963175,34.90512861],[115.11970107,34.90506327],[115.12000349,34.90477825],[115.12009468,34.90469231],[115.12080695,34.90393611],[115.12151934,34.90318936],[115.12160678,34.90309022],[115.12178692,34.90288597],[115.12183598,34.90283034],[115.1219137,34.90279503],[115.12221943,34.90265613],[115.1224017,34.90257333],[115.12350326,34.9020529],[115.12352773,34.90203631],[115.12366495,34.90194324],[115.12370779,34.90191418],[115.12376985,34.90185712],[115.12380807,34.90182197],[115.12381352,34.90181696],[115.12466205,34.90157762],[115.12484901,34.90152488],[115.12491029,34.9015076],[115.12496695,34.90149122],[115.12620495,34.9011334],[115.12622258,34.90113284],[115.12634697,34.9011289],[115.1266797,34.90093393],[115.12675374,34.90089054],[115.12673583,34.90081962],[115.12634694,34.89928008],[115.12632557,34.89920634],[115.126097,34.89841762],[115.12592551,34.89781933],[115.1259027,34.89773973],[115.12585411,34.8977512],[115.12561867,34.89780674],[115.12541994,34.89785362],[115.12534808,34.89787057],[115.12534789,34.89787061],[115.1253477,34.89787066],[115.1253475,34.89787071],[115.12534524,34.89787124],[115.12534505,34.89787129],[115.12534485,34.89787133],[115.12533682,34.89787323],[115.12531796,34.89780876],[115.12513716,34.89719078],[115.1249202,34.89647029],[115.12491042,34.89642415],[115.12485454,34.89616055],[115.1248299,34.89604433],[115.12482593,34.89602559],[115.12485354,34.89601601],[115.12496663,34.89597678],[115.12497214,34.89597487],[115.12479778,34.8953147],[115.12479378,34.89529953],[115.12477982,34.89524859],[115.12463965,34.89473702],[115.12462269,34.89467515],[115.12459397,34.89457035],[115.1245431,34.89437744],[115.12447729,34.89412793],[115.12445336,34.89403718],[115.1245105,34.89402631],[115.1252044,34.89389434],[115.12520957,34.89389336],[115.12525495,34.89388331],[115.12624207,34.89366478],[115.12634687,34.89363844],[115.12819365,34.8932295],[115.12851622,34.89315807],[115.12860558,34.89313828],[115.12862846,34.89320921],[115.12905075,34.89451785],[115.1292308,34.89507581],[115.12925244,34.89514285],[115.12927508,34.89521501],[115.12977096,34.89679486],[115.13059663,34.8994238],[115.13061876,34.89949427],[115.13069634,34.89945933],[115.13091695,34.89935998],[115.13104886,34.89930057],[115.13112513,34.89926622],[115.13117549,34.89933016],[115.13162862,34.89990543],[115.13167432,34.89996345],[115.13159475,34.89998065],[115.13005727,34.90031291],[115.1300628,34.90033853],[115.13016081,34.90079278],[115.13016233,34.90079986],[115.13017671,34.9008665],[115.13026877,34.90084932],[115.13170786,34.90058063],[115.13179413,34.90056453],[115.13180678,34.90063282],[115.13185888,34.90091415],[115.13227293,34.90314993],[115.1322897,34.90323536],[115.13238886,34.90374032],[115.13240725,34.90383399],[115.13242067,34.90390236],[115.13250825,34.9038818],[115.13278257,34.90381743],[115.13306397,34.90375513],[115.13451572,34.90343375],[115.13459765,34.90341562],[115.13461049,34.90348073],[115.13464566,34.90365902],[115.13479205,34.90462906],[115.13480396,34.90470795],[115.13489133,34.90470448],[115.13555559,34.90467816],[115.13611791,34.90465588],[115.13613177,34.90477193],[115.13613766,34.90482122],[115.13847053,34.9045454],[115.13864929,34.90452426],[115.13865612,34.9045242],[115.13869296,34.90452385],[115.13874537,34.90452336],[115.13875267,34.90452279],[115.13885008,34.90451519],[115.13885143,34.90451506],[115.13929465,34.90447507],[115.13929483,34.90447505],[115.13929501,34.90447503],[115.14011702,34.90441209],[115.14020626,34.90440525],[115.14021076,34.90447338],[115.14026779,34.90533674],[115.1402679,34.90533774],[115.14034593,34.90608261],[115.14035248,34.9061452],[115.14037035,34.90635033],[115.14037613,34.90641667],[115.14045919,34.90641958],[115.14387623,34.90653929],[115.14396156,34.90654228],[115.14395566,34.90646757],[115.14394034,34.90627375],[115.14368175,34.90331302],[115.14352504,34.90197346],[115.14355393,34.90159327],[115.14368469,34.90116991],[115.1437533,34.90094026],[115.14377666,34.90086209],[115.14385309,34.90084496],[115.14386617,34.90084203],[115.14484836,34.90078557],[115.14531585,34.9007587],[115.14574811,34.90073051],[115.14576515,34.90073106],[115.1458466,34.90073367],[115.14585518,34.90073394],[115.14592939,34.90072756],[115.14593887,34.90072674],[115.14625575,34.90069949],[115.14633313,34.90069284],[115.14761375,34.90061644],[115.14788174,34.90059995],[115.14854006,34.90055945],[115.14939901,34.90050534],[115.14954111,34.90049639],[115.14955633,34.90049321],[115.14964285,34.90047513],[115.14963858,34.90040353],[115.14963279,34.90030624],[115.14962754,34.90021804],[115.14961656,34.90003358],[115.14959691,34.89970345],[115.14956707,34.89934513],[115.14956137,34.8992767],[115.14947135,34.89928097],[115.14938126,34.89928525],[115.14891998,34.89932707],[115.14875903,34.89934166],[115.14868053,34.89934854],[115.14770474,34.89943406],[115.14671824,34.89952582],[115.14580585,34.89960888],[115.14579767,34.89960842],[115.14572215,34.89960418],[115.14571011,34.89953269],[115.14551768,34.89838944],[115.14550641,34.89832246],[115.14559339,34.89829635],[115.14559437,34.89829606],[115.14560037,34.89829425],[115.14818627,34.89808104],[115.14857573,34.89804989],[115.14916649,34.89800263],[115.14916627,34.89800112],[115.14915623,34.89792991],[115.1490872,34.89744059],[115.149078,34.89737538],[115.14898385,34.89738224],[115.14828356,34.89743321],[115.14819026,34.89744001],[115.14736174,34.89751697],[115.14603677,34.89764117],[115.14560417,34.89767667],[115.14551632,34.89768388],[115.14543609,34.89769047],[115.14542677,34.89761699],[115.14538993,34.89732625],[115.14528761,34.89651897],[115.14527585,34.89642619],[115.14525765,34.89629435],[115.14517537,34.89569837],[115.14517553,34.89569556],[115.1451795,34.89562406],[115.14508676,34.89564353],[115.14475921,34.89571232],[115.14463686,34.89573801],[115.14395781,34.89588536],[115.14359628,34.89596511],[115.14279068,34.89614279],[115.14278643,34.89614373],[115.14270159,34.89614175],[115.1426909,34.89607311],[115.14265779,34.89586052],[115.1426482,34.89579893],[115.14263171,34.89569303],[115.14260735,34.89551655],[115.14253125,34.8949652],[115.14242093,34.89422417],[115.14239429,34.89401183],[115.14238827,34.89396383],[115.14238165,34.89395636],[115.14237188,34.89394536],[115.14187089,34.89389687],[115.14187058,34.89389675],[115.14186662,34.89389515],[115.14179049,34.89386441],[115.14177264,34.89379425],[115.14176922,34.8937808],[115.14158407,34.89226353],[115.14156477,34.89210533],[115.14156125,34.8920765],[115.14141975,34.89091688],[115.14135506,34.89038063],[115.14133225,34.8901916],[115.14125146,34.8895737],[115.14124924,34.8895567],[115.14116575,34.88888723],[115.14109315,34.88830543],[115.1409705,34.88732497],[115.14045207,34.88746036],[115.1402711,34.88750762],[115.14019324,34.88752795],[115.14020212,34.88745964],[115.14020314,34.88745176],[115.14005792,34.88665033],[115.13993554,34.88597835],[115.13984019,34.88545477],[115.13982046,34.88534594],[115.13980928,34.88528431],[115.13954288,34.88381512],[115.13946955,34.88340125],[115.13936969,34.8828376],[115.13934028,34.88268627],[115.13926957,34.88232251],[115.13925459,34.88224546],[115.13916919,34.88224469],[115.13871145,34.88224057],[115.13858695,34.88223945],[115.13718312,34.88221461],[115.13702032,34.88221173],[115.13623531,34.88219929],[115.13621395,34.88219536],[115.13612688,34.88217936],[115.13604922,34.8821996],[115.13604404,34.88219991],[115.13591148,34.88220777],[115.13574499,34.88221765],[115.13507195,34.88225434],[115.13473058,34.88227267],[115.13434396,34.88229343],[115.13426529,34.88229765],[115.13419636,34.88230135],[115.13410078,34.88230648],[115.13384439,34.88231605],[115.13355058,34.88232701],[115.13345973,34.88233039],[115.13347562,34.88225716],[115.13347575,34.88225654],[115.13346624,34.88213096],[115.13340438,34.88131433],[115.13336398,34.88083566],[115.13332697,34.88037977],[115.13325675,34.87952118],[115.13322714,34.87915647],[115.13322065,34.87913119],[115.13320255,34.87913267],[115.1331162,34.87913976],[115.13297645,34.87915855],[115.13281229,34.87918061],[115.13272314,34.87918754],[115.1326768,34.87919114],[115.13258654,34.87919814],[115.13258087,34.87912666],[115.13258019,34.87911805],[115.13251601,34.87830801]]]}},{"type":"Feature","properties":{"adcode":"410225108","name":"仪封镇","type":"镇","county_code":"410225","county_name":"兰考县","source_codes":["410225210"],"geometry_method":"沿用原边界","area_km2":96.7306},"geometry":{"type":"Polygon","coordinates":[[[114.92717761,34.74902072],[114.9271776,34.7490135],[114.9271776,34.74900552],[114.92710299,34.74892898],[114.92709108,34.74891676],[114.9270762,34.74890149],[114.92618041,34.74895799],[114.9261777,34.74895816],[114.92616465,34.74895898],[114.92591236,34.74897489],[114.92589226,34.74897616],[114.92587478,34.74897726],[114.92531776,34.74901239],[114.92523207,34.74901779],[114.92441561,34.74906927],[114.92439006,34.74850727],[114.92373122,34.74846594],[114.92355414,34.74809225],[114.92354584,34.74807473],[114.92353824,34.7480587],[114.9233762,34.74771675],[114.92256798,34.74776918],[114.92208393,34.74780059],[114.91990482,34.74805132],[114.9188659,34.74803094],[114.91875308,34.7480066],[114.91838442,34.74792706],[114.91802966,34.74790639],[114.91802799,34.74790737],[114.91785232,34.74801054],[114.91777916,34.74808918],[114.91751178,34.74837661],[114.91653506,34.74942652],[114.91596624,34.75001098],[114.9154204,34.75057181],[114.91540386,34.75086601],[114.9151966,34.75455323],[114.91519484,34.75458455],[114.91519341,34.75461002],[114.91479192,34.7545802],[114.91402922,34.75452354],[114.91240579,34.75440293],[114.91189895,34.7543823],[114.91182714,34.75440444],[114.91169623,34.75444482],[114.91162024,34.75459055],[114.91161962,34.75461259],[114.9115951,34.75548561],[114.91093622,34.75552748],[114.91080958,34.75583975],[114.91017402,34.75587639],[114.90980928,34.75589742],[114.90930328,34.75592659],[114.90863019,34.75596539],[114.90856229,34.75609293],[114.90845286,34.7562985],[114.90771798,34.75656934],[114.90771808,34.75657156],[114.90771819,34.75657391],[114.90771832,34.75657687],[114.90776887,34.75771416],[114.90755687,34.75773383],[114.90754383,34.75773504],[114.90751268,34.75773793],[114.90626673,34.75785355],[114.90394218,34.75806923],[114.90389133,34.75684114],[114.90363422,34.75684584],[114.90294693,34.75685841],[114.90041942,34.75690458],[114.90025588,34.7566211],[114.9001913,34.75650915],[114.89953652,34.7565726],[114.89932966,34.75659264],[114.89932967,34.7566684],[114.89932967,34.75668736],[114.89932967,34.7566976],[114.89932968,34.75677905],[114.89932973,34.75738362],[114.89856435,34.75746877],[114.89855547,34.75746976],[114.89850115,34.7574758],[114.89848785,34.75747728],[114.89770381,34.75756451],[114.8965167,34.75769656],[114.89650156,34.75775874],[114.89649612,34.75778109],[114.89649472,34.75778685],[114.89646602,34.75790472],[114.89636467,34.75846676],[114.89626331,34.75859168],[114.89600644,34.75861987],[114.89599689,34.75862092],[114.89599338,34.7586213],[114.89588316,34.7586334],[114.89532561,34.75867516],[114.89509753,34.75882092],[114.89461572,34.75887049],[114.89448929,34.7588835],[114.89370365,34.75888368],[114.89337419,34.75900864],[114.89335818,34.75902931],[114.89335104,34.75903852],[114.8932742,34.75913772],[114.89319679,34.75923765],[114.8929687,34.75967482],[114.89284198,34.75986219],[114.89279819,34.75989617],[114.89272512,34.75995286],[114.89259356,34.76005493],[114.8923858,34.76021614],[114.89177754,34.76071584],[114.8916895,34.7607954],[114.89152411,34.76094486],[114.891474,34.76123631],[114.89144978,34.7621732],[114.89114594,34.76219411],[114.89108247,34.76219413],[114.89105187,34.76219414],[114.8908674,34.7621942],[114.89081542,34.76214678],[114.89076594,34.76210166],[114.89063923,34.76198608],[114.89053789,34.76194447],[114.89043631,34.7619445],[114.89036063,34.76194452],[114.89028479,34.76204864],[114.89028864,34.76210069],[114.89038786,34.76344347],[114.89034642,34.76344802],[114.88926286,34.76356714],[114.88924848,34.76356872],[114.88901971,34.7636122],[114.88882449,34.7636493],[114.88866408,34.76367979],[114.88863283,34.76368573],[114.88859025,34.76369382],[114.88859091,34.76370866],[114.88859832,34.76387449],[114.88861891,34.76433515],[114.88869446,34.7660255],[114.8888475,34.76689985],[114.88897525,34.76779502],[114.88906063,34.76927602],[114.88915649,34.77093861],[114.88857404,34.7709596],[114.88857139,34.77113416],[114.88856939,34.77126573],[114.88852727,34.77404079],[114.88827411,34.77412414],[114.88812221,34.77416582],[114.88805683,34.77423761],[114.88804634,34.77424912],[114.88799595,34.77445732],[114.88815213,34.77780911],[114.88786219,34.77784705],[114.88756188,34.77788635],[114.88752399,34.77789131],[114.88741159,34.77790602],[114.88731189,34.77791906],[114.8873024,34.7779203],[114.88726404,34.77792532],[114.88565805,34.77813547],[114.88384716,34.7783724],[114.88384965,34.77863828],[114.88387625,34.78147441],[114.88374971,34.78155772],[114.8834167,34.78158822],[114.88341151,34.78158869],[114.88340329,34.78158945],[114.88283798,34.78164122],[114.88276206,34.78163804],[114.88185012,34.78159983],[114.88218036,34.78197577],[114.88218699,34.78198332],[114.88220074,34.78199897],[114.88218289,34.78213611],[114.88215712,34.78247572],[114.88211666,34.78281544],[114.88208722,34.78315508],[114.88205774,34.78349169],[114.88199732,34.78399754],[114.88197006,34.78422573],[114.88194838,34.78460471],[114.88191929,34.78497768],[114.88188267,34.78533253],[114.88187165,34.7856781],[114.88184585,34.78636017],[114.88180871,34.78666652],[114.88177153,34.78696985],[114.88173435,34.78727318],[114.88170444,34.78751726],[114.88169718,34.78757651],[114.88166,34.78787984],[114.88162269,34.78817105],[114.88158538,34.78846225],[114.88154808,34.78875346],[114.88151077,34.78904467],[114.88144237,34.78952097],[114.88141234,34.78972988],[114.88137739,34.78997299],[114.88134108,34.79035814],[114.88130477,34.79074329],[114.88126833,34.79111632],[114.8812009,34.79168071],[114.88090994,34.79383889],[114.88086978,34.79413679],[114.88075703,34.7949922],[114.88068072,34.79551419],[114.88067186,34.79557482],[114.88058863,34.79557417],[114.88053575,34.79557375],[114.88020596,34.79557115],[114.87937233,34.79556457],[114.87893462,34.79523151],[114.87830444,34.79475199],[114.87823929,34.79470241],[114.87813807,34.79472785],[114.87758101,34.79486784],[114.87749532,34.79488937],[114.8763577,34.79517526],[114.87635504,34.79514404],[114.87635413,34.79513345],[114.87458762,34.79554714],[114.87447173,34.79557427],[114.87440221,34.79559056],[114.87439818,34.7955915],[114.8743979,34.79559156],[114.87439869,34.79559404],[114.87441723,34.79565153],[114.87459752,34.79621055],[114.87459941,34.79621641],[114.87479122,34.79681115],[114.87476008,34.79682241],[114.87504565,34.79767741],[114.87512939,34.79787742],[114.87515295,34.7979337],[114.87515428,34.79793687],[114.87515099,34.79793802],[114.87508456,34.79796119],[114.8702269,34.79965594],[114.86988025,34.79977687],[114.86981362,34.79980011],[114.86981053,34.79980119],[114.86980981,34.79979892],[114.86979153,34.79974135],[114.86897918,34.79718319],[114.86876438,34.79650674],[114.86874609,34.79644914],[114.86874529,34.79644661],[114.86874046,34.79644753],[114.86867004,34.79646082],[114.86689604,34.79679565],[114.86690493,34.79718349],[114.8669063,34.79724301],[114.86690637,34.79724602],[114.86690275,34.79724638],[114.86685667,34.797251],[114.86683109,34.79725356],[114.86677282,34.79725939],[114.86668286,34.7972684],[114.86632957,34.79730377],[114.86613913,34.79732284],[114.86565774,34.79737104],[114.86505982,34.7974309],[114.86498824,34.79743807],[114.86498444,34.79743845],[114.86498497,34.79744188],[114.86498538,34.79744454],[114.86499405,34.79750092],[114.86505133,34.79787315],[114.86514391,34.79839643],[114.86522455,34.79885221],[114.86539888,34.79983757],[114.86548646,34.80033257],[114.86557322,34.80082294],[114.86562188,34.80109798],[114.86565774,34.80130064],[114.86574756,34.80180831],[114.8657697,34.80193343],[114.86582901,34.80226871],[114.86587297,34.80251715],[114.8659219,34.80279368],[114.86594426,34.80292009],[114.86600029,34.80323675],[114.86612115,34.80391981],[114.86616647,34.80417592],[114.86617157,34.80420474],[114.866177,34.80423542],[114.8661777,34.80423942],[114.86617772,34.80424109],[114.8661784,34.8043011],[114.86618086,34.80451918],[114.86618703,34.80506498],[114.8661877,34.80512462],[114.86618757,34.80512469],[114.86618592,34.80512551],[114.86618574,34.8051256],[114.86618557,34.80512569],[114.86618539,34.80512578],[114.86617157,34.80513267],[114.8661214,34.80515771],[114.86601109,34.80521276],[114.86600029,34.80521815],[114.86595337,34.80524156],[114.86578119,34.80532748],[114.86565774,34.80538909],[114.86558242,34.80542668],[114.86549911,34.80546825],[114.86531518,34.80556003],[114.86522982,34.80560263],[114.86521702,34.80560902],[114.86519326,34.80562087],[114.86514391,34.8056455],[114.86493493,34.80574978],[114.86480135,34.80581644],[114.86465284,34.80589055],[114.86454972,34.80594201],[114.8644874,34.80597311],[114.86448431,34.80597465],[114.86448461,34.80597627],[114.86449564,34.80603515],[114.86454765,34.80631285],[114.86463008,34.80675301],[114.86470582,34.80715745],[114.86471461,34.80720437],[114.86489035,34.80814282],[114.86490453,34.80821851],[114.86491558,34.8082775],[114.86491629,34.80828134],[114.86491045,34.80828208],[114.86489862,34.80828359],[114.86483915,34.80829115],[114.86431827,34.80835741],[114.86430264,34.8083594],[114.8643618,34.80870589],[114.86443114,34.80911205],[114.8644588,34.80927404],[114.86448228,34.80941158],[114.86455407,34.80983202],[114.86460258,34.81011616],[114.86460318,34.81011969],[114.86462235,34.81023197],[114.86463008,34.81027723],[114.86463323,34.81029569],[114.86464125,34.81034266],[114.86464566,34.81036848],[114.8647223,34.81081739],[114.8647545,34.81100595],[114.86480135,34.81128037],[114.86480657,34.81131091],[114.86481664,34.81136987],[114.86481728,34.81137364],[114.86482074,34.81137378],[114.86489277,34.81137687],[114.86497647,34.81138046],[114.86507462,34.81138466],[114.86632533,34.81143825],[114.86634284,34.811439],[114.86639736,34.81144133],[114.8664015,34.81144151],[114.86640226,34.81144497],[114.86641514,34.81150351],[114.86641904,34.81152122],[114.86651412,34.8119533],[114.8666049,34.81236582],[114.8666854,34.81273165],[114.86672971,34.81293303],[114.86675978,34.81306966],[114.86678488,34.81318372],[114.86679776,34.81324225],[114.86679859,34.81324604],[114.86680306,34.81324585],[114.8668751,34.81324294],[114.86752906,34.81321653],[114.86768014,34.81321042],[114.86897047,34.81315829],[114.86904265,34.81315538],[114.86904877,34.81315513],[114.86905103,34.81315484],[114.86908327,34.81315076],[114.86912238,34.8131458],[114.86946809,34.81310197],[114.86953952,34.81309291],[114.86954441,34.81309229],[114.8695454,34.81309666],[114.86955868,34.81315518],[114.8695971,34.81332451],[114.86963893,34.81350883],[114.86966704,34.81363273],[114.86976838,34.81407934],[114.86981296,34.81427581],[114.86985868,34.81447733],[114.86993965,34.81483417],[114.86996632,34.81495169],[114.87001839,34.81518116],[114.87007236,34.81541903],[114.87008227,34.81546269],[114.87008563,34.81547751],[114.87008681,34.81548272],[114.87008285,34.81548309],[114.87001065,34.81548984],[114.8695971,34.81552853],[114.86938278,34.81554858],[114.86942582,34.81580491],[114.86948896,34.81618095],[114.86951017,34.8163073],[114.8695971,34.81682501],[114.86962026,34.81696292],[114.86963017,34.81702197],[114.86963063,34.8170247],[114.86962527,34.81702445],[114.86955312,34.81702114],[114.8693352,34.81701113],[114.86908132,34.81699947],[114.86788433,34.8169445],[114.86777058,34.81693927],[114.86771306,34.81693663],[114.86769833,34.81693596],[114.86769544,34.81693582],[114.86769574,34.81693795],[114.86770411,34.81699712],[114.86771306,34.81706035],[114.8677769,34.81751177],[114.86780564,34.81771496],[114.86780594,34.81771706],[114.86788433,34.81827128],[114.86796493,34.8188411],[114.86805561,34.81948217],[114.86814413,34.820108],[114.86817014,34.8202919],[114.86822689,34.82069305],[114.86828447,34.82110014],[114.86830342,34.82123414],[114.86839816,34.82190393],[114.86841378,34.82201435],[114.86842215,34.82207351],[114.8684228,34.82207808],[114.86842605,34.82207795],[114.86849829,34.82207511],[114.87011093,34.82201167],[114.87026682,34.82200554],[114.87028221,34.82200493],[114.8703389,34.8220027],[114.87034228,34.82200257],[114.87034338,34.82200562],[114.87036409,34.82206271],[114.8703699,34.82207874],[114.87037914,34.82210422],[114.87045348,34.8223092],[114.87049235,34.82241636],[114.87052306,34.82250104],[114.87058669,34.82267649],[114.87062476,34.82278146],[114.87067163,34.82291069],[114.8706781,34.82292854],[114.87072727,34.8230641],[114.87074721,34.82311911],[114.87076789,34.82317613],[114.87076883,34.82317871],[114.87077365,34.82317791],[114.87084445,34.82316605],[114.8735066,34.82272027],[114.87391354,34.82265212],[114.87416661,34.82265041],[114.87516748,34.82264363],[114.87523967,34.82264314],[114.8752451,34.8226431],[114.87524828,34.82264303],[114.87532043,34.82264125],[114.87635448,34.82261576],[114.87910235,34.82244661],[114.88106219,34.82231741],[114.88280263,34.82223544],[114.88286355,34.82223258],[114.88429311,34.82211128],[114.88688801,34.82151717],[114.88881099,34.82101589],[114.88993922,34.82062867],[114.89139368,34.82005633],[114.89254514,34.81958323],[114.89259206,34.81952559],[114.89260295,34.81951222],[114.89260773,34.81950634],[114.892612,34.8195011],[114.8926828,34.81941413],[114.8926848,34.81941168],[114.89280757,34.81926088],[114.8928458,34.81921391],[114.89296238,34.81907072],[114.89301461,34.81900656],[114.89329043,34.81866775],[114.89342828,34.81849842],[114.89342969,34.81786902],[114.89341285,34.81786562],[114.89261833,34.81770538],[114.89259698,34.81770108],[114.89239355,34.81766005],[114.89228762,34.81730902],[114.89220557,34.81703712],[114.89222499,34.81703296],[114.89235793,34.81700452],[114.89239932,34.81699566],[114.89240201,34.81699508],[114.89340631,34.81678019],[114.89370438,34.81671641],[114.89379983,34.81669598],[114.89381694,34.81669232],[114.89385425,34.81668387],[114.89385603,34.81670177],[114.89386273,34.81676773],[114.89391577,34.81729021],[114.89394924,34.81728624],[114.89464823,34.81720325],[114.89465321,34.81725238],[114.89466697,34.81738807],[114.89469614,34.81767566],[114.89477737,34.81847645],[114.89477844,34.818487],[114.89484587,34.81915178],[114.89519713,34.81912038],[114.90095092,34.81860578],[114.90239265,34.8184768],[114.90247017,34.81846986],[114.90247723,34.81851793],[114.90250435,34.81870264],[114.90254187,34.81895828],[114.90266678,34.81980913],[114.90267738,34.81988134],[114.90268695,34.81994739],[114.90277195,34.82053426],[114.90279027,34.82071008],[114.90271494,34.82083719],[114.90270164,34.82085962],[114.90270437,34.82110927],[114.90270733,34.82138068],[114.90276641,34.82303767],[114.9028019,34.82403287],[114.90279805,34.82407167],[114.90279223,34.8241303],[114.90277233,34.82433086],[114.90280824,34.82480755],[114.9028299,34.82509517],[114.90282634,34.82627275],[114.90281997,34.82629271],[114.90281949,34.82629422],[114.90280253,34.82634737],[114.90280206,34.82667726],[114.90280192,34.8267686],[114.90273332,34.82677273],[114.9024575,34.82678935],[114.90192448,34.82682145],[114.90175624,34.82683158],[114.90149511,34.82686359],[114.90128539,34.82688929],[114.90093029,34.82693281],[114.90021091,34.82702097],[114.89988607,34.82706078],[114.89979132,34.82707239],[114.89961891,34.82709352],[114.89961606,34.82709386],[114.89972384,34.82790365],[114.89972408,34.82790545],[114.89972458,34.82790923],[114.89978676,34.82837645],[114.89978995,34.82840038],[114.89979646,34.82844932],[114.89983016,34.82870256],[114.90029024,34.83215919],[114.90030188,34.83224668],[114.90021723,34.83225122],[114.89979796,34.83227369],[114.89982736,34.83272301],[114.89983186,34.83287724],[114.8999855,34.83286583],[114.9000478,34.83286194],[114.90010594,34.83285808],[114.90008218,34.83335191],[114.90112241,34.83335197],[114.90112339,34.83335197],[114.90113574,34.8339046],[114.90114136,34.83415604],[114.90114136,34.83415642],[114.90011605,34.83420058],[114.90014851,34.83475635],[114.90020898,34.83579193],[114.90021827,34.835951],[114.900229,34.83595084],[114.90103069,34.83593883],[114.90110302,34.83593774],[114.90110776,34.83593767],[114.90110768,34.83594241],[114.90110665,34.83600192],[114.90109224,34.83683699],[114.90108299,34.83745009],[114.90108157,34.83754438],[114.90108137,34.83755721],[114.9010958,34.83789599],[114.90111071,34.83824626],[114.90114006,34.83893531],[114.90114938,34.83921968],[114.90115247,34.83931405],[114.90115311,34.83933348],[114.90115507,34.83939313],[114.90115521,34.83939756],[114.90116079,34.83939737],[114.90123303,34.83939482],[114.90125386,34.83939409],[114.9013886,34.83938934],[114.90224262,34.83935923],[114.90282059,34.83934414],[114.90289276,34.83934226],[114.90289484,34.83934221],[114.90289532,34.83934602],[114.90290291,34.83940564],[114.90290556,34.83942648],[114.90292841,34.8396062],[114.90421237,34.84040828],[114.90426994,34.84044425],[114.90427359,34.84044652],[114.90427375,34.84045052],[114.90427625,34.84051003],[114.90431446,34.84142196],[114.9043494,34.84208805],[114.90434993,34.84209811],[114.90436722,34.84242776],[114.90436892,34.84246016],[114.9043854,34.84277426],[114.9043861,34.84278287],[114.90439979,34.84294904],[114.90439759,34.84299847],[114.9043901,34.8431667],[114.90438742,34.84322702],[114.90438722,34.84323146],[114.90438733,34.84323242],[114.90438734,34.84323252],[114.90439423,34.8432928],[114.90442868,34.84359437],[114.9044793,34.84451474],[114.90448392,34.84459488],[114.90450449,34.84495095],[114.90450795,34.84501079],[114.90450814,34.8450141],[114.90451459,34.8450137],[114.90458655,34.84500926],[114.90617745,34.84491105],[114.90665266,34.84488467],[114.90665657,34.84488445],[114.90672857,34.84488045],[114.90673164,34.84488028],[114.90673184,34.8448835],[114.90673551,34.84494304],[114.90673554,34.84494356],[114.9067444,34.84508728],[114.9068122,34.84618713],[114.90688379,34.84741052],[114.90688388,34.84741207],[114.90688736,34.84747156],[114.90688756,34.84747495],[114.90689208,34.84747698],[114.90695543,34.84750548],[114.90697205,34.84751296],[114.90773106,34.84785439],[114.90779474,34.84788304],[114.90779786,34.84788444],[114.90780344,34.84788382],[114.90787508,34.84787581],[114.90810361,34.84785025],[114.90897557,34.84775272],[114.90922261,34.8477266],[114.91002249,34.84764203],[114.91023901,34.84761429],[114.91110966,34.84750273],[114.91124276,34.84749157],[114.91168576,34.8474544],[114.91211943,34.84741802],[114.91255949,34.84737546],[114.9131571,34.84731765],[114.91324971,34.84730598],[114.91426151,34.84717846],[114.91433285,34.84716947],[114.91433737,34.8471689],[114.91434147,34.84716841],[114.91434809,34.84716762],[114.9144129,34.84715986],[114.91506597,34.84708168],[114.91618512,34.8469477],[114.9165789,34.84690616],[114.91662869,34.84690091],[114.91720606,34.84683999],[114.91723514,34.84683693],[114.91737243,34.84682069],[114.91785724,34.84676336],[114.91826367,34.8467153],[114.91830371,34.84671057],[114.91832625,34.84670825],[114.91875748,34.846664],[114.91890997,34.84664835],[114.91893801,34.84664547],[114.91900965,34.84663812],[114.91901402,34.84663767],[114.91901365,34.84663357],[114.91900887,34.84658013],[114.91900834,34.84657425],[114.91890375,34.84540723],[114.91884945,34.84473123],[114.91882014,34.84441269],[114.91881231,34.84432764],[114.91878559,34.8440373],[114.91877323,34.84390301],[114.91872173,34.84334337],[114.91869219,34.84264918],[114.91868136,34.84251308],[114.91865896,34.84223145],[114.91858342,34.84128175],[114.91853384,34.84076887],[114.91851955,34.84062112],[114.91851381,34.84056176],[114.91851357,34.84055925],[114.9185169,34.84055915],[114.91858916,34.84055704],[114.91924837,34.8405378],[114.91938593,34.84053378],[114.91971067,34.8405243],[114.92056802,34.84049927],[114.92112336,34.84052557],[114.92123433,34.84053083],[114.92148697,34.84054279],[114.92153853,34.84054523],[114.92155917,34.84054621],[114.92156457,34.84054647],[114.92156414,34.84054187],[114.92155852,34.84048247],[114.92153506,34.84023429],[114.9215337,34.84021987],[114.92152603,34.84013876],[114.92145946,34.83986911],[114.92141998,34.83970923],[114.92140564,34.83958935],[114.92135127,34.83913489],[114.92123939,34.83853198],[114.92113023,34.83782307],[114.92109638,34.83766101],[114.92107263,34.83754732],[114.92105818,34.83721172],[114.92105688,34.83718133],[114.92100536,34.83701828],[114.92094392,34.83682382],[114.92092572,34.83676622],[114.92092422,34.83676146],[114.92092792,34.83676115],[114.921,34.83675498],[114.92219992,34.83665242],[114.92238063,34.83664409],[114.92251824,34.83663774],[114.92253045,34.83663718],[114.92260261,34.83663385],[114.92260473,34.83663375],[114.92261116,34.83663276],[114.92268213,34.83662183],[114.92269163,34.83662037],[114.92380777,34.83644853],[114.92408644,34.83640563],[114.92442004,34.83635426],[114.92456042,34.83633265],[114.92512366,34.83624174],[114.92565728,34.83615561],[114.92580579,34.83613163],[114.92587669,34.83612019],[114.9258819,34.83611935],[114.92588506,34.8361189],[114.92595628,34.83610872],[114.92669458,34.83600325],[114.92763202,34.83586932],[114.92769617,34.83585839],[114.92810613,34.83578853],[114.9282304,34.83576735],[114.92910259,34.83561871],[114.92927022,34.83559014],[114.92950316,34.83555044],[114.92950484,34.83555016],[114.92957398,34.83553837],[114.92957652,34.83553794],[114.92958222,34.83553695],[114.92965296,34.8355247],[114.92967604,34.83552071],[114.93041783,34.83539227],[114.93045799,34.83538532],[114.9305072,34.83538002],[114.93053517,34.835377],[114.93118556,34.83530695],[114.93138525,34.83528544],[114.93174166,34.83524704],[114.93306199,34.83510188],[114.93308608,34.83509923],[114.93313367,34.835094],[114.93313877,34.83509344],[114.93313917,34.83509589],[114.9331488,34.83515495],[114.93315113,34.83516922],[114.93330861,34.8361348],[114.9334142,34.83678217],[114.93344092,34.83700974],[114.93344943,34.83708224],[114.93346154,34.83715291],[114.93379082,34.83907416],[114.93379238,34.83908326],[114.93380247,34.83914217],[114.93380314,34.83914607],[114.93380715,34.83914571],[114.9338719,34.83913993],[114.93387889,34.83913931],[114.93419257,34.83911132],[114.93480745,34.83905645],[114.93520548,34.83902094],[114.93578764,34.83896898],[114.93585021,34.8389634],[114.93671736,34.83888601],[114.9374962,34.83882729],[114.93756237,34.8388223],[114.93760857,34.83881882],[114.93885258,34.83872695],[114.93932728,34.83869074],[114.94040008,34.83860455],[114.94114942,34.83854435],[114.94156356,34.83851107],[114.94164531,34.8385045],[114.94165963,34.8385819],[114.94213417,34.8411485],[114.94230896,34.84209384],[114.94232259,34.84216755],[114.94241002,34.8421585],[114.9435799,34.84203736],[114.94514121,34.84187566],[114.94520695,34.84186886],[114.94527923,34.84186137],[114.94603677,34.84178291],[114.94612756,34.8417735],[114.94612063,34.84170514],[114.94608995,34.8414024],[114.94608306,34.84133444],[114.94617396,34.84132715],[114.94704667,34.8412572],[114.94801968,34.8411792],[114.94816622,34.84116746],[114.94890649,34.84110811],[114.94955244,34.84105632],[114.95013976,34.84100923],[114.95022029,34.84100277],[114.95023506,34.84107743],[114.95044098,34.84211819],[114.95045499,34.84218899],[114.95054506,34.84218056],[114.95117031,34.84212208],[114.95332931,34.84192011],[114.95341647,34.84191196],[114.95343159,34.84198163],[114.95349033,34.84225233],[114.95361073,34.84280718],[114.95361482,34.84282604],[114.95388023,34.8443561],[114.95396947,34.8448757],[114.95397754,34.84492267],[114.95404303,34.84530396],[114.95412241,34.84576618],[114.95443461,34.8480138],[114.95444441,34.84808436],[114.9545347,34.84807683],[114.95543799,34.84800157],[114.95648235,34.84791455],[114.95734088,34.84780688],[114.95871099,34.84767493],[114.95879511,34.84766683],[114.95888389,34.84765702],[114.9599216,34.84754232],[114.96097417,34.84742598],[114.96106363,34.84741609],[114.96114763,34.84740763],[114.9616784,34.84735418],[114.96176915,34.84734505],[114.96176105,34.84726797],[114.96173873,34.84705545],[114.96152383,34.84571471],[114.96149614,34.84554195],[114.96143897,34.84518528],[114.96131674,34.84445275],[114.96126677,34.84415324],[114.96126812,34.84415285],[114.96127491,34.84415093],[114.96128086,34.84414924],[114.96138014,34.84413487],[114.96146615,34.84412242],[114.96145515,34.84404734],[114.96144298,34.84396433],[114.96139383,34.84362904],[114.96138226,34.84355016],[114.96131711,34.84317218],[114.960885,34.84066527],[114.96087187,34.84058911],[114.9609564,34.84056929],[114.96136535,34.84047341],[114.96136496,34.84047131],[114.96135829,34.8404349],[114.96101139,34.83890449],[114.96075761,34.83746233],[114.96074614,34.83739713],[114.96082502,34.8373581],[114.96087631,34.83733272],[114.96087872,34.83733153],[114.9612764,34.8372746],[114.96239354,34.83711468],[114.96247673,34.83710277],[114.96256636,34.83709323],[114.96301348,34.83704565],[114.96310006,34.83703644],[114.96311914,34.83710338],[114.9632602,34.83759838],[114.96339199,34.83806086],[114.96341432,34.83813921],[114.96350403,34.83812638],[114.96374907,34.83809132],[114.96373487,34.83798775],[114.96370984,34.83780518],[114.96370041,34.83773636],[114.96378207,34.83772353],[114.96447045,34.83761536],[114.96526416,34.83749063],[114.96534631,34.83747772],[114.96537722,34.83754682],[114.9654866,34.83779135],[114.96552592,34.83787924],[114.96566196,34.83785845],[114.96606158,34.83779739],[114.96614775,34.83778423],[114.96617704,34.83785101],[114.96633067,34.8382012],[114.96633414,34.8382091],[114.96636633,34.83828249],[114.96645192,34.83826743],[114.96680944,34.83820454],[114.96719682,34.8381364],[114.9682093,34.83795828],[114.96829852,34.83794258],[114.96831294,34.8380111],[114.96841815,34.83851093],[114.9684337,34.83858478],[114.96852062,34.83857134],[114.96871207,34.83854174],[114.96970063,34.83838889],[114.96978939,34.83837516],[114.96981382,34.83844639],[114.970256,34.83973576],[114.9702814,34.83980983],[114.97037297,34.83979694],[114.97127379,34.83967007],[114.97198894,34.83956934],[114.97206136,34.83955855],[114.97210736,34.83955169],[114.9722704,34.83952861],[114.97337539,34.83937219],[114.97397003,34.83929132],[114.97405535,34.83927971],[114.97407619,34.83934988],[114.97425922,34.83996624],[114.97461042,34.84114886],[114.97463141,34.84121954],[114.97471595,34.8412025],[114.97502754,34.84113972],[114.97647699,34.84084765],[114.97666355,34.84081005],[114.97674701,34.84079323],[114.97683239,34.84077274],[114.97743342,34.84062848],[114.97767514,34.84057047],[114.97800986,34.84049013],[114.97849418,34.84037387],[114.97857479,34.84035453],[114.97866168,34.84033264],[114.97909099,34.84022449],[114.97910102,34.84022197],[114.97910539,34.84022087],[114.97918235,34.84012244],[114.97987132,34.83999199],[114.98029022,34.83991268],[114.98037414,34.83989679],[114.9803966,34.83996422],[114.98067359,34.84079572],[114.98079754,34.8411678],[114.98082208,34.84124145],[114.98090758,34.84122535],[114.98158515,34.84109781],[114.98167138,34.84108157],[114.98169504,34.84115142],[114.98173541,34.84127057],[114.9817363,34.84127322],[114.98203212,34.84230619],[114.98231493,34.84329763],[114.98234308,34.8433963],[114.98261787,34.84435094],[114.98263885,34.84442383],[114.98269317,34.84461253],[114.98289094,34.84531172],[114.98299832,34.84569133],[114.98303509,34.84582133],[114.98304938,34.84587183],[114.98305642,34.84589673],[114.9831122,34.84583562],[114.98376401,34.84512157],[114.98473805,34.84406164],[114.98568913,34.84301858],[114.98615278,34.84251153],[114.98620301,34.8424566],[114.98625971,34.84239816],[114.98728251,34.84134409],[114.9876418,34.84097381],[114.98779497,34.84081595],[114.9894947,34.8390293],[114.98974987,34.83876107],[114.98980171,34.83870657],[114.98985872,34.8386483],[114.99006136,34.83844117],[114.99175499,34.8367099],[114.99180757,34.83665616],[114.99186493,34.83659792],[114.99422216,34.83420476],[114.99426376,34.83415357],[114.99437692,34.8340333],[114.9950202,34.83334957],[114.9969157,34.83139431],[114.99766967,34.83064331],[114.99769497,34.83061811],[114.99765458,34.8306167],[114.99753156,34.83061241],[114.99701977,34.83059459],[114.99582972,34.83060432],[114.99486147,34.83061223],[114.9912532,34.83055452],[114.98903232,34.83048795],[114.98812194,34.83046066],[114.98798202,34.83045646],[114.98797833,34.83042544],[114.98796903,34.8303474],[114.98796146,34.83028385],[114.98767396,34.82787005],[114.98780998,34.8272375],[114.98793136,34.826673],[114.98799649,34.82645608],[114.98804749,34.82628619],[114.98800596,34.82555799],[114.98795986,34.82474969],[114.98789392,34.82359362],[114.98789223,34.82356404],[114.98804501,34.82355613],[114.99154282,34.82337498],[114.99194682,34.82335405],[114.99211945,34.82334511],[114.99213995,34.82334405],[114.99129798,34.82102559],[114.99113851,34.82058647],[114.99098437,34.82016201],[114.99020969,34.81802868],[114.98948799,34.81556342],[114.98942274,34.81534054],[114.98940323,34.81527386],[114.98939925,34.81526027],[114.98866407,34.81530152],[114.98828289,34.8153229],[114.98825077,34.8153247],[114.98812082,34.81532653],[114.98767589,34.81533277],[114.98664788,34.81534719],[114.98528145,34.8154266],[114.98441036,34.81547723],[114.98433732,34.81548147],[114.98426287,34.81548159],[114.98350406,34.81548281],[114.98154452,34.81557033],[114.98127814,34.81558222],[114.98099461,34.81559488],[114.97991921,34.81564379],[114.97973833,34.81565498],[114.97860377,34.81572517],[114.97847779,34.81573296],[114.97842913,34.81573207],[114.97818468,34.81572759],[114.97677425,34.81570173],[114.97662006,34.8156989],[114.97400466,34.8157979],[114.97357061,34.81582008],[114.97277324,34.81586088],[114.97145087,34.81592849],[114.96910282,34.81603903],[114.96738887,34.81610316],[114.9664517,34.81615101],[114.96640933,34.81615318],[114.96641228,34.81622703],[114.96646962,34.81766175],[114.96648206,34.81797293],[114.96647798,34.81801016],[114.96652478,34.81854166],[114.96654023,34.81868238],[114.96660472,34.81926967],[114.96659681,34.81950023],[114.96658286,34.8199069],[114.96662674,34.8199328],[114.96664097,34.8199412],[114.96665556,34.82028349],[114.96666286,34.82045494],[114.96668344,34.82093787],[114.9666955,34.82122099],[114.96673828,34.82173868],[114.96677944,34.82223686],[114.96682288,34.82276779],[114.96684024,34.82297992],[114.96685606,34.82317337],[114.96690338,34.8238501],[114.9669012,34.82389967],[114.96689916,34.82394578],[114.96688701,34.82422168],[114.96688396,34.8242908],[114.9668588,34.82429298],[114.96621953,34.82434846],[114.96621961,34.82434895],[114.96631234,34.82492958],[114.96631433,34.82494203],[114.96625061,34.82498293],[114.96579151,34.82527762],[114.96541181,34.82552133],[114.96540454,34.8255244],[114.96486199,34.8257533],[114.96451043,34.82590162],[114.96437121,34.82596035],[114.96428491,34.82599677],[114.96424023,34.82533242],[114.9642592,34.82528509],[114.96433161,34.82510434],[114.96435449,34.82504723],[114.96429614,34.82505884],[114.96424467,34.82506907],[114.96404637,34.8251085],[114.9632465,34.82511954],[114.96297164,34.82512431],[114.9624895,34.82513269],[114.96234608,34.82515929],[114.96227232,34.82517298],[114.96219195,34.82518789],[114.96219382,34.82524004],[114.96220105,34.82544128],[114.96222695,34.82616232],[114.96225849,34.8270405],[114.96225888,34.82705136],[114.96204569,34.82704701],[114.9618972,34.82704398],[114.96096027,34.82708033],[114.95961814,34.82713238],[114.95875266,34.82714807],[114.95686894,34.82718218],[114.95574205,34.82721215],[114.95498502,34.82715783],[114.95491562,34.82715285],[114.95491096,34.82708582],[114.95483731,34.82602691],[114.95483291,34.82596363],[114.95482892,34.82590632],[114.95475284,34.82590281],[114.95423549,34.82587892],[114.95366496,34.82585207],[114.95251303,34.82579786],[114.95149059,34.82576719],[114.95033954,34.82573266],[114.9490896,34.82568482],[114.9487391,34.82567119],[114.94819081,34.82564988],[114.94764775,34.82562877],[114.94744376,34.82562084],[114.94713555,34.82560902],[114.9469274,34.82560104],[114.94676335,34.82559029],[114.94586713,34.82553787],[114.94569307,34.82546772],[114.9456185,34.82543768],[114.94552411,34.82545098],[114.94541623,34.82546619],[114.94535334,34.82547505],[114.94523036,34.82548067],[114.94516312,34.82548374],[114.94496199,34.82549293],[114.94370592,34.82544884],[114.9434897,34.82544125],[114.94257577,34.82541492],[114.94249789,34.825413],[114.94248764,34.82541274],[114.9424618,34.8254055],[114.94244891,34.82540189],[114.94239256,34.8253984],[114.94239148,34.82539833],[114.9412219,34.82535745],[114.94075146,34.82534101],[114.93943382,34.82530051],[114.93936378,34.82529835],[114.93936757,34.8253509],[114.93940657,34.82589189],[114.93941938,34.82606951],[114.93942559,34.82615569],[114.93934437,34.82615702],[114.93885238,34.82616506],[114.93871798,34.82616383],[114.93785646,34.82615597],[114.93716328,34.82615819],[114.93696287,34.82615883],[114.93631163,34.82616092],[114.93616136,34.8261614],[114.93559148,34.82616322],[114.9346891,34.8261661],[114.93458098,34.82616645],[114.93459597,34.82607863],[114.93459672,34.82607422],[114.93463511,34.82584929],[114.93463825,34.82583091],[114.93463016,34.82567466],[114.93462978,34.82566672],[114.93459031,34.8248489],[114.93457001,34.82442813],[114.93456925,34.82441241],[114.93455762,34.82417131],[114.93455467,34.82411035],[114.93452156,34.82363097],[114.9344842,34.82309],[114.93448219,34.82307305],[114.93441709,34.82252433],[114.93440787,34.8224466],[114.93431643,34.82245431],[114.9340786,34.82247437],[114.93353702,34.82252004],[114.93255601,34.82260275],[114.93193215,34.82265535],[114.9311851,34.82271833],[114.93045083,34.82278023],[114.92942239,34.82286692],[114.92931613,34.82287587],[114.9293082,34.82280181],[114.92924975,34.82225569],[114.92924706,34.82223057],[114.92933586,34.82222204],[114.9318515,34.82198047],[114.9318567,34.82197997],[114.93434067,34.82175588],[114.93465998,34.82172706],[114.935495,34.82163823],[114.93566843,34.82161979],[114.93571636,34.82161469],[114.9361293,34.82159103],[114.93659733,34.82154943],[114.93709608,34.82150759],[114.93713212,34.82150579],[114.93739545,34.82149262],[114.93783438,34.82144091],[114.9379707,34.82142485],[114.93837737,34.82139004],[114.93840661,34.82138654],[114.93848896,34.82137668],[114.93849193,34.82137633],[114.93849157,34.82136204],[114.93848946,34.82127936],[114.93847221,34.82060389],[114.93842804,34.81887454],[114.9384094,34.8181446],[114.93840848,34.81810832],[114.93840835,34.81810358],[114.93885226,34.81807987],[114.93896313,34.81807655],[114.93906855,34.8180734],[114.93906017,34.81801067],[114.93902423,34.81774135],[114.93900782,34.81761837],[114.93900623,34.81713195],[114.93900607,34.81708079],[114.93897385,34.81615637],[114.93895096,34.81563908],[114.93893295,34.81523202],[114.93886593,34.81431971],[114.93885221,34.8141328],[114.9388522,34.8141327],[114.93885219,34.81413259],[114.93882108,34.81370913],[114.93877386,34.81319275],[114.93878706,34.81269808],[114.93880821,34.81190524],[114.93874832,34.80938914],[114.93872688,34.80879888],[114.93871998,34.80868155],[114.93871669,34.80862572],[114.93879305,34.80861826],[114.93885213,34.80861249],[114.9396737,34.80852067],[114.94009982,34.80847227],[114.94035064,34.80844377],[114.94148769,34.80832747],[114.94189834,34.80828996],[114.94251637,34.8082335],[114.94270267,34.80820842],[114.94298086,34.80817097],[114.94308736,34.80815663],[114.94307262,34.80824337],[114.94304686,34.80839488],[114.94304197,34.80842365],[114.94303599,34.80845886],[114.94303622,34.80846917],[114.94304499,34.80886736],[114.94306056,34.80961531],[114.94306416,34.8097883],[114.9430678,34.80982689],[114.94315806,34.81078392],[114.94321806,34.81179644],[114.94322032,34.81183454],[114.9433081,34.81184296],[114.94345118,34.8118567],[114.9442218,34.81181485],[114.9446183,34.81182594],[114.94471765,34.81182872],[114.94478768,34.81183068],[114.9447986,34.81178085],[114.94480786,34.81173858],[114.94481001,34.81172875],[114.94478507,34.81127558],[114.94477688,34.81113636],[114.94475291,34.81072857],[114.944736,34.81044098],[114.94471125,34.80986025],[114.9446982,34.80955411],[114.9446896,34.80943923],[114.94465379,34.80896115],[114.94464913,34.808899],[114.94474823,34.80889699],[114.94508249,34.80889022],[114.94517821,34.80888828],[114.94598709,34.80884612],[114.94607791,34.80884146],[114.94786711,34.80874968],[114.94793536,34.80874618],[114.94961882,34.80865805],[114.95144374,34.80858267],[114.95146849,34.80858165],[114.95148191,34.80858089],[114.95185633,34.80855967],[114.95273695,34.80850977],[114.95359414,34.80843457],[114.95411566,34.80839787],[114.95413702,34.80839096],[114.9542228,34.80836324],[114.95425357,34.80835329],[114.95435663,34.80831998],[114.95436019,34.80831883],[114.95443133,34.80829583],[114.95446958,34.80828347],[114.95440424,34.8081206],[114.95440209,34.80811523],[114.95430639,34.80752527],[114.95425195,34.80713529],[114.95419335,34.80671547],[114.95402825,34.80567387],[114.95400073,34.80540108],[114.95399833,34.80537731],[114.95398262,34.80522157],[114.95397673,34.80516313],[114.95403327,34.8051511],[114.95460358,34.80502977],[114.95467305,34.80501603],[114.95539688,34.80487282],[114.95723983,34.80452023],[114.95886535,34.80420769],[114.95920593,34.8041422],[114.95950363,34.80408458],[114.96036837,34.80391721],[114.96037321,34.80391628],[114.96035723,34.80384192],[114.96033163,34.80372278],[114.96030168,34.80358336],[114.9602934,34.80354483],[114.96029156,34.80353625],[114.96036614,34.80351553],[114.96039835,34.80350658],[114.96044785,34.80349283],[114.96046643,34.80348956],[114.96074646,34.80344034],[114.96076008,34.80343794],[114.96076141,34.80343771],[114.96076327,34.80343738],[114.96246267,34.80315629],[114.96349993,34.8029847],[114.96357403,34.80297244],[114.96355767,34.80290029],[114.96348315,34.80257161],[114.96347313,34.80252743],[114.96337721,34.80210436],[114.9633624,34.80203903],[114.9634414,34.80203072],[114.96387831,34.80198475],[114.96387182,34.80194574],[114.96380282,34.8015312],[114.96378942,34.80145072],[114.96387588,34.80144176],[114.96596673,34.80122525],[114.96607645,34.80121389],[114.96606853,34.80115938],[114.96598781,34.80060424],[114.96597828,34.800605],[114.9648042,34.8006993],[114.96471943,34.8007061],[114.96470931,34.8006346],[114.96455646,34.79955509],[114.96454528,34.7994762],[114.96464583,34.79946396],[114.96790141,34.79906777],[114.96833417,34.79904211],[114.96858444,34.79902727],[114.96870001,34.79902041],[114.96870311,34.79906991],[114.96874081,34.79967291],[114.96875471,34.79989536],[114.96876006,34.7999808],[114.96885253,34.79997077],[114.97118797,34.79971719],[114.97126519,34.7997088],[114.97127877,34.79977803],[114.97142574,34.80052701],[114.97148293,34.80081845],[114.97149947,34.80090275],[114.97139693,34.80091076],[114.97054011,34.8009777],[114.97051081,34.80097999],[114.97041328,34.80098761],[114.97042802,34.80106221],[114.97050392,34.80144633],[114.97050644,34.80144614],[114.97222632,34.80132193],[114.97260754,34.8013042],[114.97280904,34.80129483],[114.97380787,34.80124836],[114.97529572,34.80117914],[114.97585587,34.80108838],[114.97638953,34.8010019],[114.9764672,34.80098932],[114.97646815,34.8010421],[114.97646821,34.80104556],[114.97647109,34.80120559],[114.97647371,34.80135172],[114.97647577,34.80146609],[114.97647584,34.80146983],[114.97648164,34.8014694],[114.97658679,34.80146159],[114.97802152,34.80135496],[114.97894474,34.80128635],[114.9789872,34.80128319],[114.97900651,34.80139012],[114.97903014,34.80152089],[114.97916488,34.80226664],[114.97917465,34.80232077],[114.97917495,34.80232244],[114.97943058,34.80373728],[114.97944743,34.80383055],[114.9795215,34.80381764],[114.9798584,34.80375891],[114.98017622,34.80372846],[114.98081827,34.80366695],[114.98112987,34.8036369],[114.98117234,34.8036328],[114.98109142,34.8029346],[114.98108287,34.80286081],[114.98117395,34.80287335],[114.98464912,34.80335172],[114.98596964,34.80369751],[114.9860659,34.80372271],[114.98616011,34.80374738],[114.98623803,34.80374091],[114.98945658,34.80347328],[114.98976964,34.80344725],[114.9898505,34.80344052],[114.98993098,34.80346218],[114.99279394,34.80423231],[114.99300983,34.80429038],[114.99309049,34.80431208],[114.9931096,34.8043711],[114.99314291,34.80447393],[114.99324976,34.80480383],[114.99317547,34.80516193],[114.99304083,34.80581092],[114.9930406,34.80581203],[114.99306346,34.80596126],[114.99336259,34.80727706],[114.99340839,34.80728264],[114.99343454,34.80728583],[114.993822,34.80952032],[114.99383059,34.80956985],[114.99384001,34.80962414],[114.99374647,34.80963721],[114.99333023,34.80969541],[114.99296915,34.80974086],[114.99172983,34.80989685],[114.99018432,34.81007834],[114.98892969,34.81021522],[114.98809917,34.81034871],[114.98805783,34.81035535],[114.98806077,34.81037329],[114.98818325,34.81111818],[114.9882659,34.81153126],[114.98834459,34.81179196],[114.98835604,34.81182988],[114.98845808,34.8118277],[114.98875574,34.81182135],[114.9889399,34.81181741],[114.98995416,34.811719],[114.99097048,34.8116171],[114.99130978,34.81158445],[114.99197424,34.8115205],[114.99234178,34.8114748],[114.99274477,34.81142469],[114.99292939,34.81140173],[114.99363285,34.81133505],[114.99391006,34.81130877],[114.99411161,34.81129287],[114.99481741,34.8112372],[114.99560278,34.81116142],[114.99628515,34.81108821],[114.99678275,34.81103386],[114.99711293,34.81097179],[114.99718191,34.81095882],[114.99724453,34.81094705],[114.99722242,34.81088116],[114.99701817,34.81027257],[114.99689332,34.80989431],[114.99676574,34.80950773],[114.99662664,34.80908624],[114.9966017,34.80901067],[114.99673585,34.80898198],[114.99702517,34.8089201],[114.99735819,34.80884887],[114.99822141,34.80867867],[114.99910929,34.80850417],[115.00034178,34.80823794],[115.00134998,34.80802015],[115.00160466,34.80912053],[115.0017621,34.80980075],[115.00177855,34.80987182],[115.0018645,34.80985403],[115.00214734,34.80979548],[115.00262505,34.80966348],[115.00352715,34.80945558],[115.00789119,34.8084268],[115.00797482,34.80840708],[115.00797549,34.80833494],[115.00797571,34.80831201],[115.00794423,34.80791534],[115.00793236,34.80773739],[115.00792185,34.80757962],[115.00789991,34.80732954],[115.00789808,34.80730874],[115.00788358,34.80712432],[115.0078815,34.80709828],[115.00787356,34.80699895],[115.00786929,34.80694406],[115.00786522,34.80689176],[115.00785749,34.80679083],[115.00784789,34.8066698],[115.00784362,34.8066203],[115.0078378,34.8065528],[115.00782949,34.80644875],[115.00782114,34.80634201],[115.00781341,34.80624063],[115.00780565,34.80613701],[115.00779993,34.80606805],[115.00779676,34.80602983],[115.00778903,34.8059289],[115.00778016,34.80582306],[115.00776485,34.80563371],[115.00775146,34.80546802],[115.00769603,34.80477219],[115.0076763,34.80452448],[115.00767175,34.80446903],[115.00766593,34.80439808],[115.00757875,34.80440337],[115.00747375,34.80440975],[115.00734449,34.8044176],[115.00681293,34.80444612],[115.00676832,34.8044477],[115.00667851,34.80445088],[115.00666622,34.8043805],[115.00665606,34.80432227],[115.0065872,34.80392026],[115.00651126,34.80348386],[115.00650467,34.80344599],[115.00649223,34.8033724],[115.00635484,34.80255981],[115.00633004,34.80241315],[115.0062585,34.80199],[115.00625581,34.80198281],[115.00623016,34.80191441],[115.00631668,34.80189829],[115.00632735,34.8018963],[115.00633776,34.80189436],[115.00647968,34.80187998],[115.00674303,34.80185331],[115.00719755,34.80180432],[115.00775798,34.80174692],[115.00831658,34.80168952],[115.0085766,34.80166351],[115.00889162,34.80163199],[115.00948489,34.80156978],[115.01007635,34.80150909],[115.01066049,34.80144846],[115.01091985,34.8014209],[115.01123002,34.80138795],[115.01129011,34.8013819],[115.01151916,34.80135885],[115.01181783,34.80132879],[115.01241841,34.8012665],[115.01289427,34.80121645],[115.01300984,34.80120429],[115.0130461,34.80119714],[115.01313054,34.80118049],[115.01312823,34.8011087],[115.013128,34.80110128],[115.01312701,34.80107063],[115.0130898,34.80079684],[115.01306274,34.80059772],[115.01301292,34.8001841],[115.01300578,34.80012475],[115.01299759,34.80006191],[115.01294929,34.79969098],[115.01294825,34.79966858],[115.01294783,34.79965971],[115.01294445,34.79958756],[115.0130285,34.7995726],[115.01307787,34.79956381],[115.01308116,34.79956323],[115.01387656,34.79944202],[115.01406061,34.79941622],[115.01414761,34.79940402],[115.01413466,34.79933674],[115.01409188,34.79911455],[115.01407247,34.79899313],[115.0140127,34.79861915],[115.01400413,34.798551],[115.01397858,34.79834793],[115.01396933,34.79827444],[115.01405615,34.79826406],[115.01416634,34.79825088],[115.0141745,34.7982499],[115.01470023,34.79819728],[115.01524058,34.79814453],[115.01576085,34.79809345],[115.01596166,34.79807411],[115.01629208,34.79804228],[115.01682512,34.79798958],[115.01736364,34.79793684],[115.01761393,34.79791139],[115.01791309,34.79788098],[115.01845891,34.79782817],[115.01900105,34.79777238],[115.01956511,34.79771639],[115.01994174,34.79768214],[115.02013106,34.79766492],[115.02054574,34.79762265],[115.0206951,34.79760742],[115.02107902,34.79757012],[115.02125553,34.79755297],[115.02142867,34.79753567],[115.02183237,34.79749536],[115.02204106,34.79747535],[115.02241836,34.79743918],[115.02246948,34.79743315],[115.02259721,34.79741808],[115.02261091,34.79741263],[115.02268927,34.79738151],[115.0226755,34.79731007],[115.02263484,34.79709913],[115.02262362,34.79704091],[115.02254317,34.79659377],[115.02241182,34.79587265],[115.02227435,34.79510031],[115.022143,34.79437918],[115.02195863,34.79335996],[115.02192894,34.7931785],[115.02192003,34.79312402],[115.02190809,34.79305108],[115.02199282,34.79303549],[115.02201854,34.79303076],[115.02219459,34.79301959],[115.02221028,34.7930186],[115.02224814,34.79301544],[115.0223817,34.79310251],[115.02269826,34.7930731],[115.02520593,34.79284009],[115.02524031,34.79283689],[115.02523081,34.79270119],[115.02522133,34.79256563],[115.02521771,34.79251386],[115.02521285,34.79226875],[115.02520797,34.7920224],[115.02520434,34.79197063],[115.02518726,34.79172711],[115.02518418,34.79168331],[115.02516538,34.79148865],[115.02505052,34.79029938],[115.02504381,34.79022991],[115.02514229,34.79022425],[115.02859175,34.7900259],[115.02863668,34.79002331],[115.02902819,34.79000079],[115.02909534,34.78999693],[115.02909422,34.79007089],[115.02908849,34.79045],[115.0305214,34.79045179],[115.03061786,34.79045191],[115.03061333,34.79038142],[115.03044819,34.78780974],[115.0305031,34.78775373],[115.03050507,34.78775173],[115.03055479,34.78770101],[115.03056422,34.78761221],[115.03057086,34.78754973],[115.03058058,34.78754939],[115.0331386,34.78746058],[115.03323771,34.78745714],[115.03443194,34.78741566],[115.03450676,34.78741306],[115.03450799,34.78740755],[115.03450947,34.78740099],[115.03452265,34.78734227],[115.03531312,34.78382048],[115.03548629,34.78304894],[115.03549568,34.78301397],[115.03587515,34.78160112],[115.03589036,34.78154449],[115.03591282,34.78147899],[115.03609862,34.78093716],[115.03618789,34.78067684],[115.03614988,34.78050416],[115.03614392,34.78047708],[115.03612405,34.78038679],[115.03579558,34.77889435],[115.03572189,34.77855956],[115.03570756,34.77849445],[115.03569437,34.77843713],[115.03537195,34.77703663],[115.03520669,34.77631876],[115.03519283,34.77625859],[115.03513498,34.77621029],[115.03478091,34.7759147],[115.03422137,34.77590106],[115.03417146,34.77589985],[115.03266888,34.77586323],[115.02818456,34.77571206],[115.02814452,34.77571198],[115.02813511,34.77571196],[115.02813157,34.77571196],[115.02805793,34.77571182],[115.02766375,34.77571109],[115.02743276,34.77556775],[115.02728882,34.77535312],[115.02729006,34.77498962],[115.02729044,34.77487792],[115.02729058,34.77483863],[115.02729272,34.77420988],[115.02720641,34.77406681],[115.02700387,34.77406643],[115.02680588,34.77406606],[115.0266856,34.77406583],[115.02648323,34.77401782],[115.02638952,34.77395253],[115.02636372,34.77393455],[115.0263615,34.773933],[115.0259348,34.7736357],[115.0250686,34.77311008],[115.02446157,34.77294221],[115.02436031,34.77293738],[115.0243524,34.77293701],[115.02435217,34.772937],[115.02394085,34.7729174],[115.02385946,34.77293956],[115.02385397,34.77294105],[115.02379641,34.7730258],[115.02378221,34.7730467],[115.02370856,34.77315514],[115.0234766,34.7732976],[115.02327407,34.77329722],[115.02315866,34.77320173],[115.02321231,34.77179647],[115.02321366,34.77176115],[115.02321755,34.77165938],[115.02321922,34.77161562],[115.02322231,34.7715346],[115.02320001,34.77153456],[115.02317896,34.77153452],[115.02316968,34.7715345],[115.02223859,34.77153272],[115.02222926,34.77128071],[115.0222281,34.77124929],[115.02221112,34.77079037],[115.0221857,34.77010355],[115.02193111,34.77007601],[115.02192628,34.77007549],[115.02190625,34.77007332],[115.02128913,34.77000656],[115.02117323,34.77005397],[115.02114339,34.77031591],[115.02102661,34.77167594],[115.02102394,34.77170692],[115.0210239,34.77170739],[115.02102274,34.77172093],[115.02096354,34.7721019],[115.02084765,34.77214932],[115.02069,34.7721667],[115.02068954,34.77216675],[115.02065184,34.77217091],[115.02046433,34.77219159],[115.02021087,34.77221954],[115.01986358,34.77224269],[115.01974752,34.77233774],[115.01971733,34.77269495],[115.01973726,34.77343703],[115.01974177,34.77360468],[115.01974267,34.77363828],[115.0197429,34.77364709],[115.01976851,34.77460048],[115.01976743,34.77491011],[115.01956472,34.77495735],[115.0194489,34.77498094],[115.01945124,34.77431405],[115.01936494,34.77417097],[115.01928067,34.77417081],[115.01926587,34.77417078],[115.01924921,34.77417075],[115.01914892,34.77427338],[115.01902831,34.7743968],[115.01901706,34.77440858],[115.01869051,34.77459131],[115.01846606,34.77471704],[115.01817605,34.77490702],[115.01762571,34.77507268],[115.01710397,34.77533366],[115.01705638,34.77537562],[115.01705225,34.77537926],[115.01701603,34.7754112],[115.01672664,34.77566637],[115.01643696,34.77576107],[115.0163945,34.77576972],[115.01639377,34.77576987],[115.01638439,34.77577178],[115.01620531,34.77580826],[115.01607332,34.77581272],[115.01605037,34.7758135],[115.01591292,34.77581815],[115.01590306,34.77581848],[115.01579068,34.77582228],[115.01578859,34.77582235],[115.01577601,34.77582278],[115.01553973,34.77583077],[115.01555616,34.77618514],[115.01560113,34.77715498],[115.01560427,34.77722279],[115.01562036,34.77756964],[115.01558076,34.77756956],[115.01556831,34.77756953],[115.01530207,34.77756901],[115.01521152,34.77623537],[115.01519209,34.77594917],[115.01500555,34.77594881],[115.01487381,34.77594855],[115.01488741,34.77615815],[115.01489478,34.77627171],[115.01498353,34.77763984],[115.01469409,34.77766309],[115.01461886,34.77630042],[115.01461255,34.77618621],[115.01441561,34.77620383],[115.01441041,34.77620429],[115.01437384,34.77620757],[115.01435205,34.77620951],[115.0143648,34.77635945],[115.0144838,34.77775948],[115.01448604,34.77778586],[115.01448732,34.77780088],[115.0144913,34.77784768],[115.01449472,34.77788796],[115.01454644,34.77849642],[115.0139999,34.77846722],[115.01399969,34.77846721],[115.01362068,34.77844696],[115.01357203,34.77781848],[115.01354386,34.77745445],[115.01346436,34.77642734],[115.01345474,34.77630301],[115.01261529,34.77639662],[115.01257747,34.77600927],[115.01255055,34.77573355],[115.01253156,34.775539],[115.01243613,34.77554137],[115.00986932,34.77560513],[115.0098953,34.77497171],[115.00989807,34.77490396],[115.0099328,34.77405708],[115.00983408,34.77405688],[115.00787848,34.77405293],[115.00788103,34.77335507],[115.00788686,34.77175768],[115.00788709,34.77169495],[115.00767492,34.77170355],[115.0070106,34.77173048],[115.00685868,34.77173664],[115.00675839,34.7717407],[115.00674222,34.77174136],[115.00673327,34.77174172],[115.0062087,34.77176298],[115.00622194,34.77365902],[115.00622198,34.77366427],[115.00622235,34.77371799],[115.00622766,34.77447829],[115.00569683,34.77453677],[115.00568591,34.77453797],[115.00554991,34.77455295],[115.00495403,34.77461859],[115.00496106,34.77499262],[115.0049625,34.7750688],[115.00496318,34.77510513],[115.004966,34.77525501],[115.00497822,34.77590482],[115.00437041,34.77595121],[115.00426947,34.77530457],[115.00426281,34.77526189],[115.00422908,34.77504583],[115.00399028,34.77504533],[115.0036545,34.77504464],[115.00312957,34.77504356],[115.00284075,34.77490005],[115.00275413,34.77485223],[115.00191512,34.77482667],[115.00171417,34.77439753],[115.00134958,34.77426938],[115.00077131,34.77406612],[115.00076933,34.77406543],[115.00076928,34.77406541],[115.00069927,34.7740408],[114.99970402,34.77375857],[114.99968324,34.77267748],[114.99968294,34.77266186],[114.99967682,34.77234327],[114.9990939,34.77236473],[114.99908627,34.7718139],[114.99908597,34.77179205],[114.99907447,34.7709622],[114.99907427,34.77094787],[114.9990736,34.77089957],[114.99906593,34.77034584],[114.99830551,34.77028423],[114.99815143,34.76872337],[114.99812192,34.76772631],[114.99811084,34.767352],[114.99811081,34.76735107],[114.99810955,34.76730843],[114.99810946,34.76730535],[114.99805695,34.76553146],[114.99801115,34.76398415],[114.99801081,34.76397244],[114.998009,34.76391154],[114.997966,34.76245866],[114.99743382,34.76245924],[114.99737937,34.76218063],[114.9973769,34.76216795],[114.99737394,34.76215282],[114.99715323,34.76102339],[114.99656441,34.76034794],[114.99642007,34.76018237],[114.99624939,34.75998657],[114.99623798,34.75997348],[114.99574134,34.75940375],[114.99571789,34.75937686],[114.99537678,34.75898554],[114.99299508,34.75930023],[114.99298607,34.75927566],[114.99298217,34.75926501],[114.99291881,34.75909218],[114.99413782,34.75891825],[114.99415075,34.75891641],[114.99424299,34.75890325],[114.99426414,34.75890023],[114.99512311,34.75877767],[114.99509883,34.75870485],[114.99509473,34.75869257],[114.9950919,34.75868408],[114.9950468,34.7585488],[114.99411499,34.75860942],[114.99309569,34.75867572],[114.99308326,34.75833525],[114.99308296,34.75832704],[114.99308234,34.75831002],[114.99304327,34.75723962],[114.99279926,34.75723152],[114.99243506,34.75721944],[114.99240284,34.75799564],[114.99239316,34.75822897],[114.99239216,34.75825294],[114.9923896,34.75831448],[114.99238806,34.75835166],[114.99238581,34.75840587],[114.99167646,34.75857311],[114.99160339,34.75840561],[114.99160046,34.75839889],[114.99157846,34.75834846],[114.99156563,34.75831904],[114.99154941,34.75828185],[114.99053978,34.75846249],[114.99053801,34.7584627],[114.99040957,34.75848566],[114.98917295,34.75870677],[114.98916925,34.75870743],[114.98822514,34.75887623],[114.9881544,34.75888887],[114.98813468,34.75874835],[114.988041,34.75808074],[114.9878594,34.75678644],[114.98785192,34.75673313],[114.98784903,34.75671253],[114.98784779,34.75670372],[114.98759036,34.7567172],[114.98733212,34.75673071],[114.9871858,34.75673836],[114.98718568,34.75673837],[114.98703694,34.75674615],[114.98708495,34.75811935],[114.98708535,34.75813098],[114.98708906,34.75823716],[114.98711056,34.75885213],[114.98711095,34.75886314],[114.98711377,34.7589439],[114.98711552,34.75899397],[114.98554466,34.75926609],[114.98551787,34.7591701],[114.98549457,34.75908661],[114.98546196,34.75896979],[114.98529035,34.75835492],[114.98501036,34.75735173],[114.98465565,34.75741452],[114.98468687,34.75754209],[114.98483416,34.75814412],[114.98483902,34.75816397],[114.98495922,34.75865523],[114.98513934,34.75939137],[114.98504409,34.75942625],[114.98491136,34.75947485],[114.98493188,34.75975701],[114.98493709,34.75982866],[114.98526782,34.7609731],[114.98558859,34.76218779],[114.98579385,34.76296505],[114.98598284,34.76368069],[114.98603019,34.76385996],[114.98620713,34.76452996],[114.98621605,34.76456375],[114.9862217,34.76458512],[114.98657206,34.76591175],[114.98657212,34.76591195],[114.98657859,34.76593645],[114.98666639,34.76626891],[114.98667004,34.76628271],[114.98667982,34.76631973],[114.98668767,34.76634946],[114.98671859,34.76646654],[114.98662914,34.7664866],[114.98662684,34.76648712],[114.98634461,34.76655044],[114.98605208,34.76661608],[114.98578051,34.76667701],[114.98571255,34.76669226],[114.98419678,34.76703233],[114.9841848,34.76703502],[114.984153,34.76704215],[114.98401967,34.76707207],[114.98395473,34.76708664],[114.98383012,34.76711459],[114.98367728,34.76640706],[114.98319575,34.76640753],[114.98298771,34.76527554],[114.98294706,34.76505432],[114.98281331,34.7643265],[114.9827832,34.7641814],[114.98277655,34.76414935],[114.98262395,34.76341398],[114.98230377,34.76187095],[114.98229996,34.76185512],[114.98224342,34.76162049],[114.98223492,34.76158523],[114.98197284,34.76049754],[114.98193986,34.76031806],[114.98193899,34.76031335],[114.98189636,34.76008134],[114.98199816,34.75996403],[114.98201044,34.75994989],[114.98202291,34.75993552],[114.98220168,34.75989863],[114.98232695,34.75987279],[114.98240288,34.75978946],[114.98240263,34.75956051],[114.9824532,34.75945639],[114.98265594,34.7594562],[114.98273191,34.7594145],[114.98270639,34.75924801],[114.98260487,34.75910241],[114.98237668,34.75899855],[114.98236309,34.75890137],[114.98236273,34.75889879],[114.98214683,34.75735447],[114.98206584,34.75730469],[114.98194397,34.75722978],[114.98193397,34.75722568],[114.98184256,34.75718825],[114.98166493,34.75695946],[114.98143679,34.75689723],[114.98123571,34.75689742],[114.98120873,34.75689745],[114.98114875,34.75691229],[114.98110548,34.75692299],[114.98107802,34.75692979],[114.98095538,34.75696013],[114.98087947,34.75706427],[114.98082901,34.75727245],[114.98058912,34.75734435],[114.98058187,34.75734652],[114.98055035,34.75735597],[114.98050848,34.75735601],[114.98047433,34.75735604],[114.98032221,34.75729374],[114.98019536,34.75714816],[114.98004322,34.75706504],[114.97963777,34.75706542],[114.97959511,34.75706546],[114.97951743,34.75706553],[114.97946038,34.75706558],[114.97944067,34.75708181],[114.97942118,34.75709784],[114.97935911,34.75714893],[114.97932742,34.75721852],[114.97928326,34.75731552],[114.97915675,34.75750296],[114.97898015,34.75762754],[114.97897949,34.757628],[114.97897953,34.75763011],[114.97897957,34.75763194],[114.9789805,34.75767776],[114.9790062,34.75893926],[114.97872668,34.75821103],[114.97863014,34.75765936],[114.97862966,34.7576566],[114.97862471,34.75762833],[114.97857362,34.75723291],[114.97706899,34.75734591],[114.97706698,34.75734606],[114.97706553,34.75734617],[114.97464605,34.75752784],[114.97464652,34.75800656],[114.97454183,34.75800196],[114.97453253,34.75800155],[114.97451051,34.75800059],[114.97450898,34.75800052],[114.97325269,34.75794534],[114.97327033,34.75819028],[114.97327462,34.75824999],[114.97327973,34.75832094],[114.97330734,34.75870437],[114.97331103,34.75875569],[114.97339639,34.75994117],[114.97343252,34.76044287],[114.97224517,34.7605455],[114.9722162,34.760548],[114.97221473,34.76054176],[114.97210768,34.76008456],[114.97200107,34.75962927],[114.97198718,34.75956994],[114.97197863,34.75957026],[114.97189146,34.75957355],[114.97183081,34.75957584],[114.97164399,34.75958291],[114.97153466,34.75958705],[114.97032401,34.75963284],[114.96973183,34.75965512],[114.9691236,34.75963482],[114.96889547,34.75957256],[114.96882825,34.75946237],[114.96877326,34.75937223],[114.96874319,34.75932292],[114.96859321,34.75926148],[114.96854038,34.75923983],[114.96842574,34.75925563],[114.96808428,34.75930266],[114.96775482,34.75928212],[114.96727325,34.75919926],[114.96670596,34.75919093],[114.96593011,34.75917954],[114.96537039,34.75923646],[114.96448575,34.75932641],[114.96304147,34.75957732],[114.96292902,34.75958143],[114.96245862,34.7595986],[114.96234571,34.75956263],[114.9623305,34.75955779],[114.96205553,34.7594702],[114.96203331,34.75946312],[114.96201986,34.75945883],[114.96200234,34.75945325],[114.96131797,34.75928727],[114.96128218,34.75928617],[114.96084929,34.75927283],[114.9608076,34.75927154],[114.96065906,34.75926697],[114.96022825,34.7592673],[114.96005217,34.7593595],[114.95995822,34.7594087],[114.95995592,34.7594099],[114.95995018,34.75941291],[114.9599496,34.75941321],[114.95939243,34.75985073],[114.95922302,34.76000557],[114.95916452,34.76005905],[114.95906438,34.76007283],[114.95901248,34.76007998],[114.95888565,34.75993437],[114.95887805,34.75981725],[114.95886451,34.75960855],[114.95885999,34.75953892],[114.95885941,34.75881042],[114.95885906,34.75837332],[114.95870661,34.75787389],[114.9586051,34.75768664],[114.95766746,34.75768734],[114.95763338,34.75737611],[114.95763325,34.75737493],[114.95753984,34.75652183],[114.95721208,34.75654193],[114.95453882,34.75670586],[114.95453564,34.75670606],[114.95444835,34.75671141],[114.95310521,34.75664992],[114.95178739,34.75654677],[114.9516352,34.75635954],[114.95105238,34.75640158],[114.95079884,34.75621442],[114.94986336,34.75629082],[114.94986136,34.75629098],[114.94899971,34.75636134],[114.94901778,34.75590855],[114.94902463,34.75573689],[114.94841642,34.75571648],[114.94841212,34.75569065],[114.94834009,34.75525861],[114.94781766,34.75527989],[114.94779605,34.75528077],[114.94779413,34.75528085],[114.9473974,34.75529701],[114.94730114,34.75530093],[114.94728225,34.75564639],[114.94728092,34.75567071],[114.94727971,34.75569288],[114.94727948,34.75569695],[114.94725106,34.7562168],[114.94478226,34.75643709],[114.94477755,34.75643751],[114.94466638,34.75644743],[114.9446539,34.75638935],[114.94460684,34.75617028],[114.94440238,34.75521858],[114.94440076,34.75521106],[114.94418351,34.75419976],[114.94410897,34.75369031],[114.94408001,34.75349233],[114.94382725,34.75176467],[114.94368185,34.75086894],[114.94367975,34.75085598],[114.94354259,34.75001097],[114.94350223,34.74976236],[114.94339483,34.74910067],[114.94341581,34.74852226],[114.94341585,34.74852113],[114.94341974,34.74841377],[114.94061679,34.74843103],[114.94053364,34.74843154],[114.94026151,34.74843321],[114.93997784,34.74843496],[114.93966957,34.74843685],[114.93885137,34.74846815],[114.93748126,34.74852056],[114.93690769,34.7485425],[114.9359564,34.74863159],[114.93579312,34.74864688],[114.93434221,34.74878276],[114.93427101,34.74878943],[114.93424572,34.7487918],[114.93397658,34.748817],[114.93381817,34.74883187],[114.93375009,34.74883821],[114.93361802,34.74885057],[114.93337902,34.74887295],[114.93335242,34.74887544],[114.93310699,34.74889842],[114.93305691,34.74890386],[114.9328869,34.74892233],[114.93252983,34.74896112],[114.93216722,34.7490005],[114.9320947,34.74900838],[114.93176484,34.74904421],[114.93148766,34.74907431],[114.93021843,34.74921216],[114.92881324,34.74942993],[114.92881308,34.74942995],[114.9288067,34.74943094],[114.9287512,34.74943954],[114.9284049,34.74949321],[114.92725389,34.74967157],[114.92717771,34.74927612],[114.92717761,34.74902072]]]}},{"type":"Feature","properties":{"adcode":"410225109","name":"许河镇","type":"镇","county_code":"410225","county_name":"兰考县","source_codes":["410225207"],"geometry_method":"沿用原边界","area_km2":42.743},"geometry":{"type":"Polygon","coordinates":[[[115.25817006,34.82440258],[115.25816671,34.82432511],[115.25807785,34.8222687],[115.25807212,34.822136],[115.25806728,34.8220242],[115.25804557,34.8215216],[115.25801635,34.82084549],[115.25729067,34.82088512],[115.25719378,34.82089041],[115.25707506,34.82089689],[115.25670778,34.82091695],[115.25667439,34.82091877],[115.25667395,34.82091703],[115.25666268,34.82087223],[115.25641789,34.8199],[115.25625311,34.81924547],[115.25605963,34.81847697],[115.25605741,34.81846816],[115.256021,34.81832355],[115.25533819,34.81856549],[115.25464224,34.81680369],[115.25463742,34.81679151],[115.25458691,34.81680146],[115.25449033,34.81682048],[115.25397762,34.81692147],[115.25344056,34.81592909],[115.2534385,34.81592528],[115.2534116,34.81587558],[115.25351213,34.81582497],[115.25354513,34.81580836],[115.25360959,34.81577591],[115.25370759,34.81572657],[115.25352813,34.81469976],[115.25338393,34.81469961],[115.25332234,34.81469954],[115.25320976,34.81469942],[115.25318616,34.81457721],[115.25318298,34.81456071],[115.2529642,34.81342765],[115.25295712,34.81339099],[115.25291777,34.81318718],[115.2527399,34.81320089],[115.25244014,34.81322399],[115.25245959,34.81345385],[115.25246215,34.81348415],[115.25253188,34.81430832],[115.2525319,34.81430862],[115.25253295,34.81432097],[115.25263913,34.8155761],[115.25134156,34.81482521],[115.25113786,34.81470733],[115.25113343,34.81470477],[115.25069649,34.81445191],[115.25041463,34.81379092],[115.25010082,34.813055],[115.25004263,34.81231695],[115.24896639,34.81235501],[115.24868075,34.81236511],[115.24868085,34.81267462],[115.24873546,34.81306858],[115.24882605,34.81372215],[115.24882615,34.81403914],[115.24882627,34.81443641],[115.24811549,34.8147786],[115.24721505,34.81521207],[115.24717586,34.81523094],[115.24717036,34.81523359],[115.24700656,34.81531244],[115.24699803,34.81531655],[115.2469211,34.81535358],[115.24680524,34.81540936],[115.24679977,34.81541199],[115.24673113,34.81544504],[115.24645046,34.81558015],[115.24624383,34.81537932],[115.24623136,34.8153672],[115.24503019,34.81419976],[115.24476945,34.81439032],[115.24561001,34.81522333],[115.245541,34.81526746],[115.24534926,34.81539008],[115.24511744,34.81539017],[115.24436383,34.81462856],[115.24361053,34.81508119],[115.24314682,34.81479565],[115.24220616,34.81488185],[115.24210365,34.81489124],[115.24166893,34.81460568],[115.24056779,34.81462985],[115.24042326,34.81636795],[115.24001758,34.81643951],[115.23966953,34.81486823],[115.23950808,34.81486371],[115.23950668,34.81486367],[115.23954328,34.81502844],[115.23956065,34.81510663],[115.23956496,34.81512603],[115.2396226,34.81538558],[115.23975218,34.81600143],[115.2397628,34.81605568],[115.2398216,34.81635607],[115.23983674,34.81640169],[115.23986293,34.81648061],[115.23986526,34.81648766],[115.24003091,34.81646181],[115.24022039,34.81644296],[115.24036752,34.81641922],[115.2405373,34.81641467],[115.24062749,34.81641225],[115.24064109,34.81647599],[115.24064641,34.8165009],[115.24071604,34.81685853],[115.24078373,34.81725859],[115.24085914,34.81765856],[115.24093455,34.81805854],[115.24095035,34.8181457],[115.24100742,34.81846066],[115.2410795,34.81880978],[115.24113578,34.81913362],[115.24117802,34.81937915],[115.24120164,34.81955568],[115.24121213,34.81963403],[115.24114834,34.8196371],[115.24093937,34.81964715],[115.2403798,34.81966728],[115.23970027,34.81968863],[115.23921311,34.8197039],[115.23889658,34.81972845],[115.23885,34.81973207],[115.23885181,34.81974333],[115.23887757,34.81990345],[115.23896519,34.82026041],[115.23899669,34.82043067],[115.23904823,34.82052202],[115.23907343,34.82056669],[115.23908944,34.82059506],[115.23923478,34.82084642],[115.23942286,34.82107356],[115.23949848,34.82121825],[115.23950002,34.8212212],[115.23953563,34.82137166],[115.23959049,34.8216186],[115.23959971,34.82165472],[115.23965899,34.82193059],[115.2396999,34.82212099],[115.2397988,34.82260664],[115.23980968,34.82265929],[115.23982897,34.82275265],[115.23983147,34.82276476],[115.23977005,34.82277767],[115.23955977,34.82282184],[115.23905879,34.82292503],[115.2385587,34.82300114],[115.23806762,34.82308858],[115.237596,34.82316542],[115.23710418,34.82324246],[115.23704691,34.82326293],[115.23704673,34.82326299],[115.23663563,34.82331348],[115.23629779,34.82337324],[115.23577309,34.82345833],[115.23577768,34.8234385],[115.23579593,34.82335951],[115.23581042,34.82329685],[115.23582772,34.82322201],[115.2358462,34.82297963],[115.23586958,34.82274762],[115.23588681,34.82252739],[115.23589122,34.82218524],[115.23589194,34.82214069],[115.23589212,34.82212939],[115.23570899,34.82214377],[115.23555136,34.822161],[115.23535043,34.82217149],[115.23526357,34.82217603],[115.23518355,34.82218549],[115.234969,34.82221086],[115.23456939,34.82223811],[115.23430059,34.82226617],[115.23418907,34.82227782],[115.23379186,34.82231652],[115.23333246,34.82235328],[115.23293384,34.82237746],[115.23292457,34.82237802],[115.23291476,34.82237901],[115.2326411,34.82240666],[115.23263338,34.82240744],[115.23263105,34.82241068],[115.23244717,34.82266695],[115.23234991,34.82279341],[115.23232661,34.82282718],[115.23213701,34.82310198],[115.23186872,34.82352903],[115.23175327,34.82371369],[115.23169762,34.82380492],[115.23162216,34.82392862],[115.23161073,34.82394737],[115.23149176,34.8241292],[115.23137291,34.82431963],[115.23133143,34.82440961],[115.23127947,34.82452231],[115.23127051,34.82454176],[115.23125341,34.82454264],[115.23112834,34.82454911],[115.23063834,34.82459572],[115.22989599,34.82465678],[115.22915003,34.82471787],[115.22840398,34.82477301],[115.22792845,34.82482244],[115.22703107,34.82489723],[115.22695535,34.82490355],[115.22696128,34.82497113],[115.22696418,34.82500406],[115.2269614,34.82533668],[115.22695863,34.8256693],[115.22696118,34.82575345],[115.22694686,34.82584],[115.2269258,34.82596727],[115.22692557,34.82607756],[115.22692546,34.82613126],[115.22694637,34.82621142],[115.22696244,34.82627302],[115.22696349,34.82651662],[115.22695933,34.82675605],[115.22695755,34.82698274],[115.2269488,34.82701781],[115.22693422,34.82707625],[115.22684826,34.82709423],[115.2268002,34.82710428],[115.2267817,34.82710815],[115.22667607,34.82712013],[115.22657841,34.82713119],[115.226367,34.82715957],[115.22590205,34.82722197],[115.22579478,34.82723259],[115.22569554,34.82724241],[115.22550226,34.82726992],[115.22537804,34.82728759],[115.22510174,34.82732186],[115.22507405,34.82732456],[115.22483168,34.82734819],[115.22472392,34.82736923],[115.22460916,34.82739165],[115.22453942,34.82740526],[115.2245479,34.82748435],[115.22456202,34.82761591],[115.22459702,34.82783072],[115.22466371,34.82825249],[115.22470008,34.82853181],[115.22470047,34.82853476],[115.22470193,34.82854597],[115.22472386,34.82871441],[115.22473621,34.82880922],[115.22475531,34.8289559],[115.22476222,34.82900899],[115.22466717,34.82902468],[115.22441449,34.82906637],[115.22397885,34.8291343],[115.22369794,34.8291781],[115.2229946,34.82928968],[115.22283029,34.82931738],[115.22257247,34.82936083],[115.22248457,34.82937565],[115.22249502,34.82944493],[115.22250557,34.82951488],[115.22252158,34.82962104],[115.22264191,34.83046166],[115.22267382,34.83063202],[115.2227208,34.83095163],[115.22276249,34.8312713],[115.22280096,34.8315518],[115.22281707,34.83166609],[115.22287176,34.83205407],[115.22290907,34.8322562],[115.22290947,34.83234465],[115.22290977,34.83241027],[115.22291003,34.83246898],[115.22283856,34.83245933],[115.22279916,34.83245402],[115.22243616,34.83251222],[115.22180025,34.83262027],[115.22117344,34.83273318],[115.2208483,34.83279076],[115.2207784,34.83280314],[115.22059458,34.83283569],[115.22000974,34.83294074],[115.21945501,34.83304797],[115.21909798,34.83310362],[115.21837841,34.83321891],[115.2181322,34.83326272],[115.21812396,34.8332637],[115.21795825,34.83328341],[115.21795701,34.83328356],[115.21787748,34.83330737],[115.21772815,34.83335207],[115.21674362,34.83350642],[115.21577525,34.83365492],[115.21480643,34.83377348],[115.21339685,34.83401301],[115.21332029,34.83402602],[115.21336632,34.8340804],[115.21337966,34.83409617],[115.21345749,34.83418814],[115.2136278,34.8346246],[115.21385945,34.83527843],[115.21387926,34.83533782],[115.21406961,34.8359085],[115.21409047,34.83597458],[115.21412842,34.83609478],[115.21426924,34.83654085],[115.21438598,34.83686406],[115.21448969,34.8371512],[115.21451297,34.83720913],[115.21471743,34.83771788],[115.2147445,34.83781003],[115.21489554,34.83832429],[115.21509644,34.83886289],[115.21528413,34.83940163],[115.21530975,34.83947766],[115.21546934,34.83995128],[115.21580811,34.84084243],[115.21590935,34.84110876],[115.21610362,34.84173463],[115.21627942,34.84236286],[115.21635665,34.84257279],[115.21641357,34.84272749],[115.21669252,34.84348572],[115.21686327,34.84395051],[115.21693781,34.8441951],[115.21696328,34.84427867],[115.21710958,34.84469792],[115.21726384,34.84511928],[115.21733474,34.84536256],[115.21741142,34.84562571],[115.21744151,34.84573253],[115.21746148,34.84580342],[115.2174572,34.84587595],[115.21745102,34.84598063],[115.21744852,34.84615206],[115.21744707,34.84625098],[115.21743086,34.84658684],[115.21742764,34.84662729],[115.21741418,34.8467962],[115.21740854,34.84686688],[115.21732516,34.84689343],[115.21729802,34.84690207],[115.21715369,34.84691862],[115.21711062,34.84692356],[115.21700695,34.84693067],[115.21673819,34.84694908],[115.21652793,34.84703402],[115.21652793,34.84703462],[115.21652854,34.84707543],[115.21653308,34.84716489],[115.21653971,34.84729549],[115.21652142,34.84731093],[115.21644177,34.84730697],[115.21635658,34.84730273],[115.2162675,34.847316],[115.21623866,34.8473203],[115.21621924,34.84733465],[115.2161974,34.84735079],[115.21619681,34.84735123],[115.21620319,34.84737531],[115.216236,34.84749907],[115.21633318,34.84792551],[115.21634058,34.84795798],[115.21644529,34.84842561],[115.21652734,34.84875659],[115.21656334,34.84890182],[115.21667347,34.84937811],[115.21675569,34.84971503],[115.21676464,34.84975172],[115.21679446,34.84987391],[115.21691829,34.85038276],[115.21697787,34.8506416],[115.21703693,34.85089821],[115.21706106,34.8510063],[115.2170862,34.85111888],[115.21715299,34.85141803],[115.21724327,34.85180297],[115.2172565,34.85183342],[115.217272,34.85186913],[115.21730192,34.85193803],[115.21722518,34.8519649],[115.21720083,34.85197342],[115.21672387,34.85211345],[115.21633992,34.85222617],[115.215437,34.85249896],[115.21540461,34.85250562],[115.21457023,34.85267728],[115.21339785,34.85291827],[115.2134017,34.85297728],[115.2134024,34.85298788],[115.21341594,34.85319093],[115.213412,34.85323495],[115.21340587,34.85330344],[115.21332834,34.85333252],[115.2132898,34.85334697],[115.21328447,34.85334897],[115.21316681,34.85337702],[115.21281434,34.85346105],[115.21272439,34.85348511],[115.21238469,34.85357599],[115.21230501,34.85359731],[115.21221923,34.85362277],[115.21195969,34.85369978],[115.21170775,34.85377375],[115.21158808,34.85380888],[115.21154637,34.85382033],[115.21121798,34.85391045],[115.21113412,34.85393347],[115.21110081,34.85387287],[115.21099529,34.85368089],[115.21072119,34.85313379],[115.21069927,34.85309798],[115.21058361,34.85290912],[115.21046088,34.85270871],[115.21038133,34.85257879],[115.21034661,34.85252584],[115.21015202,34.85222903],[115.21011104,34.85216652],[115.21001637,34.85217704],[115.20991529,34.85218826],[115.20989531,34.85219048],[115.20917824,34.85230586],[115.20914104,34.85231937],[115.20905877,34.85234924],[115.20898059,34.85237762],[115.20899579,34.85245205],[115.2090316,34.85262753],[115.20903533,34.85264579],[115.20906987,34.85276884],[115.20913741,34.85300943],[115.20915762,34.85309287],[115.20919698,34.85325533],[115.2092128,34.85332063],[115.20912864,34.85333894],[115.20894532,34.85337883],[115.20837859,34.8534841],[115.20807059,34.85354131],[115.2080376,34.85354744],[115.20785975,34.85358048],[115.20731895,34.85369979],[115.20665382,34.85382319],[115.20605888,34.85394076],[115.20601636,34.85394916],[115.20600899,34.85395095],[115.2056036,34.85404956],[115.20552601,34.85406843],[115.20554028,34.85413988],[115.20559316,34.85440473],[115.20559461,34.854412],[115.20561545,34.85449075],[115.20567507,34.85471603],[115.20567883,34.85473253],[115.20568409,34.85475563],[115.20574891,34.85504007],[115.20576193,34.85510923],[115.20577434,34.85517518],[115.205766,34.85517797],[115.20569824,34.85520069],[115.20566502,34.85521183],[115.20530997,34.85527233],[115.20499859,34.85532284],[115.20495516,34.85532989],[115.20494923,34.85533085],[115.20492443,34.85524687],[115.20487277,34.8550719],[115.20485158,34.85500015],[115.20476258,34.85501166],[115.20472913,34.85501598],[115.20450125,34.85505483],[115.20412588,34.85511881],[115.20268845,34.85536663],[115.20205073,34.85547548],[115.20203585,34.85547926],[115.2019907,34.85549073],[115.20191188,34.85551074],[115.20182303,34.85553163],[115.20132277,34.85564924],[115.20130343,34.85565379],[115.20115085,34.85568252],[115.20016597,34.85586795],[115.19986632,34.85592436],[115.19895483,34.85610754],[115.19845014,34.85620896],[115.19821524,34.85625346],[115.19752643,34.85638396],[115.19697512,34.85648841],[115.19647547,34.85658734],[115.19629,34.85661479],[115.19620562,34.85662727],[115.19612081,34.85665102],[115.19570054,34.85676873],[115.19568484,34.85678018],[115.19555573,34.85687428],[115.19537567,34.85700553],[115.19495999,34.8572966],[115.19486199,34.85736522],[115.19483512,34.85738403],[115.19482825,34.8573891],[115.19432563,34.85775939],[115.19367895,34.8582073],[115.19342132,34.85839495],[115.19335847,34.85844073],[115.19326873,34.85844743],[115.19321939,34.85845111],[115.19292653,34.85846549],[115.19285678,34.85846891],[115.19284403,34.85855653],[115.19283478,34.85862011],[115.19283624,34.85869752],[115.19283833,34.8587908],[115.19280343,34.85921259],[115.1927802,34.85949331],[115.19277575,34.85953889],[115.19273269,34.85997962],[115.19269393,34.86053223],[115.19268292,34.86068909],[115.19268131,34.86071204],[115.19270635,34.86122],[115.19272843,34.86152374],[115.19271827,34.86154581],[115.19268976,34.86160775],[115.19263237,34.86167026],[115.19257801,34.86172947],[115.19237246,34.8619775],[115.19229967,34.86206533],[115.19201838,34.86240121],[115.19180879,34.86279962],[115.19169955,34.86299765],[115.19170281,34.8630195],[115.19170428,34.86312162],[115.19170502,34.86330861],[115.19170529,34.86337778],[115.1916191,34.86338194],[115.19150062,34.86338766],[115.19102726,34.8634653],[115.19061082,34.86354239],[115.19052926,34.86359012],[115.19052344,34.86359452],[115.18987213,34.86408675],[115.18922086,34.86455204],[115.18886353,34.86490141],[115.18884434,34.86492017],[115.18798888,34.86556154],[115.18732226,34.86603665],[115.18699643,34.86627191],[115.18666437,34.86651167],[115.18609811,34.86691163],[115.186002,34.86697952],[115.18534394,34.86744372],[115.18486782,34.8677872],[115.18473504,34.86789659],[115.18450476,34.86808631],[115.18412514,34.86833078],[115.18372044,34.86859139],[115.18332167,34.86884038],[115.18297985,34.86909603],[115.18260397,34.86941689],[115.18232687,34.86958027],[115.18223101,34.86963679],[115.18198763,34.86984278],[115.18179263,34.87004618],[115.18169428,34.87014232],[115.18168356,34.8701528],[115.18111203,34.87048459],[115.18077736,34.87068856],[115.18040972,34.87098587],[115.18030879,34.87106012],[115.1800546,34.87124709],[115.17879799,34.87217138],[115.17873621,34.87221682],[115.17817743,34.8727388],[115.17795048,34.87295079],[115.17787427,34.87302199],[115.17784769,34.87291555],[115.17776863,34.87259887],[115.17772636,34.87242953],[115.17771752,34.87243169],[115.17761328,34.87245706],[115.17750839,34.87248258],[115.17748268,34.87244961],[115.17736026,34.87229259],[115.1770236,34.8720468],[115.17696045,34.87200987],[115.17676577,34.87189603],[115.1764869,34.87181412],[115.17641012,34.87179156],[115.17632871,34.8717734],[115.17626712,34.87175965],[115.17585858,34.87166849],[115.17559767,34.8715641],[115.17554252,34.87154204],[115.17534724,34.8714639],[115.17516485,34.87136911],[115.17514386,34.8713582],[115.17513171,34.87135953],[115.17492967,34.87138156],[115.17471703,34.87140474],[115.17461041,34.87142981],[115.1740227,34.87156804],[115.17389434,34.87162361],[115.17346728,34.87180852],[115.17346012,34.87181163],[115.17303236,34.87203776],[115.17289438,34.87211071],[115.17264509,34.87224935],[115.17229743,34.87244271],[115.17220448,34.87257018],[115.17218482,34.87259713],[115.17191424,34.87277591],[115.17153922,34.87306426],[115.1714287,34.87314925],[115.1708795,34.87350036],[115.17072388,34.87359706],[115.17018435,34.87393232],[115.16991424,34.87410016],[115.1698183,34.87415499],[115.16936844,34.87441208],[115.16850694,34.87502018],[115.168447,34.87505576],[115.16820613,34.87524251],[115.16785295,34.87552238],[115.1669545,34.87618972],[115.16594841,34.87692843],[115.16504957,34.87757018],[115.16448164,34.8780169],[115.16437788,34.87810062],[115.16377576,34.87858644],[115.16375658,34.87862084],[115.16370764,34.87870861],[115.16355354,34.87878682],[115.16339873,34.87881389],[115.16312644,34.87876533],[115.16271917,34.87871191],[115.1625356,34.87868783],[115.1621094,34.87873027],[115.16183955,34.87885436],[115.16156204,34.87908843],[115.16146377,34.87917132],[115.16140525,34.87923848],[115.16119154,34.87948374],[115.16116593,34.87951312],[115.16083353,34.88015583],[115.16081847,34.88021336],[115.16070407,34.88065049],[115.16070097,34.88066232],[115.1607009,34.88066644],[115.1606968,34.88091818],[115.16073686,34.88100733],[115.16072341,34.88115455],[115.16070247,34.88132103],[115.1606255,34.88136653],[115.16043242,34.88143233],[115.16009116,34.88142434],[115.16004429,34.88142324],[115.15999664,34.88142369],[115.15989686,34.88142464],[115.15987612,34.88142287],[115.15984132,34.8814199],[115.15969485,34.88140738],[115.15939777,34.88136047],[115.15758796,34.88107464],[115.15755606,34.88106961],[115.15573349,34.8808488],[115.15515077,34.88077819],[115.15504022,34.8807648],[115.15445675,34.8806941],[115.15442341,34.88069006],[115.15442047,34.88069295],[115.15433155,34.88078047],[115.15420036,34.88083287],[115.15399042,34.88080289],[115.15385004,34.88075306],[115.15339697,34.88053991],[115.15324099,34.88048383],[115.15205187,34.88048828],[115.15197291,34.88048858],[115.1509307,34.88050253],[115.15041743,34.88050047],[115.15033173,34.88050013],[115.15029692,34.88056607],[115.15029693,34.88056663],[115.15029872,34.88079142],[115.15030123,34.88110533],[115.15030124,34.88110644],[115.15070205,34.88111372],[115.15087675,34.88111689],[115.15097686,34.88115038],[115.15100013,34.88116098],[115.15101404,34.88116732],[115.15109085,34.8812023],[115.1510979,34.88127302],[115.15111968,34.88149125],[115.15112359,34.88153045],[115.15112333,34.88153303],[115.15112195,34.88154654],[115.15111435,34.88162077],[115.15113545,34.88168928],[115.15113546,34.88168946],[115.15117767,34.8821816],[115.15123884,34.88288037],[115.15130741,34.88364794],[115.15133061,34.88392852],[115.15134781,34.88410388],[115.15135683,34.88419582],[115.15135629,34.88420092],[115.15135574,34.88420598],[115.151348,34.88427816],[115.15143158,34.88425582],[115.1516664,34.88419305],[115.15331504,34.88375239],[115.15339206,34.8837318],[115.1534028,34.88380313],[115.15346699,34.8842295],[115.15347452,34.88427951],[115.15348254,34.88433602],[115.15349089,34.88439477],[115.15356349,34.88490577],[115.15363204,34.88535956],[115.15365694,34.88552444],[115.15371256,34.88589602],[115.15374274,34.88610709],[115.15380401,34.88653548],[115.15383186,34.8867241],[115.15392146,34.88706702],[115.15394677,34.88716372],[115.15411276,34.88779809],[115.15442739,34.88898887],[115.15445359,34.88908689],[115.15453866,34.88940525],[115.15457668,34.88950122],[115.15468574,34.88978161],[115.15475554,34.88983303],[115.15487788,34.88992315],[115.15488601,34.88992968],[115.15494432,34.8899765],[115.15500758,34.88994025],[115.15501178,34.88993686],[115.15516561,34.88981206],[115.15529397,34.88970824],[115.15565568,34.88941566],[115.1559581,34.88917406],[115.156082,34.88907507],[115.15630187,34.88889942],[115.15661395,34.88864974],[115.15666923,34.88868533],[115.15673643,34.88872859],[115.15678714,34.88873811],[115.15679008,34.88873845],[115.15687961,34.88874887],[115.15694056,34.88871498],[115.15695029,34.88870882],[115.15742981,34.88840527],[115.15752201,34.8883481],[115.1577831,34.88818622],[115.15778478,34.88818518],[115.15788783,34.88832089],[115.15817859,34.88871487],[115.15821004,34.88875641],[115.15825714,34.88881863],[115.15826522,34.88881751],[115.15833971,34.88880711],[115.1591843,34.8886892],[115.159652,34.88862391],[115.15975744,34.88860919],[115.16054428,34.88849934],[115.16063726,34.88848636],[115.16059955,34.88854757],[115.16059364,34.88855524],[115.16007656,34.88922658],[115.16000134,34.88932416],[115.15988572,34.88947411],[115.1598783,34.88948374],[115.15965486,34.88993043],[115.1594962,34.89023791],[115.15946189,34.89030439],[115.15953517,34.89033025],[115.15953772,34.89033139],[115.15954219,34.8903334],[115.15962174,34.89036912],[115.15962274,34.89036957],[115.16008172,34.89033651],[115.16046457,34.89030555],[115.16055423,34.8902983],[115.16100652,34.89026172],[115.16190137,34.89019598],[115.1619488,34.8901925],[115.16206715,34.89018339],[115.16284235,34.89012373],[115.16284474,34.89012378],[115.1629363,34.89012573],[115.16294235,34.8900568],[115.162942,34.89005048],[115.16293301,34.88988767],[115.16306372,34.88977743],[115.1630764,34.88976597],[115.16313487,34.88971312],[115.1631488,34.88964195],[115.16314882,34.88964182],[115.16312237,34.88927146],[115.16310113,34.88897399],[115.16307548,34.88865427],[115.16305468,34.88839506],[115.1630469,34.88831756],[115.1630395,34.88824384],[115.16312134,34.88823306],[115.16387222,34.88813412],[115.16388978,34.88813181],[115.16470279,34.88802938],[115.16547411,34.88793308],[115.16585114,34.88788066],[115.16594026,34.88786827],[115.16596081,34.88794448],[115.16596098,34.88794509],[115.16604674,34.88853519],[115.16604666,34.8885358],[115.16603661,34.8886117],[115.16611294,34.88856678],[115.16619539,34.88851825],[115.16633153,34.88843813],[115.16658855,34.88861396],[115.1666563,34.88866032],[115.166682,34.88873041],[115.16668244,34.88873161],[115.16669355,34.88891592],[115.16677481,34.89026489],[115.1667782,34.89027627],[115.16677862,34.8902777],[115.16680077,34.89035226],[115.16687326,34.89032221],[115.16688152,34.89031995],[115.16773852,34.89008642],[115.16774079,34.8900866],[115.16782782,34.89009351],[115.16782983,34.89016644],[115.16783823,34.89047108],[115.16780027,34.89062969],[115.16778421,34.89069677],[115.16778912,34.89089626],[115.16779744,34.89123462],[115.16779936,34.89131293],[115.16789242,34.89130657],[115.16801391,34.89129827],[115.1687025,34.89125123],[115.16879594,34.89124485],[115.16881336,34.89131383],[115.16882423,34.89135691],[115.1689558,34.89223876],[115.16901776,34.89269163],[115.16998618,34.89346855],[115.17019174,34.89422425],[115.1702807,34.89455129],[115.17032032,34.89469697],[115.17034138,34.89477439],[115.17042481,34.89475894],[115.17066196,34.89471502],[115.17192793,34.89450961],[115.17199832,34.89449781],[115.17252577,34.89440939],[115.17336025,34.89427682],[115.17336502,34.89427661],[115.17345636,34.89427263],[115.17349388,34.8943292],[115.1734954,34.89433592],[115.17354178,34.8945401],[115.17369679,34.89522251],[115.17370267,34.89522955],[115.17375076,34.89528706],[115.1738279,34.89528136],[115.17383893,34.89527957],[115.17417657,34.89522479],[115.17502368,34.89508733],[115.17504814,34.89508524],[115.1751367,34.8950777],[115.17522084,34.89506192],[115.17536115,34.8950356],[115.17542663,34.89502332],[115.17709817,34.89475597],[115.17759063,34.89467951],[115.17762412,34.89467432],[115.1776945,34.89466339],[115.17795349,34.89462318],[115.17812873,34.89459356],[115.17831738,34.89456168],[115.17874604,34.8944738],[115.17903588,34.89441509],[115.17988953,34.89424216],[115.17995929,34.89422803],[115.18069964,34.89407271],[115.18136725,34.89393312],[115.18205415,34.89379405],[115.18225835,34.89375271],[115.18260906,34.8936806],[115.18266566,34.89393552],[115.18266511,34.89394113],[115.18265815,34.89401238],[115.18272752,34.89396783],[115.18272864,34.89396688],[115.18293147,34.89379576],[115.18294618,34.89378335],[115.18390672,34.89296313],[115.18431137,34.89261583],[115.18442272,34.89251964],[115.18469971,34.89228032],[115.18530128,34.89176778],[115.18534509,34.89173045],[115.18557688,34.89153296],[115.18564862,34.89147183],[115.18571529,34.89141347],[115.18583462,34.89130901],[115.18585422,34.89130322],[115.18586172,34.891301],[115.18623661,34.89132972],[115.18672714,34.8913693],[115.18673016,34.89137025],[115.18681383,34.89139669],[115.18675898,34.89144628],[115.18626714,34.89189094],[115.18626926,34.891891],[115.18867802,34.89195666],[115.18873174,34.89195813],[115.18881449,34.89196038],[115.18882284,34.89206161],[115.1888447,34.89232668],[115.18884475,34.89232714],[115.18897249,34.89348482],[115.18897261,34.89348597],[115.18918313,34.89346467],[115.18926583,34.8934563],[115.18927217,34.89352697],[115.1893027,34.89386709],[115.18931133,34.8939632],[115.18937214,34.89464057],[115.18963844,34.89460114],[115.18974906,34.89458476],[115.18983511,34.89457202],[115.18983149,34.89449363],[115.18981548,34.89414682],[115.18978632,34.89351787],[115.18978313,34.89344914],[115.1898717,34.89344243],[115.19039523,34.89340281],[115.19057444,34.89338925],[115.19082369,34.89337039],[115.19086095,34.89336757],[115.19086148,34.89337397],[115.19092845,34.89418242],[115.19093461,34.89425678],[115.19102081,34.89422787],[115.19151523,34.89406205],[115.1915832,34.89403925],[115.19158621,34.89405205],[115.19189533,34.89536536],[115.19191595,34.89545298],[115.19193186,34.89552054],[115.19193232,34.89552251],[115.19194051,34.89559465],[115.192298,34.89874321],[115.1923063,34.89881632],[115.19239486,34.89881647],[115.19491797,34.89882092],[115.19545743,34.89882187],[115.19608832,34.89882297],[115.19737228,34.8988252],[115.19762882,34.89882564],[115.19889711,34.89882783],[115.19958966,34.89882902],[115.20313195,34.89883504],[115.2032171,34.89883519],[115.20322813,34.89890859],[115.20326358,34.89914462],[115.20329773,34.89937197],[115.20337301,34.89987319],[115.20338371,34.89994439],[115.20347699,34.89993351],[115.20479127,34.89978021],[115.20683675,34.8995416],[115.20683904,34.89954133],[115.20685481,34.89953949],[115.20692148,34.90003828],[115.20693085,34.90010839],[115.20684861,34.90012119],[115.20360742,34.90062575],[115.2035159,34.90063999],[115.20353337,34.9007068],[115.20360128,34.90096651],[115.20377727,34.90163957],[115.20390889,34.90200055],[115.20419987,34.90264687],[115.20420156,34.90265063],[115.20420401,34.90265606],[115.20422956,34.90271282],[115.20423023,34.9027143],[115.20423762,34.90271295],[115.20430815,34.9027],[115.20431721,34.90269834],[115.20497408,34.90257778],[115.20710237,34.90218712],[115.20713605,34.90218094],[115.20709744,34.90190493],[115.20708697,34.90183005],[115.20717539,34.90181054],[115.20823683,34.90157634],[115.20876343,34.90146014],[115.20881843,34.901448],[115.20882163,34.90145368],[115.20885421,34.90151158],[115.20919034,34.90210885],[115.2092275,34.90217489],[115.20914392,34.90219229],[115.20823068,34.90238243],[115.20724636,34.90258736],[115.20715793,34.90260577],[115.20716347,34.90267874],[115.20721989,34.90342102],[115.20722414,34.90347329],[115.20728725,34.90425056],[115.20729388,34.90433224],[115.20735102,34.90458978],[115.20736724,34.90466289],[115.20741834,34.90489316],[115.20741256,34.90499757],[115.20740726,34.90509325],[115.20740634,34.90510982],[115.20729547,34.90530167],[115.20728093,34.90532683],[115.20729464,34.90536287],[115.20731659,34.90542053],[115.20735903,34.90553206],[115.21012505,34.90492702],[115.21016687,34.90503143],[115.21039427,34.90576303],[115.21051388,34.90614786],[115.21060538,34.90614619],[115.21082338,34.90614222],[115.21098236,34.90687785],[115.21120573,34.90791169],[115.21132104,34.90830082],[115.21137415,34.90851815],[115.21150333,34.90904677],[115.21176208,34.9101056],[115.21194618,34.91085891],[115.21196549,34.91093444],[115.21213755,34.91160822],[115.21241385,34.9126908],[115.21249471,34.91299068],[115.2125756,34.91298571],[115.21264694,34.91298133],[115.21273485,34.91297593],[115.21344693,34.9129322],[115.21358732,34.91292358],[115.21451464,34.91286663],[115.2169926,34.9127144],[115.21708144,34.91270894],[115.21715765,34.91270426],[115.21799291,34.91265294],[115.2185957,34.91261589],[115.21887944,34.91259846],[115.21930293,34.91256487],[115.21938806,34.91255811],[115.21947671,34.91255108],[115.21950138,34.91254913],[115.21957457,34.91254332],[115.22092252,34.91243639],[115.22092416,34.91248901],[115.22092444,34.91249804],[115.22096841,34.91390924],[115.22192194,34.91474323],[115.22328465,34.91593505],[115.2232854,34.9159357],[115.22329437,34.91594355],[115.22332964,34.91613201],[115.22334266,34.91620156],[115.22335623,34.9162741],[115.22338146,34.91640888],[115.2255542,34.91614528],[115.22608868,34.91608043],[115.226494,34.91604091],[115.22675921,34.91601506],[115.22855162,34.91584031],[115.23122775,34.91557935],[115.23133568,34.91598097],[115.2326409,34.91580796],[115.23277525,34.91598635],[115.23281568,34.91604003],[115.2331717,34.91651274],[115.23330161,34.91668522],[115.2333964,34.91681108],[115.23343387,34.91687563],[115.23354355,34.91689371],[115.2336468,34.91691073],[115.2338226,34.91686528],[115.23408801,34.91668522],[115.2346308,34.91631697],[115.23535824,34.9159115],[115.23590609,34.91572744],[115.23672786,34.91545134],[115.2369834,34.91531104],[115.23741148,34.91486859],[115.23743711,34.9148421],[115.23806765,34.91419038],[115.23807192,34.91418597],[115.23883077,34.91340162],[115.23908589,34.91333383],[115.23957313,34.91320436],[115.23930237,34.91224032],[115.23986824,34.91212051],[115.23966269,34.91128383],[115.23956444,34.91088395],[115.24082003,34.91059873],[115.24402876,34.90986978],[115.24440347,34.90978464],[115.24624292,34.90936671],[115.24664971,34.90927428],[115.24731462,34.90912811],[115.24754135,34.90907826],[115.24760595,34.90906406],[115.24765323,34.9091978],[115.24765553,34.90920431],[115.24797085,34.91009625],[115.24797554,34.9101095],[115.24808635,34.91042294],[115.24810064,34.91046337],[115.24816629,34.9104503],[115.24952463,34.91017988],[115.24954785,34.90998076],[115.24955821,34.9098919],[115.24972763,34.90843912],[115.24976778,34.90809478],[115.24981013,34.9077316],[115.25069632,34.90687892],[115.25087017,34.90656472],[115.25086582,34.90638292],[115.25078695,34.90308244],[115.250785,34.90300086],[115.25078033,34.90299235],[115.25069636,34.90283947],[115.25067142,34.90284174],[115.24959101,34.90294032],[115.24849655,34.90312349],[115.24844493,34.90313213],[115.24768342,34.90328093],[115.24760031,34.90329717],[115.24666303,34.90347861],[115.24615838,34.90355421],[115.24615185,34.90351449],[115.24615058,34.90350673],[115.2461458,34.90347765],[115.24613858,34.90343375],[115.24582411,34.90152001],[115.24552276,34.90016886],[115.24546459,34.899754],[115.24524291,34.8997862],[115.24497442,34.89982448],[115.24444015,34.89990066],[115.24434624,34.89991405],[115.24407782,34.89994411],[115.243661,34.89999079],[115.24361437,34.89999607],[115.24355081,34.90000328],[115.24348896,34.90001029],[115.24313731,34.90005017],[115.24312857,34.89999773],[115.24268956,34.89736314],[115.24247855,34.89609674],[115.24242388,34.89576869],[115.24240989,34.89568469],[115.24237892,34.8954988],[115.24227198,34.8950492],[115.24223937,34.89502351],[115.24222027,34.89500846],[115.24212986,34.89493723],[115.24208439,34.89490141],[115.24202369,34.89485358],[115.24185006,34.89477173],[115.24151153,34.89461215],[115.24116953,34.89445092],[115.2410431,34.89439132],[115.24081871,34.89307591],[115.23986528,34.89313215],[115.23973733,34.89313969],[115.23759395,34.89326609],[115.23755202,34.89326856],[115.23755167,34.89325183],[115.23753312,34.89237794],[115.23751335,34.89144377],[115.23519423,34.89182614],[115.23420036,34.89198771],[115.23193867,34.89271479],[115.23186328,34.89273903],[115.23135163,34.8929035],[115.23015253,34.89328895],[115.23013007,34.89317011],[115.23011854,34.89310909],[115.23010458,34.89303524],[115.23005957,34.8927971],[115.23005755,34.89278639],[115.23001302,34.89255083],[115.22925501,34.89277545],[115.22924877,34.89269303],[115.22924825,34.89268624],[115.22911924,34.89098346],[115.22907551,34.89040631],[115.22882811,34.88714088],[115.22881219,34.88673455],[115.22877795,34.88585998],[115.22957494,34.88566612],[115.23087712,34.88534935],[115.23089466,34.88534509],[115.23119845,34.88527119],[115.23115694,34.88343982],[115.23114075,34.88272521],[115.23113859,34.88262998],[115.23113573,34.88236763],[115.2311296,34.88180574],[115.23112894,34.88174482],[115.23112556,34.88143504],[115.23112219,34.8811251],[115.23111446,34.88041741],[115.23111346,34.88032589],[115.23111241,34.8802293],[115.23049195,34.88018826],[115.23021471,34.87821603],[115.23017188,34.87791131],[115.2300314,34.87724362],[115.23002443,34.87721045],[115.22986026,34.87643016],[115.22976664,34.87598516],[115.22984066,34.87525014],[115.2298666,34.87501665],[115.22989866,34.87472814],[115.22990015,34.87471468],[115.22990517,34.87466951],[115.23005722,34.87330105],[115.23018097,34.87220758],[115.23020921,34.87195802],[115.23021324,34.87192246],[115.23034469,34.87076091],[115.23047947,34.8693762],[115.23054387,34.86871556],[115.23073103,34.86723009],[115.23455371,34.86731772],[115.23455579,34.86728956],[115.23456038,34.86722742],[115.23456455,34.86717104],[115.23471764,34.86509977],[115.23474059,34.86478924],[115.23477227,34.86436051],[115.23502389,34.8604286],[115.23504861,34.86004224],[115.23671714,34.85999075],[115.2371068,34.85997873],[115.23707929,34.85705521],[115.23706268,34.85528859],[115.23696599,34.85072659],[115.23692144,34.85008586],[115.23668438,34.84950742],[115.23668282,34.8495036],[115.23659749,34.84929536],[115.23663945,34.84927592],[115.23797087,34.84867881],[115.23800133,34.84866514],[115.23920564,34.84826989],[115.23924991,34.84825622],[115.23903068,34.84619111],[115.23902973,34.8461821],[115.23902439,34.84613183],[115.23892029,34.84524254],[115.23891005,34.84515504],[115.23889629,34.84503754],[115.2388878,34.84496498],[115.23887967,34.84489554],[115.23882737,34.84444875],[115.23953214,34.84425358],[115.23953736,34.84425214],[115.23970595,34.84420545],[115.23961648,34.84385804],[115.23961251,34.84384261],[115.23954462,34.84357903],[115.24026729,34.84336547],[115.24053074,34.84375333],[115.24093122,34.84365437],[115.24505727,34.84263464],[115.24494766,34.84231302],[115.24637149,34.84198153],[115.24658789,34.84191568],[115.24665854,34.84189419],[115.24667778,34.84188833],[115.24680485,34.84184967],[115.24648299,34.84118482],[115.24648148,34.8411817],[115.24643117,34.84107778],[115.24912125,34.84027747],[115.25069689,34.83980868],[115.25134191,34.83966996],[115.25178801,34.83957401],[115.25178784,34.83956113],[115.25177874,34.83888623],[115.25350302,34.83860478],[115.25452163,34.83846583],[115.25452396,34.83848748],[115.25533731,34.83774068],[115.25548142,34.83760836],[115.25587153,34.83725016],[115.25590817,34.83721652],[115.25617149,34.83697473],[115.25633946,34.83681749],[115.25727016,34.83594618],[115.25723525,34.83552435],[115.25721865,34.83532383],[115.25784571,34.83534611],[115.25837636,34.83505309],[115.25838382,34.83504896],[115.25839209,34.8350444],[115.25896999,34.83472528],[115.25893489,34.83424784],[115.25893438,34.83424102],[115.25888244,34.83353449],[115.25885956,34.83334808],[115.25883487,34.83314697],[115.25883316,34.833133],[115.25879115,34.83279077],[115.2593376,34.83273522],[115.25972724,34.83269561],[115.25976409,34.83269186],[115.26043049,34.83262411],[115.26147798,34.83236368],[115.26127395,34.83137458],[115.26114503,34.83108574],[115.26114217,34.83107933],[115.26114151,34.83107784],[115.26077408,34.83025463],[115.26047863,34.82969462],[115.26020588,34.82944582],[115.26006918,34.82932111],[115.25978138,34.82914387],[115.25970942,34.82909956],[115.258613,34.82842432],[115.2583401,34.82829239],[115.2580913,34.82817212],[115.25718151,34.82773228],[115.25608994,34.82715454],[115.25584411,34.82702443],[115.25559305,34.82689155],[115.25495538,34.82655404],[115.25509524,34.82639849],[115.25525218,34.82622394],[115.25552547,34.82592],[115.25559286,34.82627471],[115.25635218,34.82615528],[115.25635285,34.82615518],[115.25639281,34.82614889],[115.25648743,34.82613401],[115.25662449,34.82611245],[115.25688973,34.82607073],[115.25696628,34.82638309],[115.25697829,34.82643206],[115.25699182,34.82648727],[115.25699921,34.82651741],[115.2571826,34.82726564],[115.25779951,34.82695723],[115.25780871,34.82695263],[115.25788665,34.82691367],[115.25793747,34.82688826],[115.25841219,34.82665093],[115.25835364,34.82640452],[115.25834892,34.82638465],[115.25834881,34.8263842],[115.25834724,34.82637757],[115.25828847,34.82613024],[115.25827845,34.82608809],[115.25827157,34.82605911],[115.25825573,34.82599245],[115.25811939,34.82541869],[115.2579933,34.82542132],[115.25795526,34.82542212],[115.25756701,34.82543022],[115.25735555,34.82543463],[115.25682115,34.82544577],[115.25660025,34.82545038],[115.25658812,34.82545063],[115.25651557,34.82545215],[115.25641356,34.82545427],[115.25641406,34.82524168],[115.25641414,34.82520717],[115.25641474,34.8249503],[115.25724957,34.82489846],[115.25773816,34.82486812],[115.25786149,34.82486046],[115.25790649,34.82485767],[115.25818897,34.82484013],[115.25818557,34.82476147],[115.25818009,34.8246347],[115.25817006,34.82440258]]]}},{"type":"Feature","properties":{"adcode":"410225201","name":"三义寨乡","type":"乡","county_code":"410225","county_name":"兰考县","source_codes":["410225201"],"geometry_method":"参考图校正东界","area_km2":87.1661},"geometry":{"type":"MultiPolygon","coordinates":[[[[114.70277368,34.9060677],[114.7029304,34.90601658],[114.70305545,34.90597578],[114.70328751,34.90590006],[114.70344508,34.90584865],[114.7034869,34.90583501],[114.70363007,34.9057883],[114.70391835,34.90569424],[114.7041439,34.90562066],[114.70434981,34.90555348],[114.70437677,34.90554468],[114.7044134,34.90553273],[114.70448645,34.90550686],[114.70461165,34.90546252],[114.70475233,34.90541271],[114.70500028,34.90532491],[114.70504199,34.90531014],[114.70514984,34.90527194],[114.70534283,34.9052036],[114.70554734,34.90513117],[114.70568539,34.90508229],[114.70568832,34.90508125],[114.70594485,34.90499041],[114.70605336,34.90495198],[114.70619922,34.90490033],[114.70628242,34.90487086],[114.70634235,34.90484964],[114.70642826,34.90481922],[114.70654177,34.90477902],[114.70672526,34.90471404],[114.70673985,34.90470887],[114.70675101,34.90470492],[114.70688432,34.90465771],[114.7071236,34.90457298],[114.70713735,34.90456811],[114.70728142,34.90451709],[114.70728434,34.90451605],[114.70739815,34.90447575],[114.70747947,34.90444694],[114.70753483,34.90442734],[114.7077407,34.90435443],[114.7077874,34.90433789],[114.70793231,34.90428657],[114.70801949,34.9042557],[114.70808326,34.90423311],[114.70816216,34.90420517],[114.70832978,34.90414581],[114.70847305,34.90409507],[114.70859709,34.90405114],[114.70872726,34.90400504],[114.70893964,34.90392982],[114.70909021,34.9038765],[114.70912473,34.90386427],[114.70914976,34.90385541],[114.70920781,34.90383069],[114.70928219,34.903799],[114.70928823,34.90379643],[114.70935172,34.90376939],[114.70945943,34.90372351],[114.70962475,34.90365309],[114.70965564,34.90363993],[114.70978991,34.90358274],[114.70994186,34.90351802],[114.7099673,34.90350718],[114.71002205,34.90348386],[114.71012039,34.90344197],[114.71023697,34.90339232],[114.71030985,34.90336127],[114.71042194,34.90331352],[114.71045086,34.90330121],[114.71048567,34.90328638],[114.71065241,34.90321536],[114.71078133,34.90316044],[114.7108379,34.90313634],[114.71099496,34.90306944],[114.71102985,34.90305458],[114.7111118,34.90301967],[114.71133751,34.90292352],[114.71137636,34.90290697],[114.71144225,34.9028789],[114.71168007,34.9027776],[114.71177271,34.90273814],[114.71202262,34.90263168],[114.7120712,34.90261099],[114.71210316,34.90259737],[114.7121939,34.90255872],[114.71220572,34.90255368],[114.71243362,34.9024566],[114.71253645,34.9024128],[114.71276407,34.90231584],[114.71279722,34.90230172],[114.712879,34.90226688],[114.71309453,34.90217507],[114.71322156,34.90212096],[114.71342498,34.9020343],[114.71355767,34.90197778],[114.71356411,34.90197504],[114.71370723,34.90191407],[114.71375543,34.90189354],[114.71380885,34.90187078],[114.71390666,34.90182911],[114.71407182,34.90175876],[114.71408639,34.90175277],[114.71424922,34.90168592],[114.71442927,34.901612],[114.71449168,34.90158638],[114.71459177,34.90154529],[114.71470815,34.90149751],[114.71477215,34.90147124],[114.71493432,34.90140466],[114.71511502,34.90133047],[114.71521076,34.90129117],[114.71527688,34.90126402],[114.71535424,34.90123226],[114.7154579,34.9011897],[114.71561943,34.90112339],[114.71570587,34.9010879],[114.71580078,34.90104894],[114.71596198,34.90098275],[114.71614365,34.90090817],[114.7162401,34.90086857],[114.71630454,34.90084212],[114.71640114,34.90080246],[114.71648653,34.9007674],[114.71664709,34.90070149],[114.71682941,34.90062664],[114.7168944,34.90059995],[114.71698964,34.90056085],[114.71709378,34.9005181],[114.71717229,34.90048587],[114.71733219,34.90042022],[114.71751516,34.9003451],[114.71754732,34.9003319],[114.71767475,34.90027958],[114.71781499,34.90022201],[114.71785804,34.90020433],[114.71799083,34.90014982],[114.7180173,34.90013895],[114.71806496,34.90011939],[114.71823108,34.90006357],[114.71835985,34.9000203],[114.71849903,34.89997354],[114.71865004,34.8999228],[114.71871989,34.89989933],[114.71887368,34.89984766],[114.71898811,34.89980921],[114.71906899,34.89978203],[114.71921624,34.89973256],[114.71948795,34.89964127],[114.71956569,34.89961514],[114.71973007,34.89955992],[114.7199069,34.8995005],[114.71995482,34.8994844],[114.72007262,34.89944482],[114.72032585,34.89935973],[114.72032604,34.89935967],[114.72058645,34.89927217],[114.72074332,34.89921947],[114.72074481,34.89921897],[114.72089591,34.8991682],[114.72092754,34.89915757],[114.720929,34.89915708],[114.72116373,34.8990782],[114.72144283,34.89898442],[114.72147044,34.89897514],[114.72158265,34.89893743],[114.72165611,34.89891275],[114.72178539,34.89886931],[114.72193497,34.89881905],[114.72200157,34.89879667],[114.72202598,34.89878847],[114.72212794,34.8987542],[114.72242049,34.8986559],[114.72261253,34.89859137],[114.72264177,34.89858154],[114.7228394,34.89851513],[114.72286282,34.89850727],[114.72298432,34.89846644],[114.72325374,34.89837591],[114.72325832,34.89837437],[114.72329914,34.89836065],[114.72349815,34.89829377],[114.72361027,34.8982561],[114.72367722,34.8982336],[114.72374929,34.89820938],[114.72384071,34.89817866],[114.72409611,34.89809283],[114.72418337,34.89806351],[114.72419344,34.89806013],[114.72435454,34.89799541],[114.72446244,34.89795207],[114.72469709,34.89785781],[114.72480335,34.89781512],[114.72481287,34.8978113],[114.72483341,34.89780305],[114.72503964,34.8977202],[114.72512468,34.89768604],[114.72516329,34.89767053],[114.72523736,34.89764078],[114.7253822,34.8975826],[114.72545103,34.89755494],[114.72551371,34.89752976],[114.72562142,34.8974865],[114.72572475,34.89744499],[114.72586413,34.897389],[114.7260673,34.89730738],[114.72621456,34.89724823],[114.72640985,34.89716978],[114.72647136,34.89714507],[114.72656498,34.89710746],[114.72665366,34.89707184],[114.72675241,34.89703217],[114.7269154,34.8969667],[114.72709496,34.89689457],[114.72726189,34.89682751],[114.72726582,34.89682593],[114.72727038,34.8968241],[114.72743751,34.89675696],[114.72755456,34.89670994],[114.72761625,34.89668516],[114.72767933,34.89665982],[114.72778007,34.89661936],[114.72786412,34.89658559],[114.72796667,34.8965444],[114.72806031,34.89650678],[114.72812262,34.89648175],[114.72831709,34.89640363],[114.72846517,34.89634414],[114.72866751,34.89626286],[114.72880773,34.89620654],[114.7289126,34.89616441],[114.72901793,34.8961221],[114.72908957,34.89609332],[114.72915028,34.89606893],[114.72936836,34.89598133],[114.72949283,34.89593133],[114.72971878,34.89584056],[114.72983539,34.89579372],[114.72997278,34.89573853],[114.7300692,34.8956998],[114.73012245,34.89567841],[114.73017794,34.89565611],[114.73041962,34.89555903],[114.73052049,34.89551851],[114.73055369,34.89550517],[114.73081547,34.89541826],[114.73102176,34.89534977],[114.73103432,34.8953456],[114.73123946,34.8952775],[114.73137688,34.89523187],[114.73166345,34.89513673],[114.7316705,34.89513439],[114.73189071,34.89506128],[114.73198274,34.89503072],[114.73208744,34.89499596],[114.73223326,34.89494755],[114.73251144,34.89485519],[114.73274709,34.89477696],[114.73291099,34.89472254],[114.73293543,34.89471443],[114.73295788,34.89470697],[114.73308964,34.89466323],[114.73330933,34.89459029],[114.73335942,34.89457366],[114.73360347,34.89449263],[114.73368921,34.89446417],[114.73378341,34.89443289],[114.73394603,34.89437891],[114.73404358,34.89434652],[114.7342074,34.89429213],[114.73445986,34.89420831],[114.73463139,34.89415136],[114.73480241,34.89409458],[114.73495152,34.89404508],[114.73505539,34.89401059],[114.73514945,34.89397936],[114.73531624,34.8939342],[114.73555395,34.89386983],[114.73583007,34.89379505],[114.73595165,34.89376213],[114.73607377,34.89372906],[114.7363439,34.89365591],[114.7365936,34.89358829],[114.73685773,34.89351677],[114.73702371,34.89347182],[114.73711342,34.89344753],[114.73737156,34.89337762],[114.73752051,34.89333729],[114.73763324,34.89330676],[114.73786422,34.89324421],[114.73788539,34.89323848],[114.73789703,34.89323533],[114.73815307,34.89316599],[114.73839922,34.89309934],[114.73855571,34.89305696],[114.73867289,34.89302523],[114.73873645,34.89300801],[114.73891305,34.89296019],[114.73909513,34.89291089],[114.73916404,34.89288446],[114.73942688,34.89278366],[114.73946581,34.89276874],[114.73953111,34.89274369],[114.73976943,34.8926523],[114.73989818,34.89260293],[114.74011198,34.89252094],[114.74019358,34.89248965],[114.74026525,34.89246216],[114.74045454,34.89238957],[114.74063232,34.89232139],[114.74079709,34.89225821],[114.7409994,34.89218062],[114.74106683,34.89215476],[114.74113964,34.89212684],[114.74136647,34.89203986],[114.7414822,34.89199548],[114.74167664,34.89192091],[114.74173354,34.89189909],[114.74188028,34.89184282],[114.74199603,34.89181109],[114.74218856,34.89175832],[114.74250986,34.89167026],[114.74270216,34.89161756],[114.74302369,34.89152943],[114.74321575,34.89147679],[114.74353752,34.8913886],[114.74372934,34.89133602],[114.74405135,34.89124777],[114.74424294,34.89119526],[114.74456518,34.89110694],[114.74475653,34.89105449],[114.74507901,34.89096611],[114.74527013,34.89091372],[114.74550083,34.89085049],[114.74559284,34.89082937],[114.74568664,34.89080784],[114.74583858,34.89077296],[114.74590323,34.89075812],[114.74610666,34.89071141],[114.74645177,34.89063219],[114.74652369,34.89061568],[114.74679177,34.89055414],[114.74703979,34.8904972],[114.74706495,34.89049142],[114.74708407,34.89048703],[114.74713432,34.89040331],[114.7472382,34.89023026],[114.74725043,34.89020989],[114.74727629,34.89016681],[114.7472953,34.89013514],[114.7473056,34.89011798],[114.74731369,34.8901045],[114.74741943,34.88992836],[114.74745897,34.88986248],[114.74749477,34.88980284],[114.74763938,34.88956193],[114.74764815,34.88954732],[114.74767064,34.88950985],[114.74781943,34.88926198],[114.74792641,34.88908375],[114.74799902,34.88896279],[114.7480954,34.88880222],[114.74815545,34.88870218],[114.74816198,34.8886913],[114.74817654,34.88866705],[114.74826439,34.88852069],[114.74832178,34.88842508],[114.74833326,34.88840596],[114.74836282,34.88835671],[114.74841038,34.88827747],[114.74843338,34.88823915],[114.74844294,34.88822323],[114.74848111,34.88815965],[114.74867581,34.88783528],[114.74884709,34.88754994],[114.74890684,34.88745039],[114.7489285,34.8874143],[114.74893396,34.88740521],[114.74894036,34.88739455],[114.74899845,34.88729777],[114.74901837,34.88726459],[114.74906205,34.88719182],[114.74910934,34.88711302],[114.74918358,34.88698933],[114.74918517,34.88698669],[114.74918964,34.88697923],[114.74918985,34.88697888],[114.74919065,34.88697756],[114.74924976,34.88687906],[114.74927832,34.88683148],[114.74932868,34.88674758],[114.74936092,34.88669387],[114.74937171,34.88667589],[114.74937806,34.88666531],[114.7494473,34.88654995],[114.74951256,34.88644122],[114.74951737,34.88643322],[114.7495322,34.88640851],[114.74961628,34.88626842],[114.74966606,34.88618547],[114.74970347,34.88612315],[114.74978526,34.88598688],[114.74981905,34.88593058],[114.74985253,34.88587481],[114.74987475,34.88583779],[114.74995424,34.88570535],[114.75001922,34.88559709],[114.75004603,34.88555243],[114.75012322,34.88542382],[114.75013006,34.88541242],[114.7501423,34.88539202],[114.7502173,34.88526706],[114.7502922,34.88514228],[114.75038858,34.8849817],[114.75044518,34.8848874],[114.75046118,34.88486075],[114.75055986,34.88469634],[114.75056056,34.88469517],[114.75056795,34.88468286],[114.75058013,34.88466257],[114.75063016,34.88457922],[114.75066376,34.88452323],[114.75073113,34.88441098],[114.75073547,34.88440376],[114.7507343,34.88439303],[114.75073113,34.8843639],[114.75072698,34.88432566],[114.75072209,34.88428073],[114.75071629,34.88422742],[114.75070832,34.88415415],[114.75066901,34.88379265],[114.75072172,34.88379254],[114.75073113,34.88379252],[114.7507795,34.88379241],[114.75111884,34.8837917],[114.7513596,34.883794],[114.75141624,34.88379812],[114.75143387,34.8837994],[114.75149151,34.88380359],[114.751714,34.88387538],[114.7517499,34.88388696],[114.75174948,34.88388827],[114.75172794,34.88395468],[114.75172842,34.88395705],[114.75175879,34.88410757],[114.75180052,34.88431437],[114.75181237,34.88437306],[114.75181316,34.88437699],[114.75181649,34.88437885],[114.75187626,34.88441223],[114.75192321,34.88443845],[114.75202239,34.88449384],[114.75210135,34.88453794],[114.75213778,34.88455829],[114.75217526,34.88457922],[114.75219465,34.88459005],[114.75227262,34.88463359],[114.75227992,34.88463767],[114.75242731,34.88471998],[114.75261518,34.88482491],[114.75264954,34.8848441],[114.75266155,34.88485081],[114.75267935,34.88486075],[114.75269447,34.88486919],[114.75271751,34.88488206],[114.75278645,34.88492056],[114.75286672,34.88496539],[114.7529314,34.88500152],[114.75309486,34.88509281],[114.75312901,34.88511188],[114.75318345,34.88514228],[114.75330028,34.88520753],[114.75333084,34.8852246],[114.75336401,34.88524313],[114.75340539,34.88526623],[114.7534355,34.88528305],[114.75354316,34.88534318],[114.75364284,34.88539678],[114.75368321,34.8854185],[114.7536931,34.88542382],[114.753709,34.88543237],[114.75372072,34.88543867],[114.75381411,34.88548889],[114.75393732,34.88555516],[114.75396322,34.88556458],[114.75404149,34.88559308],[114.75404194,34.88559324],[114.75404242,34.88559341],[114.75415667,34.88563499],[114.75434996,34.88570535],[114.75449922,34.88575968],[114.75472024,34.88584013],[114.75473669,34.88584612],[114.75476725,34.88585724],[114.75477686,34.88586031],[114.75501305,34.88593574],[114.75517319,34.88598688],[114.7551801,34.88598909],[114.75569815,34.88604833],[114.75593555,34.88607548],[114.75610921,34.88609533],[114.75646671,34.88611872],[114.75666862,34.88612069],[114.75738228,34.88612765],[114.75786875,34.8861324],[114.75856529,34.88618859],[114.75860986,34.88619218],[114.75864213,34.88619479],[114.7586611,34.88619626],[114.75940383,34.88625404],[114.75956861,34.88627949],[114.75998007,34.88634303],[114.76002811,34.88635045],[114.76040843,34.88640918],[114.76083645,34.88647528],[114.76087775,34.88648166],[114.76096699,34.88651084],[114.76104129,34.88653513],[114.76108661,34.88654995],[114.76110857,34.88655713],[114.76111048,34.88655776],[114.76111572,34.88656011],[114.76117901,34.88658859],[114.76117935,34.88658875],[114.76140599,34.88669072],[114.76152156,34.88674272],[114.76168036,34.88681417],[114.76171885,34.88683148],[114.76186411,34.88689684],[114.76195769,34.88693895],[114.76202772,34.88697225],[114.76220667,34.88705735],[114.76226668,34.8870859],[114.76232371,34.88711302],[114.76249908,34.88719642],[114.76254922,34.88722027],[114.76257193,34.88723107],[114.76259292,34.88724106],[114.76261969,34.88725379],[114.76271511,34.88729917],[114.7627205,34.88730173],[114.76291568,34.88739455],[114.76306305,34.88746464],[114.76318639,34.8875233],[114.76321093,34.88753532],[114.76325029,34.8875546],[114.76330932,34.88758351],[114.76333339,34.8875953],[114.7634056,34.88763067],[114.76344854,34.8876517],[114.76349833,34.88767609],[114.76357688,34.88771456],[114.76364557,34.8877482],[114.76378574,34.88781685],[114.76388372,34.88786484],[114.76391943,34.88788233],[114.76397356,34.88790884],[114.76407314,34.88795762],[114.7641931,34.88801637],[114.76426199,34.88805011],[114.76429424,34.88806591],[114.76436055,34.88809839],[114.76438932,34.88811248],[114.76440454,34.88811993],[114.76442386,34.8881294],[114.76443326,34.888134],[114.764453,34.88814367],[114.76451759,34.8881753],[114.76464796,34.88823915],[114.76467665,34.88825321],[114.76477582,34.8883032],[114.76492801,34.88837992],[114.76504621,34.88843951],[114.76511837,34.88847589],[114.76514529,34.88848946],[114.76518555,34.88850975],[114.76520002,34.88851705],[114.76520724,34.88852069],[114.76521477,34.88852448],[114.76523574,34.88853505],[114.76527073,34.8885527],[114.76528964,34.88856223],[114.7653548,34.88859508],[114.76544826,34.88864219],[114.76548647,34.88866145],[114.76559658,34.88871696],[114.7656322,34.88873492],[114.7657657,34.88880222],[114.76593692,34.88888853],[114.76597475,34.88891451],[114.76600176,34.88893306],[114.76601622,34.88894299],[114.7660587,34.88897216],[114.7660887,34.88899276],[114.76614603,34.88903213],[114.76618987,34.88906224],[114.7662155,34.88907984],[114.76621692,34.88908082],[114.7662212,34.88908375],[114.76623516,34.88909334],[114.7663173,34.88914975],[114.76635295,34.88917423],[114.76642619,34.88922452],[114.76648572,34.8892654],[114.76648858,34.88926737],[114.76655297,34.88931159],[114.76663117,34.88936529],[114.76663417,34.88936735],[114.76669023,34.88940585],[114.76669224,34.88940723],[114.76669225,34.88940581],[114.76669269,34.88934626],[114.76669307,34.88929434],[114.76669563,34.8889418],[114.76669665,34.88880222],[114.76669691,34.88876609],[114.76669693,34.88876449],[114.76699821,34.88874539],[114.76717369,34.88873426],[114.76761817,34.88870608],[114.76768752,34.88870168],[114.76769053,34.88870149],[114.76769352,34.8887013],[114.76769444,34.88870643],[114.76770501,34.88876535],[114.76776216,34.88908375],[114.76785879,34.88962208],[114.76786445,34.88965358],[114.76787513,34.88971309],[114.76787567,34.88971611],[114.76794918,34.88972321],[114.76861576,34.88978759],[114.76929606,34.88985329],[114.76940028,34.88986335],[114.76954093,34.88987694],[114.76965485,34.88992836],[114.76967135,34.8899358],[114.76974284,34.88996806],[114.76986516,34.89002328],[114.76996675,34.89006912],[114.77002802,34.89009677],[114.77008539,34.89012267],[114.77027864,34.89020989],[114.77042794,34.89027727],[114.77051222,34.89031531],[114.77059054,34.89035066],[114.77063564,34.89037102],[114.77067226,34.89038754],[114.7707705,34.89043187],[114.77083934,34.89046295],[114.77090244,34.89049142],[114.77111305,34.89058647],[114.77121435,34.89063219],[114.7714556,34.89074107],[114.77151944,34.89076989],[114.77152625,34.89077296],[114.77152963,34.89077449],[114.77158011,34.89079726],[114.77162688,34.89081837],[114.77183816,34.89091372],[114.77194924,34.89096385],[114.77196943,34.89097297],[114.77201897,34.89099532],[114.77215007,34.89105449],[114.7721851,34.8910703],[114.77231199,34.89112757],[114.77231234,34.89112773],[114.77251238,34.89119526],[114.77261473,34.89122981],[114.77263927,34.89123809],[114.77270622,34.89126069],[114.77271308,34.89126301],[114.77271192,34.89125766],[114.77269914,34.89119873],[114.77265454,34.8909931],[114.77265192,34.89098103],[114.77257626,34.89063219],[114.77251913,34.89036875],[114.77248681,34.89021974],[114.77248557,34.89021402],[114.77248326,34.8902034],[114.77244366,34.8900208],[114.77242598,34.88993927],[114.77241324,34.88988053],[114.77241191,34.88987443],[114.77241551,34.8898736],[114.77241568,34.88987356],[114.77248326,34.889858],[114.77248674,34.8898572],[114.77252977,34.88984729],[114.77278902,34.88978759],[114.77289471,34.88976325],[114.77311822,34.88973326],[114.77316837,34.88972621],[114.77365965,34.8896571],[114.7738826,34.88964682],[114.77392115,34.88964505],[114.77394864,34.88964682],[114.77410408,34.88965687],[114.77445444,34.88970919],[114.77453858,34.88972536],[114.77472916,34.88976198],[114.77493133,34.88977196],[114.77497081,34.88977391],[114.7753801,34.88973181],[114.77539496,34.88972868],[114.77572005,34.88966025],[114.77578384,34.88964682],[114.77593236,34.88961556],[114.77608007,34.88958446],[114.77632452,34.88953301],[114.77645256,34.88950605],[114.77676518,34.88944025],[114.77712129,34.88936529],[114.77714838,34.88935959],[114.77745028,34.88927138],[114.77745657,34.88926954],[114.77761065,34.88922452],[114.77764081,34.88921571],[114.77779284,34.88917129],[114.77784474,34.88915612],[114.77809242,34.88908375],[114.77819983,34.88905237],[114.77830667,34.88902116],[114.77845392,34.88897813],[114.77853166,34.88894299],[114.77862274,34.88890182],[114.77864922,34.88888985],[114.77868606,34.8888732],[114.77869077,34.88887107],[114.77869393,34.88887057],[114.77876486,34.88885949],[114.77913118,34.88880222],[114.7795056,34.88874369],[114.78003165,34.88866145],[114.78053326,34.88858304],[114.78093213,34.88852069],[114.78098458,34.88851249],[114.78138965,34.88844917],[114.78157195,34.88842067],[114.78174305,34.88837992],[114.78177374,34.88837261],[114.78207475,34.88830092],[114.78233413,34.88823915],[114.78240257,34.88822285],[114.78258858,34.88817855],[114.78287744,34.88810976],[114.78288905,34.888107],[114.78292521,34.88809839],[114.78312128,34.88805169],[114.78327369,34.88801539],[114.78351628,34.88795762],[114.78361917,34.88793312],[114.78371918,34.8879093],[114.78372672,34.8879075],[114.78378752,34.88789302],[114.78400345,34.8878416],[114.78407292,34.88782505],[114.78407618,34.88782428],[114.78407468,34.88781999],[114.78407358,34.88781685],[114.78405506,34.88776382],[114.7840547,34.88776277],[114.78402443,34.88767609],[114.78396328,34.88750098],[114.7839588,34.88748815],[114.78393865,34.88743045],[114.78387695,34.88725379],[114.78384429,34.88716025],[114.78378752,34.88699769],[114.78372782,34.88682673],[114.78370687,34.88676674],[114.78377654,34.88678115],[114.78401989,34.88683148],[114.78407625,34.88684314],[114.78408771,34.88684551],[114.78430135,34.8868897],[114.78449308,34.88692935],[114.78470048,34.88697225],[114.78474645,34.88698176],[114.78484656,34.88700247],[114.78498622,34.88703135],[114.78498645,34.8870314],[114.78516176,34.88706766],[114.78538108,34.88711302],[114.78541414,34.88711986],[114.78553727,34.88714532],[114.78560732,34.88715981],[114.78561186,34.88716075],[114.78561517,34.88715926],[114.7856786,34.88713085],[114.78571842,34.88711302],[114.78581293,34.88707069],[114.78584284,34.88705729],[114.78588714,34.88703745],[114.7860327,34.88697225],[114.78607327,34.88695408],[114.78618539,34.88690386],[114.78634699,34.88683148],[114.78652794,34.88675043],[114.78654067,34.88674474],[114.78666127,34.88669072],[114.78668375,34.88668065],[114.7868705,34.886597],[114.78695649,34.88655848],[114.78697554,34.88654995],[114.78701712,34.88653133],[114.78721305,34.88644357],[114.78728708,34.88641041],[114.78728982,34.88640918],[114.78729311,34.88640771],[114.78738433,34.88636685],[114.78757863,34.88627982],[114.78760409,34.88626842],[114.78761782,34.88626227],[114.78772688,34.88621342],[114.78788422,34.88614294],[114.78791836,34.88612765],[114.7880325,34.88607653],[114.78806943,34.88606006],[114.78823123,34.88598793],[114.78823358,34.88598688],[114.78824208,34.88598309],[114.78834681,34.8859364],[114.78841199,34.88590735],[114.78842236,34.88590273],[114.78843678,34.88589629],[114.78851551,34.88586119],[114.78854933,34.88584612],[114.78866212,34.88579584],[114.78875454,34.88575463],[114.78886508,34.88570535],[114.78909709,34.88560191],[114.78912373,34.88559004],[114.78918083,34.88556458],[114.78922846,34.88554335],[114.7892351,34.88554039],[114.78923752,34.88553931],[114.78926837,34.88552555],[114.78942087,34.88545757],[114.78946347,34.88543858],[114.78949658,34.88542382],[114.78950087,34.88542191],[114.78950836,34.88541856],[114.78961092,34.88537284],[114.78969098,34.88533715],[114.78980541,34.88528305],[114.78988511,34.88524537],[114.78995348,34.88521305],[114.79007328,34.88515641],[114.79010315,34.88514228],[114.79012068,34.88513399],[114.79012475,34.88513207],[114.79013623,34.88512664],[114.79013976,34.88512498],[114.79013939,34.88512293],[114.79012876,34.88506406],[114.79012475,34.88504189],[114.79011737,34.88500104],[114.79004117,34.88457922],[114.78999559,34.88432686],[114.78995348,34.88409374],[114.78994057,34.88402229],[114.78986901,34.88359385],[114.78983396,34.88338404],[114.7897822,34.88307415],[114.78974973,34.88287975],[114.78970331,34.88260848],[114.7896901,34.88253127],[114.78961092,34.88206861],[114.78957901,34.88188211],[114.78953469,34.88162311],[114.78944112,34.88107633],[114.78943821,34.88105933],[114.789428,34.88099966],[114.78942732,34.88099565],[114.78942212,34.88099434],[114.7893524,34.88097672],[114.78912518,34.88091928],[114.78892582,34.88086888],[114.78888542,34.88085867],[114.78885133,34.88085005],[114.78884234,34.88077851],[114.78878025,34.88028473],[114.78876051,34.88012777],[114.78875658,34.88009653],[114.78875454,34.88008027],[114.78870573,34.87969209],[114.7886982,34.87963221],[114.78869812,34.87963158],[114.78870433,34.8796309],[114.78877666,34.87962293],[114.78909709,34.87958763],[114.7894327,34.87955067],[114.78978729,34.87951161],[114.79017589,34.8794688],[114.79046731,34.87943401],[114.79064654,34.87941261],[114.79115702,34.87937251],[114.79118879,34.87937084],[114.79252263,34.87930099],[114.79282245,34.87928529],[114.79291743,34.87927731],[114.79423539,34.87915349],[114.79480303,34.87910016],[114.79491852,34.87908931],[114.79503307,34.87907855],[114.7956056,34.87902476],[114.79592013,34.87899521],[114.79627822,34.87896156],[114.79641683,34.87894854],[114.79665889,34.8789258],[114.79714709,34.87887992],[114.79791483,34.87880777],[114.79862409,34.87874112],[114.79868858,34.87873506],[114.79869584,34.87873438],[114.79869711,34.87873426],[114.79869883,34.87873103],[114.7987283,34.87867576],[114.79880802,34.87852624],[114.79884635,34.87845434],[114.79885986,34.87842901],[114.79892028,34.87831569],[114.79895812,34.87824471],[114.79899414,34.87817715],[114.79903114,34.87810777],[114.79908756,34.87800195],[114.79910823,34.87796317],[114.79911737,34.87794603],[114.79920241,34.87774874],[114.79921203,34.87772642],[114.79929201,34.87754087],[114.79935103,34.87740396],[114.7993597,34.87738384],[114.79937369,34.87735139],[114.79939027,34.87731292],[114.79947405,34.87711857],[114.79950249,34.87705258],[114.79954497,34.87662051],[114.79960779,34.87598145],[114.79961879,34.87586953],[114.79962085,34.87584862],[114.79963071,34.87557014],[114.7996425,34.87523744],[114.79965021,34.87501957],[114.79965225,34.87496913],[114.7996547,34.8749086],[114.79965471,34.87490846],[114.79965476,34.87490704],[114.79966238,34.87490662],[114.79971624,34.87490362],[114.79973446,34.8749026],[114.79983939,34.87489676],[114.79997143,34.8748894],[114.80014915,34.8748795],[114.80035704,34.8748831],[114.80055284,34.87488181],[114.80061647,34.87488532],[114.80069053,34.8748894],[114.80069133,34.87488944],[114.80067951,34.8748663],[114.80057263,34.8748663],[114.80057263,34.87465714],[114.80043662,34.87439098],[114.8001999,34.87389845],[114.79993874,34.87337133],[114.7995573,34.87256507],[114.79951541,34.87243412],[114.79945882,34.87219173],[114.79937369,34.87219173],[114.79937369,34.87185369],[114.79927981,34.8714879],[114.79920241,34.8714879],[114.79920241,34.8711862],[114.79907307,34.8706433],[114.79903114,34.8706433],[114.79903114,34.87046179],[114.7989371,34.87008023],[114.79885986,34.87008023],[114.79885986,34.86977105],[114.79876126,34.8693764],[114.79868858,34.8693764],[114.79868858,34.86908346],[114.79862356,34.86881333],[114.79851731,34.86881333],[114.79851731,34.86839103],[114.79868858,34.86839103],[114.79868858,34.86825026],[114.79903114,34.86825026],[114.79903114,34.86810949],[114.79954497,34.86810949],[114.79954497,34.8675391],[114.79949285,34.86726489],[114.79937369,34.86726489],[114.79937369,34.86667706],[114.79932054,34.86642029],[114.79920241,34.86642029],[114.79920241,34.8658285],[114.79918117,34.86571646],[114.79903114,34.86571646],[114.79903114,34.86556308],[114.79803289,34.86567713],[114.79794108,34.86515339],[114.7978322,34.86515339],[114.7978322,34.8648357],[114.79712172,34.86489604],[114.79703946,34.86448692],[114.7969813,34.86430879],[114.79663326,34.86430879],[114.79663326,34.86444956],[114.79646199,34.86444956],[114.79646199,34.86459032],[114.79629071,34.86459032],[114.79629071,34.86473109],[114.79611943,34.86473109],[114.79611943,34.86487186],[114.79577688,34.86487186],[114.79577688,34.86473109],[114.7949205,34.86473109],[114.7949205,34.86487186],[114.79474922,34.86487186],[114.79474922,34.86501262],[114.79457794,34.86501262],[114.79457794,34.86487186],[114.79389284,34.86487186],[114.79389284,34.86501262],[114.79355029,34.86501262],[114.79355029,34.86515339],[114.79286518,34.86515339],[114.79286518,34.86529416],[114.7926939,34.86529416],[114.7926939,34.86543492],[114.79183752,34.86543492],[114.79183752,34.86557569],[114.79166624,34.86557569],[114.79166624,34.86571646],[114.79098114,34.86571646],[114.79098114,34.86585722],[114.79029603,34.86585722],[114.79029603,34.86501262],[114.79012475,34.86501262],[114.79012475,34.86473109],[114.78995348,34.86473109],[114.78995348,34.86416802],[114.78926837,34.86416802],[114.78926837,34.86430879],[114.78858326,34.86430879],[114.78858326,34.86416802],[114.78841199,34.86416802],[114.78841199,34.86388649],[114.78824071,34.86388649],[114.78824071,34.86360496],[114.78806943,34.86360496],[114.78806943,34.86332342],[114.78789816,34.86332342],[114.78789816,34.86318265],[114.78772688,34.86318265],[114.78772688,34.86290112],[114.7875556,34.86290112],[114.7875556,34.86247882],[114.78738433,34.86247882],[114.78738433,34.86219729],[114.78721305,34.86219729],[114.78721305,34.86177499],[114.78704177,34.86177499],[114.78704177,34.86135269],[114.7868705,34.86135269],[114.7868705,34.86078962],[114.78669922,34.86078962],[114.78669922,34.86050808],[114.78652794,34.86050808],[114.78652794,34.86022655],[114.78635667,34.86022655],[114.78635667,34.85994502],[114.78618539,34.85994502],[114.78618539,34.85980425],[114.78498645,34.85980425],[114.78498645,34.85994502],[114.7839588,34.85994502],[114.7839588,34.86008578],[114.78293114,34.86008578],[114.78293114,34.86022655],[114.78224603,34.86022655],[114.78224603,34.86036732],[114.78156092,34.86036732],[114.78156092,34.86050808],[114.78001943,34.86050808],[114.78001943,34.86064885],[114.77916305,34.86064885],[114.77916305,34.86078962],[114.77847794,34.86078962],[114.77847794,34.86093039],[114.77796411,34.86093039],[114.77796411,34.86107115],[114.77642262,34.86107115],[114.77642262,34.86078962],[114.77625135,34.86078962],[114.77625135,34.86050808],[114.77608007,34.86050808],[114.77608007,34.85994502],[114.77590879,34.85994502],[114.77590879,34.85938195],[114.77573752,34.85938195],[114.77573752,34.85867812],[114.77556624,34.85867812],[114.77556624,34.85825582],[114.77539496,34.85825582],[114.77539496,34.85755198],[114.77522369,34.85755198],[114.77522369,34.85727045],[114.77505241,34.85727045],[114.77505241,34.85670738],[114.77488114,34.85670738],[114.77488114,34.85614431],[114.77470986,34.85614431],[114.77470986,34.85544048],[114.77453858,34.85544048],[114.77453858,34.85487741],[114.77436731,34.85487741],[114.77436731,34.85445511],[114.77419603,34.85445511],[114.77419603,34.85375128],[114.77402475,34.85375128],[114.77402475,34.85318821],[114.77385348,34.85318821],[114.77385348,34.85290668],[114.77316837,34.85290668],[114.77316837,34.85304744],[114.77299709,34.85304744],[114.77299709,34.85318821],[114.77248326,34.85318821],[114.77248326,34.85332898],[114.77231199,34.85332898],[114.77231199,34.85346974],[114.77214071,34.85346974],[114.77214071,34.85361051],[114.77179816,34.85361051],[114.77179816,34.85375128],[114.77162688,34.85375128],[114.77162688,34.85389204],[114.7714556,34.85389204],[114.7714556,34.85403281],[114.77111305,34.85403281],[114.77111305,34.85417358],[114.77094177,34.85417358],[114.77094177,34.85431434],[114.7707705,34.85431434],[114.7707705,34.85445511],[114.77042794,34.85445511],[114.77042794,34.85459588],[114.77025667,34.85459588],[114.77025667,34.85473664],[114.77008539,34.85473664],[114.77008539,34.85487741],[114.76957156,34.85487741],[114.76957156,34.85459588],[114.76888645,34.85459588],[114.76888645,34.85445511],[114.76871518,34.85445511],[114.76871518,34.85375128],[114.7685439,34.85375128],[114.7685439,34.85304744],[114.76837262,34.85304744],[114.76837262,34.85234361],[114.76820135,34.85234361],[114.76820135,34.85178054],[114.76803007,34.85178054],[114.76803007,34.85107671],[114.76785879,34.85107671],[114.76785879,34.85065441],[114.76768752,34.85065441],[114.76768752,34.85009134],[114.76751624,34.85009134],[114.76751624,34.84924674],[114.76734496,34.84924674],[114.76734496,34.8485429],[114.76717369,34.8485429],[114.76717369,34.84797984],[114.76700241,34.84797984],[114.76700241,34.84783907],[114.76614603,34.84783907],[114.76614603,34.84797984],[114.76546092,34.84797984],[114.76546092,34.8481206],[114.76460454,34.8481206],[114.76460454,34.84826137],[114.76443326,34.84826137],[114.76443326,34.8481206],[114.76426199,34.8481206],[114.76426199,34.8476983],[114.76409071,34.8476983],[114.76409071,34.84657217],[114.76391943,34.84657217],[114.76391943,34.84530527],[114.76374816,34.84530527],[114.76374816,34.8438976],[114.76357688,34.8438976],[114.76357688,34.84333453],[114.76374816,34.84333453],[114.76374816,34.84277146],[114.76409071,34.84277146],[114.76409071,34.8426307],[114.76426199,34.8426307],[114.76426199,34.84248993],[114.76443326,34.84248993],[114.76443326,34.84234916],[114.76477582,34.84234916],[114.76477582,34.84220839],[114.76494709,34.84220839],[114.76494709,34.84178609],[114.76477582,34.84178609],[114.76477582,34.84065996],[114.76494709,34.84065996],[114.76494709,34.83897076],[114.76511837,34.83897076],[114.76511837,34.83812616],[114.76528964,34.83812616],[114.76528964,34.83714079],[114.76546092,34.83714079],[114.76546092,34.83615542],[114.7656322,34.83615542],[114.7656322,34.83531082],[114.76580347,34.83531082],[114.76580347,34.83460699],[114.76597475,34.83460699],[114.76597475,34.83446622],[114.76648858,34.83446622],[114.76648858,34.83432545],[114.7685439,34.83432545],[114.7685439,34.83376238],[114.76871518,34.83376238],[114.76871518,34.83291778],[114.76888645,34.83291778],[114.76888645,34.83193242],[114.76905773,34.83193242],[114.76905773,34.83179165],[114.76921503,34.83179165],[114.76922901,34.83171694],[114.76922901,34.83010245],[114.76940028,34.83010245],[114.76940028,34.82953938],[114.76957156,34.82953938],[114.76957156,34.82855401],[114.76974284,34.82855401],[114.76974284,34.82785018],[114.76991411,34.82785018],[114.76991411,34.82714634],[114.77008539,34.82714634],[114.77008539,34.82644251],[114.77025667,34.82644251],[114.77025667,34.82559791],[114.77042794,34.82559791],[114.77042794,34.82433101],[114.77059922,34.82433101],[114.77059922,34.82334564],[114.7707705,34.82334564],[114.7707705,34.8226418],[114.77094177,34.8226418],[114.77094177,34.82151567],[114.77111305,34.82151567],[114.77111305,34.82067107],[114.77128433,34.82067107],[114.77128433,34.8196857],[114.7714556,34.8196857],[114.7714556,34.81855957],[114.77162688,34.81855957],[114.77162688,34.8175742],[114.77179816,34.8175742],[114.77179816,34.81644806],[114.77196943,34.81644806],[114.77196943,34.81616653],[114.77214071,34.81616653],[114.77214071,34.81489963],[114.77231199,34.81489963],[114.77231199,34.81433656],[114.77248326,34.81433656],[114.77248326,34.81349196],[114.77265454,34.81349196],[114.77265454,34.81264736],[114.77282582,34.81264736],[114.77282582,34.81152122],[114.77299709,34.81152122],[114.77299709,34.81053585],[114.77316837,34.81053585],[114.77316837,34.80969125],[114.77333965,34.80969125],[114.77333965,34.80856512],[114.77351092,34.80856512],[114.77351092,34.80828359],[114.7736822,34.80828359],[114.7736822,34.80814282],[114.7736822,34.80701668],[114.77385348,34.80701668],[114.77385348,34.80603132],[114.77402475,34.80603132],[114.77402475,34.80532748],[114.77419603,34.80532748],[114.77419603,34.80508445],[114.77265454,34.80522539],[114.77265454,34.80556607],[114.77285242,34.80691096],[114.77174057,34.80708867],[114.77163647,34.80645362],[114.77162688,34.80645362],[114.77162688,34.80639511],[114.77149802,34.80560902],[114.7714556,34.80560902],[114.7714556,34.80535023],[114.77139755,34.80499604],[114.76954658,34.80517092],[114.76737515,34.80531135],[114.76730338,34.80493435],[114.7689441,34.80476441],[114.76734496,34.80476441],[114.76734496,34.80474227],[114.766761,34.80481692],[114.76675358,34.8046724],[114.76734496,34.80459839],[114.76734496,34.80434211],[114.76751624,34.80434211],[114.76751624,34.80420135],[114.76803007,34.80420135],[114.76803007,34.80406058],[114.76905773,34.80406058],[114.76905773,34.80391981],[114.76922901,34.80391981],[114.76922901,34.80376042],[114.76911946,34.80335675],[114.76905773,34.80335675],[114.76905773,34.80312123],[114.76900878,34.80293445],[114.76888645,34.80293445],[114.76888645,34.80180831],[114.76905773,34.80180831],[114.76905773,34.80100109],[114.76897096,34.80068218],[114.76888645,34.80068218],[114.76888645,34.80037158],[114.76876343,34.79991941],[114.76888645,34.79995098],[114.76888645,34.79969681],[114.76871518,34.79969681],[114.76871518,34.79941527],[114.76940028,34.79941527],[114.76940028,34.79885221],[114.76922901,34.79885221],[114.76922901,34.79871144],[114.76940028,34.79871144],[114.76940028,34.79857067],[114.76974284,34.79857067],[114.76974284,34.79842991],[114.77025667,34.79842991],[114.77025667,34.79812596],[114.77016805,34.79777191],[114.76992671,34.79780251],[114.76977054,34.79724703],[114.76943373,34.79731354],[114.76927804,34.7967407],[114.76922901,34.7967407],[114.76922901,34.7965603],[114.76913684,34.79622117],[114.76863439,34.79631985],[114.76857707,34.7961686],[114.76759967,34.79636218],[114.76752578,34.7961898],[114.76650363,34.7964337],[114.76615569,34.79533304],[114.76614603,34.79533304],[114.76614603,34.79530246],[114.76602112,34.79491074],[114.76597475,34.79491074],[114.76597475,34.79477264],[114.76587932,34.79448843],[114.76580347,34.79448843],[114.76580347,34.79426254],[114.76578081,34.79419503],[114.76580347,34.79419002],[114.76580347,34.79364383],[114.76614603,34.79364383],[114.76614603,34.79353618],[114.76604953,34.79331712],[114.76542196,34.79349132],[114.76528796,34.79317111],[114.76579872,34.79296246],[114.76597475,34.79291885],[114.76597475,34.79279923],[114.7656322,34.79279923],[114.7656322,34.7925177],[114.76580347,34.7925177],[114.76580347,34.79237693],[114.7663173,34.79237693],[114.7663173,34.79223617],[114.76683113,34.79223617],[114.76683113,34.7920954],[114.76734496,34.7920954],[114.76734496,34.79195463],[114.76785879,34.79195463],[114.76785879,34.79181386],[114.76797814,34.79181386],[114.76793081,34.79168273],[114.76771382,34.7912508],[114.76768752,34.7912508],[114.76768752,34.79119845],[114.76754087,34.79090654],[114.76768752,34.79086896],[114.76768752,34.79054696],[114.76751624,34.79054696],[114.76751624,34.7904062],[114.7676723,34.7904062],[114.76748187,34.78997327],[114.76722005,34.78998313],[114.76534367,34.7905404],[114.76514901,34.79010395],[114.76474511,34.78921948],[114.76231221,34.79006255],[114.76163467,34.78871989],[114.76075904,34.78909591],[114.75955488,34.78964902],[114.75948982,34.78951312],[114.75809787,34.78674626],[114.75809603,34.78674626],[114.75809603,34.78674258],[114.75793227,34.78641588],[114.75764773,34.78640436],[114.75692885,34.78623582],[114.7554725,34.78587759],[114.75523631,34.78579407],[114.75436351,34.78560557],[114.75435732,34.78541403],[114.75382005,34.78539308],[114.75306551,34.78537089],[114.75280224,34.78463476],[114.75278645,34.78463476],[114.75278645,34.78459063],[114.75269785,34.78436369],[114.75225556,34.78446485],[114.7520538,34.78368476],[114.75210135,34.78367512],[114.75210135,34.78364939],[114.75193007,34.78364939],[114.75193007,34.78322709],[114.75210135,34.78322709],[114.75210135,34.78308632],[114.75227262,34.78308632],[114.75227262,34.78275857],[114.752176,34.78238249],[114.75210135,34.78238249],[114.75210135,34.78209194],[114.75196064,34.78153788],[114.75193007,34.78153788],[114.75193007,34.78141375],[114.75191609,34.78135696],[114.75193007,34.7813549],[114.75193007,34.78111558],[114.75175879,34.78111558],[114.75175879,34.78097482],[114.75193007,34.78097482],[114.75193007,34.78083405],[114.75227262,34.78083405],[114.75227262,34.78069328],[114.75261518,34.78069328],[114.75261518,34.78024924],[114.75253006,34.77984868],[114.7524439,34.77984868],[114.7524439,34.77900408],[114.75278645,34.77900408],[114.75278645,34.77886331],[114.75330028,34.77886331],[114.75330028,34.77872255],[114.75364284,34.77872255],[114.75364284,34.77823187],[114.75362214,34.77809725],[114.75203638,34.7773833],[114.75182936,34.77661105],[114.75175879,34.77661105],[114.75175879,34.77626412],[114.75172532,34.77609954],[114.75175879,34.77609344],[114.75175879,34.77604798],[114.75158752,34.77604798],[114.75158752,34.77576644],[114.75175879,34.77576644],[114.75175879,34.77562568],[114.75193007,34.77562568],[114.75193007,34.77548491],[114.75261518,34.77548491],[114.75261518,34.77534414],[114.75295773,34.77534414],[114.75295773,34.77520338],[114.75312901,34.77520338],[114.75312901,34.77506261],[114.75347156,34.77506261],[114.75347156,34.77492184],[114.75398539,34.77492184],[114.75398539,34.77478108],[114.7546705,34.77478108],[114.7546705,34.77464031],[114.75518433,34.77464031],[114.75518433,34.77393648],[114.7553556,34.77393648],[114.7553556,34.77365494],[114.75552688,34.77365494],[114.75552688,34.7733424],[114.75534396,34.77338535],[114.75400785,34.773685],[114.75384275,34.77321774],[114.75135809,34.77372868],[114.75102611,34.77376904],[114.75141481,34.77323264],[114.75107369,34.77323264],[114.75107369,34.77309187],[114.75090241,34.77309187],[114.75090241,34.77295111],[114.75073113,34.77295111],[114.75073113,34.77281034],[114.75090241,34.77281034],[114.75090241,34.77266957],[114.75107369,34.77266957],[114.75107369,34.77238804],[114.75124496,34.77238804],[114.75124496,34.77224727],[114.75141624,34.77224727],[114.75141624,34.77210651],[114.75158752,34.77210651],[114.75158752,34.77196574],[114.75175879,34.77196574],[114.75175879,34.77182497],[114.75193007,34.77182497],[114.75193007,34.77154344],[114.75210135,34.77154344],[114.75210135,34.77140267],[114.75227262,34.77140267],[114.75227262,34.77126191],[114.7524439,34.77126191],[114.7524439,34.77098037],[114.75261518,34.77098037],[114.75261518,34.7708396],[114.75278645,34.7708396],[114.75278645,34.77069884],[114.75295773,34.77069884],[114.75295773,34.77055807],[114.75312901,34.77055807],[114.75312901,34.77027654],[114.75330028,34.77027654],[114.75330028,34.77013577],[114.75347156,34.77013577],[114.75347156,34.769995],[114.75364284,34.769995],[114.75364284,34.76971347],[114.75381411,34.76971347],[114.75381411,34.7695727],[114.75398539,34.7695727],[114.75398539,34.76943194],[114.75415667,34.76943194],[114.75415667,34.76929117],[114.75432794,34.76929117],[114.75432794,34.76900964],[114.75449922,34.76900964],[114.75449922,34.76886887],[114.7546705,34.76886887],[114.7546705,34.7687281],[114.75484177,34.7687281],[114.75484177,34.76858734],[114.75501305,34.76858734],[114.75501305,34.7683058],[114.75518433,34.7683058],[114.75518433,34.76816503],[114.7553556,34.76816503],[114.7553556,34.76802427],[114.75552688,34.76802427],[114.75552688,34.76774273],[114.75569815,34.76774273],[114.75569815,34.76760197],[114.75586943,34.76760197],[114.75586943,34.7674612],[114.75604071,34.7674612],[114.75604071,34.76732043],[114.75621198,34.76732043],[114.75621198,34.7670389],[114.75638326,34.7670389],[114.75638326,34.76689813],[114.75655454,34.76689813],[114.75655454,34.76675737],[114.75672581,34.76675737],[114.75672581,34.7666166],[114.75689709,34.7666166],[114.75689709,34.76633507],[114.75706837,34.76633507],[114.75706837,34.7661943],[114.75723964,34.7661943],[114.75723964,34.76605353],[114.75741092,34.76605353],[114.75741092,34.765772],[114.7575822,34.765772],[114.7575822,34.76563123],[114.75775347,34.76563123],[114.75775347,34.76549046],[114.75792475,34.76549046],[114.75792475,34.7653497],[114.75808765,34.7653497],[114.75809603,34.76533755],[114.75809603,34.76506816],[114.7582673,34.76506816],[114.7582673,34.76464586],[114.75843858,34.76464586],[114.75843858,34.76436433],[114.75860986,34.76436433],[114.75860986,34.76394203],[114.75878113,34.76394203],[114.75878113,34.7636605],[114.75895241,34.7636605],[114.75895241,34.76337896],[114.75912369,34.76337896],[114.75912369,34.76309743],[114.75929496,34.76309743],[114.75929496,34.76281589],[114.75946624,34.76281589],[114.75946624,34.76253436],[114.75963752,34.76253436],[114.75963752,34.76225283],[114.75980879,34.76225283],[114.75980879,34.76197129],[114.75998007,34.76197129],[114.75998007,34.76168976],[114.76015135,34.76168976],[114.76015135,34.76140823],[114.76032262,34.76140823],[114.76032262,34.76112669],[114.7604939,34.76112669],[114.7604939,34.76084516],[114.76066518,34.76084516],[114.76066518,34.76070439],[114.7607648,34.76070439],[114.76083645,34.76058276],[114.76083645,34.76056363],[114.76084773,34.76056363],[114.76098412,34.76033212],[114.76099959,34.7601691],[114.76090076,34.76014132],[114.76073117,34.76009366],[114.76069301,34.76008293],[114.76066518,34.76007511],[114.76045068,34.76001482],[114.76044346,34.76001279],[114.76039996,34.76000056],[114.76039737,34.75999983],[114.76015135,34.75993068],[114.760015,34.75989235],[114.75989917,34.75985979],[114.75980599,34.7598336],[114.75963752,34.75978624],[114.75939838,34.75971902],[114.7593331,34.75970067],[114.75929496,34.75967454],[114.75927608,34.7596616],[114.75915445,34.75957826],[114.75912983,34.75956139],[114.75912369,34.75955718],[114.75907104,34.75952111],[114.75902674,34.75929672],[114.75895241,34.75892023],[114.75893133,34.75881347],[114.7588727,34.75851647],[114.75884266,34.75845212],[114.75879223,34.75834407],[114.75878113,34.7583203],[114.75871125,34.75817059],[114.75868835,34.75812152],[114.75861118,34.7581083],[114.75860986,34.75810798],[114.75850316,34.75808217],[114.75846109,34.75802982],[114.75844158,34.75800556],[114.75843858,34.75799495],[114.75838034,34.75778924],[114.7583708,34.7576002],[114.75834986,34.75718522],[114.75833611,34.75691265],[114.75829705,34.75684384],[114.75829604,34.75684206],[114.7582673,34.75679142],[114.7582131,34.75669592],[114.75802184,34.75662215],[114.75792475,34.75658471],[114.75777392,34.75652654],[114.75765684,34.75648139],[114.75765586,34.75648101],[114.75741092,34.75638654],[114.75729186,34.75634062],[114.75712675,34.75627694],[114.75706837,34.75625442],[114.75692688,34.75619985],[114.75672581,34.75612231],[114.75656189,34.75605909],[114.75651326,34.75604033],[114.75638326,34.75599019],[114.75630453,34.75595983],[114.75619691,34.75591832],[114.75604071,34.75585808],[114.75583193,34.75577755],[114.75581072,34.75576938],[114.75569815,34.75572596],[114.75549818,34.75564883],[114.75545036,34.75563679],[114.75518433,34.75556976],[114.75500683,34.75552504],[114.75489165,34.75549602],[114.75479797,34.75547242],[114.7546705,34.7554403],[114.75439603,34.75537115],[114.75433295,34.75535525],[114.75408409,34.75529255],[114.75404772,34.75528339],[114.75375425,34.75533219],[114.75353616,34.75535525],[114.75288283,34.75542433],[114.75284282,34.75542856],[114.75284215,34.75542863],[114.75278645,34.75543452],[114.75228708,34.75548731],[114.7521878,34.75544891],[114.75210135,34.75541547],[114.75208655,34.75540975],[114.75207136,34.75530804],[114.75202064,34.75507372],[114.75193007,34.75465525],[114.75190344,34.7545322],[114.75184978,34.75422912],[114.75175879,34.75371515],[114.75173433,34.75357697],[114.75173428,34.75357667],[114.75172587,34.7535292],[114.75167534,34.75324375],[114.75164457,34.75306992],[114.75158752,34.75304134],[114.75156747,34.7530313],[114.75144399,34.75301776],[114.75135785,34.75301717],[114.75116608,34.75301586],[114.7508573,34.75301376],[114.7507801,34.75301323],[114.75073113,34.75319476],[114.75071501,34.75325454],[114.75069578,34.75337285],[114.75069578,34.75343684],[114.75069578,34.75361421],[114.75066563,34.75380682],[114.75066464,34.75381312],[114.75042772,34.75384125],[114.75038858,34.75385337],[114.75030959,34.75387783],[114.75025171,34.75389575],[114.75015709,34.75392504],[114.74998787,34.7539253],[114.74992006,34.75381429],[114.74987475,34.75361084],[114.74986042,34.75354647],[114.74985878,34.75353914],[114.74985203,34.75350882],[114.74981809,34.75342553],[114.74963661,34.75342582],[114.74958118,34.7534259],[114.74955326,34.75342213],[114.74937808,34.75339844],[114.74937564,34.75338452],[114.74936092,34.75330049],[114.74934402,34.75320403],[114.74930855,34.751704],[114.74927626,34.75113225],[114.74927404,34.75109291],[114.74927309,34.75109213],[114.74926033,34.75108169],[114.74918964,34.75102383],[114.74915013,34.75099148],[114.74910467,34.75095427],[114.74873858,34.75095484],[114.74833652,34.75095546],[114.74829241,34.75095553],[114.74822853,34.75095509],[114.7480036,34.75095354],[114.74799071,34.75095346],[114.74792864,34.75095303],[114.7479479,34.75001186],[114.74794791,34.75001103],[114.74798014,34.74843547],[114.74794767,34.748357],[114.74767219,34.74837554],[114.74766195,34.74837623],[114.74765595,34.74844558],[114.74765025,34.74851131],[114.74764815,34.74853553],[114.74760439,34.74904086],[114.74759289,34.75001103],[114.74759288,34.75001194],[114.74758728,34.75048524],[114.74758169,34.75095662],[114.74756023,34.75095801],[114.74730676,34.7509744],[114.74714175,34.75098507],[114.74695956,34.75098221],[114.74679177,34.75097957],[114.74677983,34.75097939],[114.74674281,34.7509788],[114.74676885,34.75040227],[114.74677882,34.75001212],[114.74677885,34.75001103],[114.74679177,34.74950573],[114.74682093,34.74836527],[114.74679177,34.74834948],[114.7467699,34.74833763],[114.74657142,34.74833885],[114.7464906,34.74833934],[114.74646318,34.75001103],[114.74646316,34.75001219],[114.7464497,34.75083312],[114.74644922,34.75086232],[114.7464471,34.75099148],[114.74644682,34.75100856],[114.74642819,34.7510135],[114.74631171,34.75104433],[114.74615077,34.75102635],[114.74601516,34.7510112],[114.74601629,34.75099148],[114.74602442,34.75085071],[114.74607283,34.75001227],[114.7460729,34.75001103],[114.74610666,34.74942621],[114.74615771,34.74854198],[114.74610666,34.74848973],[114.74607534,34.74845768],[114.7460222,34.74840329],[114.74590403,34.74840313],[114.7454368,34.74840253],[114.7453231,34.74840238],[114.74529706,34.74840254],[114.74516013,34.74840337],[114.74511151,34.74840367],[114.74510795,34.74845768],[114.74508009,34.74888001],[114.74507901,34.74889651],[114.74502208,34.74975965],[114.74502859,34.74986534],[114.74503198,34.74992029],[114.74481813,34.74992159],[114.74475267,34.74992199],[114.74474974,34.74986534],[114.74473742,34.74962753],[114.7448039,34.74846069],[114.74476818,34.74835842],[114.74473602,34.74826634],[114.74465729,34.74828681],[114.74454157,34.74831691],[114.74444677,34.74834157],[114.74443385,34.74834492],[114.74444697,34.74861881],[114.74446604,34.74901679],[114.74446246,34.74972651],[114.74446201,34.74981597],[114.74446102,34.75001103],[114.74446101,34.75001261],[114.74445659,34.75088798],[114.7443939,34.75091634],[114.744347,34.75093755],[114.74411026,34.75096695],[114.74409517,34.75022644],[114.74407576,34.75001268],[114.74407561,34.75001103],[114.74405135,34.74974395],[114.74405061,34.74973585],[114.74404959,34.74972458],[114.74404823,34.7497097],[114.74389133,34.7496288],[114.74388007,34.74962914],[114.74353057,34.74963955],[114.74302369,34.74965466],[114.74106873,34.7497129],[114.74094702,34.74971653],[114.74048055,34.74972458],[114.73918717,34.7497469],[114.73882565,34.74974742],[114.73849931,34.7497479],[114.73827375,34.74974823],[114.73827357,34.74974823],[114.7382627,34.74972458],[114.73823402,34.74966218],[114.73822794,34.74964894],[114.73821537,34.74962159],[114.73821493,34.74962062],[114.73817165,34.74952614],[114.73822794,34.74939639],[114.73832985,34.74916151],[114.73834049,34.74913698],[114.73839922,34.7490101],[114.73845371,34.74889236],[114.73845945,34.74887998],[114.73850591,34.7487796],[114.73857049,34.74864005],[114.73861069,34.74855322],[114.73864277,34.74844749],[114.73864442,34.74844205],[114.73864307,34.74844205],[114.73803525,34.74844293],[114.73770509,34.74845768],[114.73739225,34.74847165],[114.73737156,34.74851422],[114.73732469,34.74861064],[114.73729641,34.74869604],[114.73728311,34.7487362],[114.73728212,34.74873921],[114.73722345,34.74891636],[114.73708613,34.7489454],[114.73708348,34.74894596],[114.737029,34.74895748],[114.73694283,34.74897571],[114.73672984,34.74902074],[114.73665162,34.74903728],[114.7363439,34.74910236],[114.73617955,34.74913711],[114.73606415,34.74916151],[114.73598275,34.74917873],[114.73576846,34.74922404],[114.73555711,34.74922319],[114.73542814,34.74922267],[114.73540812,34.74922259],[114.73537964,34.74922248],[114.73536291,34.74916151],[114.73531624,34.74899145],[114.73530338,34.74894458],[114.73524701,34.74873921],[114.73517503,34.74847692],[114.73514496,34.74836736],[114.73509248,34.74817614],[114.73509063,34.74816938],[114.73497369,34.7479938],[114.73490907,34.74789679],[114.73490762,34.74789461],[114.73488729,34.74786409],[114.73476505,34.74789461],[114.73465096,34.74792309],[114.73445986,34.7479708],[114.73420116,34.74803538],[114.73394603,34.74809907],[114.73373493,34.74815176],[114.73363727,34.74817614],[114.73343236,34.7482273],[114.73302407,34.74822355],[114.73300681,34.7480906],[114.73299965,34.74803538],[114.73299019,34.74796248],[114.73291837,34.74740899],[114.73291356,34.74737198],[114.73283525,34.74676847],[114.73274709,34.74608907],[114.73265259,34.74536081],[114.73265064,34.74534579],[114.73261736,34.74508933],[114.73257581,34.74505531],[114.73244803,34.74495067],[114.73244757,34.7449507],[114.73241258,34.74495276],[114.73241141,34.74495283],[114.73137688,34.74501387],[114.73026821,34.74507927],[114.73017798,34.7450846],[114.72915028,34.74514523],[114.72865193,34.74517463],[114.72859022,34.74517827],[114.72831437,34.7451928],[114.72826676,34.74519531],[114.72804877,34.74520679],[114.72796873,34.74522004],[114.72779442,34.7452489],[114.72762288,34.7452773],[114.72760879,34.74527963],[114.72737202,34.74531883],[114.72733606,34.74530876],[114.72731609,34.74530317],[114.72726624,34.74528921],[114.72708212,34.74523766],[114.72701921,34.74522004],[114.72675241,34.74514533],[114.72671128,34.74513381],[114.7265165,34.74507927],[114.72642022,34.74505231],[114.72623858,34.74500145],[114.72618727,34.74498708],[114.72578114,34.74495985],[114.72521092,34.7450115],[114.72451879,34.74507419],[114.72446265,34.74507927],[114.72445793,34.7450797],[114.72440083,34.74508487],[114.72417599,34.74510524],[114.72366943,34.74515111],[114.72298734,34.74521288],[114.72290828,34.74522004],[114.72266787,34.74524181],[114.72272563,34.74578311],[114.72273604,34.74588066],[114.72273646,34.74643626],[114.72267486,34.74648694],[114.72265635,34.74650217],[114.72264177,34.74651416],[114.72256735,34.74657538],[114.72221987,34.74662771],[114.72182289,34.74668749],[114.72151122,34.74662771],[114.72124748,34.74657712],[114.72110028,34.74653705],[114.72100528,34.74651119],[114.72091623,34.74648694],[114.72084128,34.74646654],[114.72057688,34.74648694],[114.71973007,34.74655229],[114.71921151,34.74659231],[114.7189569,34.74662771],[114.71892063,34.74663275],[114.71853113,34.7466869],[114.71819693,34.74673335],[114.71816421,34.7467379],[114.71818858,34.74689468],[114.71819556,34.74693964],[114.71827835,34.74747231],[114.71830389,34.7476366],[114.71830743,34.74769402],[114.71833717,34.74817614],[114.71833869,34.74820076],[114.7180173,34.74825364],[114.71764687,34.74831458],[114.71763271,34.74831691],[114.71761416,34.74831996],[114.71716092,34.74839453],[114.71677711,34.74845768],[114.71630454,34.74853543],[114.7159215,34.74859844],[114.71555858,34.74865815],[114.71544815,34.74867632],[114.7150659,34.74873921],[114.71498797,34.74875203],[114.71481317,34.74873921],[114.71461566,34.74872472],[114.71461318,34.74871745],[114.71459177,34.74865484],[114.71455393,34.74854418],[114.71452436,34.74845768],[114.71442049,34.74815391],[114.71441331,34.74813291],[114.71433183,34.74789461],[114.71425361,34.74766585],[114.71424922,34.74765298],[114.71424279,34.74763419],[114.71418744,34.74747231],[114.71408318,34.74716737],[114.71407794,34.74715205],[114.71399492,34.74690924],[114.71390666,34.74665112],[114.71389433,34.74661504],[114.71388401,34.74658486],[114.71383433,34.74643956],[114.71380864,34.74636443],[114.7138024,34.74634617],[114.71379887,34.74633586],[114.71373539,34.74615018],[114.71366623,34.7459479],[114.71355358,34.74592955],[114.71351874,34.74592387],[114.71349699,34.74592033],[114.71347898,34.74592387],[114.71310985,34.74599649],[114.71305028,34.7460082],[114.71278638,34.74606012],[114.71275903,34.74606464],[114.71236517,34.7461298],[114.7123188,34.74613747],[114.71230283,34.74614011],[114.71190809,34.74620541],[114.71179793,34.74622363],[114.71150879,34.74627146],[114.71105712,34.74634617],[114.71065241,34.74641312],[114.71041082,34.74645308],[114.71031113,34.74646957],[114.71024841,34.74647995],[114.71004534,34.74645242],[114.71004519,34.74620239],[114.71005629,34.74606464],[114.71008413,34.7457192],[114.71009301,34.74560903],[114.71011237,34.74536891],[114.71007847,34.7452856],[114.70996338,34.74526475],[114.70994569,34.74526155],[114.70985847,34.74524575],[114.70984338,34.74524301],[114.70977386,34.74523042],[114.70945347,34.74528733],[114.70926225,34.7453213],[114.709039,34.74536081],[114.70900311,34.74536716],[114.7089787,34.74537148],[114.70896913,34.74537542],[114.70876836,34.74545807],[114.70873536,34.74547166],[114.70869623,34.74564234],[114.70867958,34.74571495],[114.70867619,34.74572974],[114.708662,34.74579164],[114.70865301,34.74604848],[114.70863679,34.74651149],[114.7080044,34.746532],[114.70774752,34.74648694],[114.70766613,34.74647267],[114.70766397,34.74647229],[114.7076156,34.74625238],[114.70756943,34.74624102],[114.70752753,34.74623072],[114.70752492,34.74623008],[114.7074246,34.74620541],[114.70737246,34.74619259],[114.70732192,34.74620541],[114.70705618,34.74627282],[114.7070556,34.74627314],[114.70692244,34.74634617],[114.70676412,34.74643301],[114.70671737,34.74653525],[114.70671304,34.74654471],[114.7066982,34.74657718],[114.70669095,34.74659303],[114.70671304,34.74668063],[114.7068062,34.74705001],[114.70681196,34.74707283],[114.70688427,34.74733154],[114.70688459,34.74733271],[114.70672347,34.74738429],[114.70657916,34.74739696],[114.70657581,34.74739725],[114.70654177,34.74740024],[114.70593588,34.74745343],[114.70545717,34.74747231],[114.70514768,34.74748451],[114.70481753,34.74749753],[114.7043792,34.74751463],[114.70421197,34.74752976],[114.7041439,34.74753592],[114.70352408,34.74759197],[114.70329072,34.74761308],[114.70243113,34.74769081],[114.7017342,34.74775384],[114.70170345,34.74775662],[114.70092514,34.74775721],[114.70071836,34.74787061],[114.70070609,34.74787734],[114.70070597,34.74796375],[114.70070586,34.74804654],[114.70070449,34.74907707],[114.70064837,34.74916151],[114.70055826,34.74929713],[114.70054709,34.7492979],[114.7004859,34.74930214],[114.70048391,34.74930228],[114.70026636,34.74931734],[114.69895653,34.74935077],[114.69882533,34.74935412],[114.69814921,34.74937136],[114.69542597,34.74944081],[114.6949152,34.74944117],[114.69491367,34.74944304],[114.69490713,34.7494511],[114.69489496,34.74946609],[114.69486431,34.74950384],[114.69479939,34.74958381],[114.69476901,34.74962123],[114.69472879,34.74989951],[114.69472368,34.74993489],[114.69472025,34.74995865],[114.69471268,34.75001105],[114.69471248,34.75001242],[114.69467076,34.75030115],[114.69467359,34.7505417],[114.69467754,34.75085957],[114.69468114,34.75118434],[114.69469788,34.75260976],[114.69470421,34.75314826],[114.69471422,34.75400029],[114.69462114,34.75422912],[114.69458048,34.75432908],[114.69456777,34.75436031],[114.69455241,34.75436147],[114.69444084,34.75436988],[114.69352475,34.75443898],[114.69349741,34.75444104],[114.69302093,34.75444696],[114.69179471,34.7544622],[114.69179449,34.75462216],[114.69172315,34.75464566],[114.69170565,34.75465142],[114.69167281,34.75466223],[114.69161944,34.75466122],[114.69110545,34.75465142],[114.68901965,34.75461165],[114.68886002,34.75460861],[114.6886324,34.75460426],[114.68812156,34.75462459],[114.68806449,34.75465142],[114.68795118,34.75470468],[114.68795073,34.75500942],[114.68795057,34.75512459],[114.68795773,34.75521449],[114.68797445,34.75542451],[114.68886003,34.75541273],[114.68955556,34.75540348],[114.68992794,34.75543171],[114.69039982,34.75546749],[114.69043204,34.75546993],[114.69060139,34.75548277],[114.69085436,34.75549602],[114.69210938,34.75556174],[114.69213834,34.75560148],[114.69215453,34.75562369],[114.69218221,34.75566167],[114.69219235,34.75583227],[114.69220514,34.75604751],[114.69223929,34.75662215],[114.69226152,34.75699629],[114.69231821,34.75795011],[114.69231931,34.75796864],[114.69232581,34.75807803],[114.6923651,34.75873919],[114.69237233,34.75886082],[114.69241252,34.75929672],[114.69244422,34.7596406],[114.69249709,34.7596592],[114.6925393,34.75967405],[114.69253949,34.75967411],[114.69261442,34.75970047],[114.69494965,34.75969884],[114.69502347,34.75971902],[114.69523751,34.75977754],[114.69524131,34.75977858],[114.69529777,34.75979402],[114.6953144,34.75979856],[114.69533463,34.75985979],[114.69538708,34.76001846],[114.6953633,34.76040074],[114.69536221,34.76041839],[114.6953655,34.7604211],[114.69540879,34.76045669],[114.69553885,34.76056363],[114.69560327,34.76061659],[114.69560519,34.76061817],[114.69643645,34.7606341],[114.69862149,34.76067597],[114.6986298,34.76070439],[114.69866304,34.7608181],[114.69875328,34.76112669],[114.69883306,34.76139955],[114.69883432,34.76140386],[114.69891085,34.76166557],[114.69891792,34.76168976],[114.69896052,34.76183546],[114.6990056,34.76191645],[114.69902385,34.76194925],[114.6990239,34.76194935],[114.69911446,34.76211206],[114.69915133,34.76217832],[114.69917687,34.76222422],[114.69918292,34.76223508],[114.6991928,34.76225283],[114.69922748,34.76231515],[114.69934815,34.76232408],[114.69949504,34.76233494],[114.69951943,34.76233071],[114.69989695,34.76226511],[114.69996762,34.76225283],[114.70037581,34.7621819],[114.70056124,34.76214968],[114.70077773,34.76211206],[114.70088991,34.76209257],[114.70123219,34.76203309],[114.70134423,34.76201363],[114.70140347,34.76203572],[114.70161169,34.7621134],[114.70166323,34.76235486],[114.70166958,34.76238462],[114.70167149,34.76239359],[114.70168423,34.76245327],[114.70174602,34.76306702],[114.70183412,34.76394203],[114.70189517,34.76454843],[114.7019173,34.7647682],[114.70200419,34.76563123],[114.70204456,34.76603216],[114.70208858,34.7660787],[114.70213115,34.76612372],[114.7021979,34.7661943],[114.70221463,34.76621199],[114.70226293,34.76621101],[114.70229131,34.76621043],[114.70308417,34.7661943],[114.70323639,34.7661912],[114.70339923,34.7661943],[114.70525271,34.76622955],[114.70525549,34.7662296],[114.70529632,34.76643217],[114.70529921,34.76644646],[114.70530011,34.76645094],[114.70530385,34.76646951],[114.70529871,34.76647583],[114.70520102,34.76659618],[114.70517156,34.76663247],[114.70510894,34.76670961],[114.70507984,34.76675737],[114.70500028,34.76688795],[114.70497929,34.76692239],[114.70490831,34.7670389],[114.704829,34.76716906],[114.70473678,34.76732043],[114.70465773,34.76745018],[114.7046253,34.7675034],[114.70456525,34.76760197],[114.70449951,34.76770986],[114.70448645,34.76775264],[114.70442623,34.76794986],[114.70442579,34.76830977],[114.70459263,34.76832793],[114.70466316,34.7683356],[114.70479065,34.76834948],[114.70680318,34.7683058],[114.70759573,34.7682886],[114.7076614,34.76828718],[114.70784412,34.7683058],[114.70785599,34.76830701],[114.70791198,34.76838764],[114.70795314,34.7684469],[114.70795776,34.76852838],[114.70800079,34.76928666],[114.70800139,34.76929117],[114.70807858,34.76987285],[114.70808326,34.76990806],[114.70816953,34.77055807],[114.70825453,34.77119859],[114.70832101,34.77169943],[114.70832171,34.77170469],[114.70832539,34.77173246],[114.70833767,34.77182497],[114.70842245,34.77246371],[114.70842581,34.77248906],[114.70842821,34.77250713],[114.70850582,34.77309187],[114.70852898,34.77326637],[114.70853953,34.77334583],[114.70855537,34.77346522],[114.70859709,34.77357326],[114.70868297,34.77379571],[114.70875791,34.7739898],[114.70876836,34.77401688],[114.70884602,34.77421801],[114.70889494,34.77434473],[114.70893964,34.77448671],[114.70895751,34.77454346],[114.70903231,34.77478108],[114.70910281,34.77500503],[114.70911092,34.77503078],[114.70912968,34.77509037],[114.70920957,34.77534414],[114.70928219,34.77557485],[114.70938682,34.77590721],[114.70945347,34.77611892],[114.70951977,34.77632951],[114.70962475,34.77666299],[114.70969702,34.77689258],[114.70979602,34.77720706],[114.7098015,34.77722446],[114.70984502,34.77736269],[114.70987428,34.77745565],[114.70995334,34.77770675],[114.7099673,34.7777511],[114.71005155,34.77801871],[114.71013858,34.77829514],[114.7102039,34.77850264],[114.71027265,34.77858178],[114.71029857,34.77861162],[114.71030985,34.77862461],[114.7103299,34.77864768],[114.71039493,34.77872255],[114.71044688,34.77878236],[114.71061417,34.77879139],[114.71065241,34.77879345],[114.71081182,34.77880205],[114.71082368,34.77879994],[114.71125916,34.77872255],[114.71133491,34.77870909],[114.71168007,34.77864775],[114.71197359,34.77859558],[114.71205126,34.77858178],[114.71211307,34.7785708],[114.71236517,34.77852599],[114.71265779,34.77847399],[114.71284333,34.77844101],[114.71322156,34.77837379],[114.71351529,34.77832158],[114.71363532,34.77830025],[114.71407794,34.77822158],[114.71432751,34.77817722],[114.71442732,34.77815948],[114.71450913,34.77814494],[114.71476305,34.77809981],[114.71510087,34.77803977],[114.71521932,34.77801871],[114.71561943,34.7779476],[114.715629,34.7779459],[114.71601128,34.77787795],[114.7162386,34.77783754],[114.71647581,34.7777974],[114.71683175,34.77773718],[114.71733219,34.77765251],[114.71748786,34.77762617],[114.71766372,34.77759641],[114.7180173,34.77753659],[114.71825797,34.77749587],[114.71825837,34.7774958],[114.71826192,34.7774958],[114.71827619,34.77749578],[114.71898828,34.77749513],[114.71904496,34.77752898],[114.71907987,34.77754983],[114.71915789,34.77759641],[114.71921624,34.77763125],[114.71925574,34.77765485],[114.71929303,34.77773718],[114.71938172,34.77793303],[114.71938751,34.77794581],[114.71948428,34.77815948],[114.71954721,34.77829845],[114.71955879,34.77832401],[114.71967553,34.77858178],[114.71973007,34.77870221],[114.71980303,34.77886331],[114.71988445,34.77904312],[114.71990134,34.77908041],[114.7199543,34.77919734],[114.71999428,34.77928562],[114.72004422,34.7793959],[114.72007262,34.7794586],[114.72018553,34.77970792],[114.72023375,34.77981439],[114.7202439,34.77983679],[114.72025843,34.77986888],[114.72031304,34.77998945],[114.72032383,34.78001328],[114.72041517,34.78009369],[114.72045666,34.78013022],[114.72052485,34.78019025],[114.72058645,34.78024448],[114.72059979,34.78025623],[114.72061656,34.78027098],[114.72066415,34.78031289],[114.72083159,34.78027098],[114.72086599,34.78026238],[114.72110028,34.78020375],[114.72139411,34.78013022],[114.72161036,34.7800761],[114.72161411,34.78007516],[114.72195661,34.77998945],[114.72200301,34.77997784],[114.72229922,34.77990371],[114.72251909,34.77984868],[114.72281305,34.77977512],[114.72308156,34.77970792],[114.72317863,34.77968362],[114.72332688,34.77964652],[114.72364404,34.77956715],[114.72374892,34.7795409],[114.72384071,34.77951793],[114.724193,34.77942976],[114.72422759,34.77942638],[114.72431164,34.77941818],[114.72460666,34.77938937],[114.72462253,34.77942638],[114.7246696,34.77953618],[114.72469709,34.77960032],[114.72475231,34.77972914],[114.72478383,34.77984868],[114.72482898,34.78001998],[114.72486837,34.78016937],[114.72496937,34.78055252],[114.72503193,34.78078981],[114.72503964,34.78081907],[114.72507407,34.78094966],[114.72511781,34.78111558],[114.72516898,34.78130967],[114.72521092,34.78146876],[114.72528003,34.7817309],[114.72530336,34.78181942],[114.7253822,34.78211845],[114.72541527,34.78224391],[114.72541626,34.78224767],[114.7254518,34.78238249],[114.72547956,34.78248775],[114.72555347,34.78282016],[114.72556151,34.78285632],[114.72564396,34.78322709],[114.72571627,34.78355226],[114.72572475,34.78359041],[114.72579757,34.78391791],[114.72580047,34.78393092],[114.72589562,34.78435882],[114.72589603,34.78436065],[114.72592028,34.7844697],[114.72594217,34.78456814],[114.72596409,34.78466672],[114.72599236,34.78477552],[114.7260673,34.78506389],[114.72607146,34.7850799],[114.72613869,34.78533859],[114.72619932,34.78557188],[114.72623858,34.78572296],[114.7263216,34.78604242],[114.72632773,34.78606601],[114.72666835,34.78610567],[114.72675241,34.78612039],[114.72679919,34.78612858],[114.72693687,34.78615269],[114.72700895,34.78616532],[114.72701764,34.78618319],[114.72702039,34.78618886],[114.72708459,34.78632095],[114.72709496,34.78634227],[114.72711188,34.78637709],[114.72715448,34.78646472],[114.72720323,34.78656502],[114.72726624,34.78689131],[114.72729313,34.78703057],[114.72734696,34.78730933],[114.72736857,34.78742123],[114.72743751,34.78777827],[114.72743903,34.78778613],[114.72751006,34.78815393],[114.72760879,34.78866522],[114.72770034,34.78913929],[114.72772752,34.78928006],[114.72773597,34.78932379],[114.72760879,34.78937615],[114.72759141,34.78938331],[114.72754123,34.78940397],[114.72745106,34.78939583],[114.72744293,34.78939509],[114.72732224,34.78938419],[114.72726624,34.78915657],[114.7272471,34.78907877],[114.72719272,34.78885776],[114.72712084,34.78856564],[114.72709496,34.78846044],[114.72707991,34.78839925],[114.72701955,34.78815393],[114.72698288,34.78800488],[114.7269343,34.78790495],[114.72692368,34.78790409],[114.72669099,34.7878852],[114.72640985,34.78795307],[114.72629064,34.78798185],[114.72616096,34.78801316],[114.72589603,34.78807712],[114.7255779,34.78815393],[114.72550508,34.78817151],[114.72521092,34.78824253],[114.72500792,34.78829154],[114.72499484,34.78829469],[114.72496402,34.78830213],[114.72469709,34.78836658],[114.72469521,34.78836703],[114.72430769,34.78836741],[114.72430532,34.78836741],[114.72425721,34.78836746],[114.72393374,34.78843546],[114.72385303,34.78845243],[114.72366943,34.78849102],[114.7233576,34.78855657],[114.72326411,34.78857623],[114.72302242,34.78862704],[114.72298432,34.78863504],[114.72259449,34.78871699],[114.72229922,34.78877907],[114.7220798,34.78882519],[114.72192487,34.78885776],[114.72167734,34.7889098],[114.72161411,34.78892186],[114.7212478,34.78899174],[114.72121221,34.78899853],[114.72115988,34.78900851],[114.72075773,34.78908523],[114.72055826,34.78912328],[114.72047429,34.78913929],[114.72033514,34.78916584],[114.72007262,34.78921592],[114.71973638,34.78928006],[114.71951552,34.78932219],[114.71950639,34.78932394],[114.71938751,34.78934661],[114.71899848,34.78942083],[114.71870241,34.78947731],[114.71826058,34.7895616],[114.7179765,34.78961579],[114.71784602,34.78964067],[114.71752249,34.78970236],[114.71716092,34.78977131],[114.71705747,34.78979104],[114.71705736,34.78979106],[114.71705724,34.78979108],[114.7170448,34.78979345],[114.71678429,34.78984313],[114.71654211,34.78988931],[114.71647581,34.78990195],[114.71634266,34.78992734],[114.71608392,34.78997669],[114.71604612,34.7899839],[114.71561943,34.79006527],[114.71537224,34.79011241],[114.71530801,34.79012466],[114.71493556,34.79019569],[114.71493432,34.79019626],[114.71478301,34.79026543],[114.71476305,34.79027456],[114.71471644,34.79029586],[114.71473631,34.79048553],[114.71476305,34.79074078],[114.71476461,34.79075571],[114.71484007,34.79104241],[114.71485786,34.79111003],[114.71488025,34.79119509],[114.71493432,34.79140053],[114.71500606,34.7916731],[114.71500778,34.79167963],[114.71500881,34.79168353],[114.7151056,34.79205128],[114.715186,34.79235676],[114.71519131,34.79237693],[114.71522029,34.79248702],[114.71527688,34.79270202],[114.71529744,34.79278016],[114.71537656,34.79308077],[114.71544815,34.79335275],[114.71545339,34.79337265],[114.71552477,34.79364383],[114.71556436,34.79379425],[114.71561943,34.79420471],[114.71570921,34.79487385],[114.71571492,34.79491074],[114.71576184,34.79521344],[114.71576701,34.7952468],[114.71579071,34.79539971],[114.71583005,34.79565355],[114.71579071,34.79566651],[114.71570833,34.79569365],[114.71567706,34.7957108],[114.71567234,34.79571339],[114.71559583,34.79575534],[114.71548918,34.79581382],[114.71546458,34.79605379],[114.7155365,34.7963184],[114.71561943,34.79662351],[114.71568954,34.79688147],[114.71577249,34.79718668],[114.71579025,34.79725203],[114.71579071,34.79725369],[114.71579135,34.79725606],[114.71579213,34.79725893],[114.71580525,34.79730719],[114.71588084,34.79758531],[114.71589485,34.79763687],[114.71591544,34.7977126],[114.71596198,34.79788384],[114.71597048,34.79791511],[114.71603388,34.79814837],[114.71613326,34.79851399],[114.71618066,34.79868839],[114.71622519,34.79885221],[114.71627495,34.7990353],[114.71630454,34.79914413],[114.71637281,34.7993953],[114.71637823,34.79941527],[114.71640998,34.79953207],[114.71647581,34.79983698],[114.71656712,34.80025988],[114.71664062,34.80060033],[114.71664709,34.80063028],[114.71665316,34.80065839],[114.71671908,34.80096371],[114.71681836,34.80142359],[114.71684591,34.80155117],[114.71686437,34.80179718],[114.71686991,34.80187107],[114.71681836,34.80190286],[114.7167725,34.80193115],[114.71678068,34.80212372],[114.71681836,34.802214],[114.71688405,34.80237138],[114.71697903,34.80259892],[114.71698315,34.80260878],[114.71698964,34.80262434],[114.71706033,34.80279368],[114.71714695,34.80300119],[114.71716092,34.80303467],[114.71720985,34.8031519],[114.71724003,34.80321598],[114.71731559,34.80337643],[114.71733219,34.80341169],[114.71733271,34.80341278],[114.71743891,34.80363828],[114.71748027,34.80372611],[114.71750347,34.80377538],[114.7175052,34.80377905],[114.71752229,34.80381533],[114.71774953,34.80382336],[114.7180173,34.80378849],[114.71802381,34.80378764],[114.71810033,34.80406058],[114.71818858,34.80437539],[114.71824209,34.80456627],[114.71825817,34.80462365],[114.71835985,34.80498634],[114.7183998,34.80512885],[114.71846526,34.80532748],[114.71853113,34.80552737],[114.71860442,34.80574978],[114.71869905,34.80603692],[114.71870241,34.80604712],[114.71870412,34.80605231],[114.71878997,34.80631285],[114.71881201,34.80637972],[114.71887368,34.8064244],[114.71887462,34.80642509],[114.71891401,34.80645362],[114.71891583,34.80645494],[114.71893388,34.80646801],[114.71902651,34.8064637],[114.7190594,34.80646217],[114.71924295,34.80645362],[114.71937199,34.80644761],[114.71959191,34.80644598],[114.71963676,34.80659438],[114.71972279,34.80687904],[114.71973007,34.80690311],[114.71973161,34.80690823],[114.71980694,34.80715745],[114.71983157,34.80723897],[114.71990134,34.80746982],[114.71993065,34.8075668],[114.71996225,34.80757975],[114.7200826,34.80762909],[114.72009231,34.80763308],[114.72012529,34.80764659],[114.7202352,34.80762843],[114.72052982,34.80757975],[114.72061215,34.80756615],[114.72067534,34.80755788],[114.72091313,34.80752676],[114.7210488,34.80750901],[114.72106157,34.80757975],[114.72109006,34.80773768],[114.72109871,34.80778563],[114.72109884,34.807786],[114.72110028,34.80779004],[114.72111063,34.807819],[114.721176,34.80800205],[114.72118372,34.80802367],[114.72123136,34.80815704],[114.72123914,34.80817882],[114.72125664,34.80822783],[114.72126177,34.80824217],[114.72126499,34.80825121],[114.72124586,34.80825512],[114.72122372,34.80825964],[114.72110656,34.80828359],[114.72099235,34.80830693],[114.72096001,34.80830909],[114.72093555,34.80831072],[114.72088857,34.80831386],[114.72081505,34.80831877],[114.72075773,34.8083226],[114.72070874,34.80832587],[114.72063565,34.80840592],[114.72074391,34.80866736],[114.72075773,34.80870073],[114.72081815,34.80884665],[114.720929,34.80911434],[114.72094355,34.80914947],[114.72095899,34.80918675],[114.72098858,34.80928147],[114.72104338,34.80945691],[114.7209903,34.80947884],[114.720929,34.80950415],[114.72091433,34.80951022],[114.72081684,34.80955049],[114.72078052,34.80956549],[114.72058645,34.80963191],[114.72041304,34.80969125],[114.7202439,34.80974914],[114.72003434,34.80982086],[114.72002899,34.80982269],[114.72000173,34.80983202],[114.71993503,34.80985485],[114.71973007,34.80992499],[114.71961401,34.80996471],[114.71959041,34.80997279],[114.71938751,34.81004222],[114.71928422,34.81007757],[114.71917908,34.81011355],[114.71905369,34.81015647],[114.71904496,34.81015945],[114.71890572,34.81020711],[114.71882534,34.81025432],[114.71877342,34.81028482],[114.71870241,34.81032653],[114.71858568,34.81039509],[114.71853753,34.81042338],[114.71853113,34.81042713],[114.71851526,34.81043645],[114.71844388,34.81047838],[114.71840448,34.81050152],[114.71834603,34.81053585],[114.71821757,34.8106113],[114.71818858,34.81062833],[114.71817477,34.81063645],[114.71810637,34.81067662],[114.71805332,34.81070778],[114.71810161,34.81108764],[114.71813257,34.81109892],[114.71832058,34.81116742],[114.71835985,34.81118394],[114.71849231,34.81123969],[114.71850049,34.81124313],[114.71853113,34.81125603],[114.71858789,34.81127992],[114.71859395,34.81129806],[114.71861611,34.81136448],[114.71862144,34.81138046],[114.71869721,34.81160746],[114.71870241,34.81162304],[114.71871493,34.81166055],[114.71880937,34.81194352],[114.71886171,34.81210035],[114.71887368,34.81213622],[114.71888524,34.81217084],[114.71887237,34.81241146],[114.71887213,34.81241609],[114.71875914,34.81243133],[114.71870241,34.81243899],[114.7183849,34.81248183],[114.71817409,34.81250659],[114.71812594,34.81251225],[114.71810318,34.81251492],[114.7180173,34.8125464],[114.71790532,34.81258745],[114.71791038,34.81260396],[114.7180173,34.81295255],[114.7180964,34.81321042],[114.71818858,34.81351095],[114.71821306,34.81359076],[114.71826911,34.81377349],[114.7183495,34.81403558],[114.71835985,34.81406935],[114.71836326,34.81408046],[114.71844181,34.81433656],[114.71846326,34.81440647],[114.71846311,34.81455162],[114.71846308,34.81457667],[114.71846307,34.81458405],[114.71846282,34.81482637],[114.71819791,34.81488232],[114.71819456,34.81488303],[114.71817069,34.81488807],[114.71813412,34.8148958],[114.71816585,34.81512846],[114.71818858,34.81524076],[114.71826198,34.81560346],[114.71835421,34.81605922],[114.71835985,34.81608708],[114.71843291,34.81644806],[114.71852715,34.81691372],[114.71853113,34.81693341],[114.71853363,34.81694577],[114.71862928,34.81729266],[114.71868429,34.81749218],[114.71870241,34.8175579],[114.71877614,34.81782532],[114.71885032,34.81785573],[114.71887347,34.81786522],[114.71892541,34.81785861],[114.71892558,34.81785859],[114.71894803,34.81785573],[114.71918996,34.81782493],[114.71919618,34.81785573],[114.71920262,34.8178876],[114.71920418,34.81789533],[114.71921418,34.81794488],[114.71921624,34.81796019],[114.71923834,34.81812481],[114.71927634,34.81813726],[114.71936001,34.81816468],[114.71940851,34.81813726],[114.71955879,34.81805231],[114.71957565,34.81804277],[114.719619,34.81801827],[114.71965751,34.8179965],[114.71967397,34.81798719],[114.71968219,34.81798255],[114.71969063,34.81797778],[114.71974972,34.81794437],[114.7202439,34.81792839],[114.72032096,34.8179259],[114.72046155,34.81792136],[114.72101361,34.81790351],[114.72249102,34.81785573],[114.72294881,34.81784093],[114.72302764,34.81785573],[114.72309523,34.81786842],[114.7231556,34.81787976],[114.72319017,34.81788626],[114.72324879,34.81813726],[114.72326379,34.81820146],[114.72332688,34.81822936],[114.72342031,34.81827068],[114.72344013,34.81827803],[114.72366943,34.81836316],[114.72372185,34.81838262],[114.72381929,34.8184188],[114.72401198,34.81849034],[114.72402469,34.81849505],[114.72407916,34.81855957],[114.72415388,34.81864807],[114.72415824,34.81865323],[114.72418326,34.81868286],[114.72418652,34.81868672],[114.72419656,34.81869861],[114.72418326,34.81872264],[114.7241496,34.81878347],[114.72411771,34.8188411],[114.72405701,34.81895079],[114.72384071,34.81911204],[114.7238294,34.81912047],[114.72382649,34.81912263],[114.72377743,34.81915921],[114.72369542,34.81922035],[114.72366972,34.8192395],[114.72366943,34.81923972],[114.72363787,34.8192634],[114.72359063,34.81929886],[114.72349815,34.81936825],[114.72345028,34.81940417],[114.72337525,34.81946047],[114.7234395,34.81950265],[114.72349689,34.81954033],[114.72435482,34.81951202],[114.72501041,34.81949039],[114.72537135,34.81947848],[114.72566344,34.81949818],[114.72568411,34.81954493],[114.72571896,34.8196238],[114.72572475,34.81963689],[114.72575729,34.81971053],[114.72576061,34.81971803],[114.72581127,34.82067107],[114.7258416,34.82124157],[114.7258437,34.82128096],[114.72584426,34.82129161],[114.72585617,34.82151567],[114.72585627,34.82151747],[114.7257588,34.82161754],[114.72574206,34.82162145],[114.72572475,34.82162548],[114.72570036,34.82163117],[114.72569639,34.8216321],[114.72559204,34.82165644],[114.7255181,34.82167368],[114.72547135,34.82168459],[114.72540048,34.82181868],[114.7253822,34.82209157],[114.72531286,34.82312617],[114.72535933,34.82386431],[114.7253822,34.8238644],[114.72577855,34.82386599],[114.72580485,34.82399343],[114.72580947,34.82401577],[114.72580977,34.82401722],[114.72581642,34.82404947],[114.72584438,34.82418492],[114.72582107,34.82433101],[114.72580169,34.82445251],[114.72572475,34.82445435],[114.72499939,34.82447177],[114.72456832,34.82448212],[114.72433693,34.82449453],[114.72429016,34.82449704],[114.72427524,34.82449784],[114.72418326,34.82450277],[114.72412418,34.82450594],[114.72405922,34.82461254],[114.72402656,34.82466614],[114.72405247,34.82523096],[114.72405266,34.82523515],[114.72405417,34.82526803],[114.72405466,34.82527883],[114.72405838,34.82535988],[114.72402576,34.82549333],[114.72384071,34.82552391],[114.72370083,34.82554702],[114.72221603,34.825575],[114.72221168,34.82557508],[114.72220634,34.82557518],[114.72212359,34.82559791],[114.72201136,34.82562874],[114.72201107,34.82592225],[114.72203334,34.82602021],[114.72208857,34.82626316],[114.72212794,34.82643631],[114.72217044,34.82662324],[114.72222536,34.82686481],[114.72229922,34.82718964],[114.7223022,34.82720278],[114.72241027,34.82742501],[114.72241166,34.82742788],[114.72243189,34.82746948],[114.72250067,34.82744683],[114.72255821,34.82742788],[114.72259067,34.82741718],[114.72259439,34.82741596],[114.72264809,34.82741358],[114.72304273,34.82739608],[114.7230524,34.82742788],[114.72306131,34.82745717],[114.72306376,34.82746522],[114.7231556,34.82776711],[114.72318924,34.82787768],[114.72322369,34.82799094],[114.72329873,34.8282376],[114.72330832,34.82826912],[114.72332688,34.82850046],[114.72334042,34.82866934],[114.72332688,34.8286738],[114.72327557,34.8286907],[114.7232632,34.82869478],[114.72317792,34.82872287],[114.7231556,34.82873511],[114.72298288,34.8288298],[114.72298275,34.82896322],[114.72298432,34.82897012],[114.72307981,34.82939005],[114.72308297,34.82939861],[114.7230856,34.82940573],[114.72315212,34.82958562],[114.7231556,34.82959505],[114.72323911,34.82982091],[114.72324331,34.82983227],[114.72324749,34.82984357],[114.72330664,34.83000355],[114.72332688,34.83012332],[114.72338533,34.8304693],[114.72338537,34.83046953],[114.72340108,34.83056249],[114.7234138,34.83063779],[114.72341548,34.8306477],[114.72341849,34.83066551],[114.72342191,34.83068579],[114.72349815,34.831137],[114.7235071,34.83118993],[114.72358498,34.83165088],[114.72366228,34.83210838],[114.72366943,34.83215066],[114.72367919,34.83220844],[114.72375148,34.83263625],[114.72383242,34.8331153],[114.72384071,34.83316432],[114.72387178,34.8333482],[114.72388815,34.83344513],[114.72417926,34.83347053],[114.7241845,34.83347099],[114.72429757,34.83348085],[114.72452581,34.83350076],[114.72453374,34.83350146],[114.72460045,34.83376238],[114.72468274,34.83408425],[114.72469709,34.83414039],[114.72472535,34.83425093],[114.72478039,34.83446622],[114.72485446,34.83475594],[114.72486837,34.83481032],[114.72489224,34.83490368],[114.72486837,34.83498222],[114.72486563,34.83499121],[114.72485406,34.83502929],[114.72484738,34.83505126],[114.72471286,34.83508812],[114.72471278,34.83564158],[114.72469709,34.83565879],[114.72462931,34.83573312],[114.72457824,34.83578913],[114.72452581,34.83581068],[114.7244795,34.83582972],[114.72437208,34.83587389],[114.72421952,34.83593661],[114.72425142,34.83641023],[114.72427218,34.83671849],[114.72427997,34.83683408],[114.72429119,34.83700064],[114.72435454,34.83794097],[114.72439848,34.83859328],[114.72442888,34.83868922],[114.72452581,34.83899515],[114.72460729,34.83925229],[114.72465002,34.83938716],[114.7246674,34.839442],[114.72565107,34.83940991],[114.72565337,34.83940984],[114.7257884,34.83940543],[114.72591615,34.83941715],[114.72619196,34.83944244],[114.72623858,34.8395192],[114.72632645,34.83966387],[114.72623858,34.84006131],[114.72623672,34.84006971],[114.72623858,34.84007659],[114.72629821,34.84029752],[114.72632005,34.84037843],[114.72632636,34.84040182],[114.72640985,34.84047437],[114.72646144,34.84051919],[114.72658113,34.84062319],[114.72660859,34.84064706],[114.72662344,34.84065996],[114.7267091,34.84073439],[114.72675241,34.84077202],[114.72678189,34.84079764],[114.72678544,34.84080073],[114.72683883,34.84084712],[114.72692368,34.84092085],[114.72694744,34.84094149],[114.72708784,34.84106349],[114.72709496,34.84106968],[114.72709753,34.84107191],[114.72710944,34.84108226],[114.72713342,34.84110309],[114.72726624,34.84117964],[114.72732657,34.84121441],[114.72734153,34.84122303],[114.72743751,34.84127834],[114.72758579,34.84136379],[114.72773971,34.8414525],[114.72778007,34.84147576],[114.72780799,34.84149185],[114.72783004,34.84150456],[114.72785062,34.84151642],[114.72795134,34.84157446],[114.72803018,34.8416199],[114.72803587,34.84164533],[114.72812262,34.84203301],[114.72812631,34.84204949],[114.72819336,34.84234916],[114.72829029,34.84278231],[114.7282939,34.84279845],[114.72834394,34.84302208],[114.72834392,34.84328432],[114.72834375,34.84512522],[114.7282939,34.84513889],[114.72820052,34.8451645],[114.72816373,34.84517459],[114.72816359,34.84517461],[114.72816346,34.84517462],[114.72807468,34.84519895],[114.72799976,34.84522975],[114.72798809,34.84523455],[114.72795134,34.84524965],[114.72787647,34.84528044],[114.72781607,34.84530527],[114.72780561,34.84530957],[114.72778007,34.84558251],[114.72776072,34.84578922],[114.72772865,34.84601336],[114.72772751,34.84602134],[114.72768898,34.84629063],[114.72767097,34.84641645],[114.72764821,34.8464218],[114.72760953,34.84643088],[114.72760879,34.84643105],[114.7276076,34.84643133],[114.7276073,34.8464314],[114.72735706,34.84649016],[114.72724325,34.8464355],[114.72723471,34.8464314],[114.72717741,34.84640388],[114.72709496,34.84636428],[114.72696516,34.84630195],[114.72694161,34.84629063],[114.72681896,34.84623173],[114.72676538,34.84626111],[114.72671152,34.84629063],[114.72666226,34.84631764],[114.72658113,34.84636212],[114.72654988,34.84637925],[114.72649493,34.84797984],[114.72641438,34.85032607],[114.72640985,34.85033572],[114.72637526,34.85040949],[114.72636581,34.85042964],[114.72632642,34.85051364],[114.72625819,34.85065913],[114.72623858,34.85070095],[114.72619439,34.85079517],[114.72618978,34.850805],[114.72616245,34.85079517],[114.72606676,34.85076075],[114.72589603,34.85069933],[114.72577113,34.85065441],[114.72555347,34.85057611],[114.72537981,34.85051364],[114.72522145,34.85045667],[114.72521092,34.85045288],[114.72508653,34.85040814],[114.7249885,34.85037287],[114.72489277,34.85033843],[114.72486837,34.85032966],[114.72464824,34.85025047],[114.7245972,34.85023211],[114.72435454,34.85014481],[114.72421603,34.85009498],[114.7242059,34.85009134],[114.72419476,34.85008733],[114.72401198,34.85002158],[114.72393049,34.84999227],[114.7238146,34.84995057],[114.72373486,34.84992189],[114.72366943,34.84989835],[114.72342329,34.8498098],[114.72332063,34.84977287],[114.7231558,34.8498098],[114.72303715,34.84983639],[114.72282731,34.84988341],[114.72287211,34.85017861],[114.72289254,34.85037287],[114.72293266,34.85075434],[114.72298432,34.85124555],[114.72298832,34.85128353],[114.7230702,34.85206207],[114.72314969,34.85281776],[114.7231556,34.85287398],[114.72316282,34.85294261],[114.72324787,34.85375128],[114.72332688,34.85450241],[114.72341074,34.85529971],[114.72349815,34.85613084],[114.72356779,34.85679293],[114.72358625,34.85696842],[114.72358814,34.85698636],[114.72358841,34.85698891],[114.72366943,34.85775917],[114.72371674,34.85820891],[114.72366943,34.85823486],[114.72363122,34.85825582],[114.72352599,34.85831353],[114.72349815,34.85832879],[114.72344766,34.85835649],[114.72333085,34.85839658],[114.72328285,34.85841306],[114.7231556,34.85845674],[114.72292075,34.85853735],[114.72290961,34.85854117],[114.72290028,34.85853735],[114.7228769,34.85852777],[114.72281305,34.85850159],[114.72255685,34.85839658],[114.7225512,34.85839427],[114.72247049,34.85833352],[114.72236724,34.85825582],[114.72233466,34.85823129],[114.72229922,34.85820461],[114.72218022,34.85811505],[114.72212794,34.8580757],[114.72204252,34.85801141],[114.72199319,34.85797428],[114.72197868,34.85796336],[114.72195666,34.85794679],[114.72180616,34.85783351],[114.72178539,34.85781788],[114.72173344,34.85777878],[114.72161913,34.85769275],[114.72148403,34.85759107],[114.72144283,34.85756006],[114.7214321,34.85755198],[114.72127156,34.85743114],[114.72126517,34.85742634],[114.72124508,34.85741121],[114.72112585,34.85732148],[114.72110028,34.85730223],[114.72105805,34.85727045],[114.720929,34.85717332],[114.72092018,34.85716668],[114.72087102,34.85712968],[114.7207592,34.85704552],[114.72075773,34.85704441],[114.72075737,34.85704414],[114.72068399,34.85698891],[114.72058645,34.8569155],[114.72049697,34.85684815],[114.72041517,34.85678659],[114.72037181,34.85675395],[114.72030994,34.85670738],[114.7202439,34.85665767],[114.72024162,34.85665596],[114.72012292,34.85656661],[114.72007904,34.85653359],[114.72007262,34.85652875],[114.72005801,34.85651776],[114.7199359,34.85642585],[114.71986419,34.85637187],[114.71990134,34.85655599],[114.71993548,34.85672516],[114.71996212,34.85685714],[114.71998596,34.85697532],[114.71998871,34.85698891],[114.71999791,34.85703453],[114.72007262,34.85767887],[114.72015584,34.85839658],[114.72021989,34.85894906],[114.72014309,34.85895965],[114.71995093,34.85898616],[114.71991341,34.85899022],[114.71989851,34.85899183],[114.71955879,34.85902858],[114.71891991,34.8590977],[114.71889692,34.85910042],[114.71860612,34.85913484],[114.71860595,34.8592867],[114.71860595,34.85928765],[114.71860562,34.85957671],[114.71862665,34.85966348],[114.71869485,34.85994484],[114.71869335,34.85994502],[114.71818858,34.86000538],[114.71751616,34.86008578],[114.71748932,34.86008899],[114.71698964,34.86014874],[114.71674801,34.86017764],[114.71633894,34.86022655],[114.71633382,34.86022716],[114.71616068,34.86024787],[114.71614992,34.86024915],[114.71579071,34.8602921],[114.71516155,34.86036732],[114.71459177,34.86043544],[114.71434651,34.86046476],[114.71422625,34.86050808],[114.7142017,34.86051693],[114.71407794,34.86056152],[114.71392913,34.86061512],[114.71383551,34.86064885],[114.71362905,34.86072323],[114.713629,34.86076362],[114.71362865,34.86105463],[114.71362819,34.86144717],[114.71362814,34.86148792],[114.71362809,34.86153333],[114.71353319,34.86154096],[114.71349237,34.86154425],[114.71328948,34.86156058],[114.71322156,34.86156604],[114.71268063,34.86160958],[114.71237442,34.86163422],[114.71223844,34.86164516],[114.71220504,34.86176811],[114.71220297,34.86177574],[114.7121939,34.86180915],[114.7121484,34.86197665],[114.7121939,34.86217744],[114.71221463,34.86226895],[114.71229409,34.86261959],[114.71236517,34.86293328],[114.71240403,34.86310474],[114.71245358,34.86332342],[114.71253645,34.86368909],[114.71255156,34.86375577],[114.71261308,34.86402726],[114.71270773,34.86444489],[114.71273524,34.86456631],[114.71280448,34.86487186],[114.71286134,34.86512275],[114.712879,34.8652007],[114.71296399,34.86557569],[114.71305028,34.86595647],[114.71312349,34.86627953],[114.71322156,34.86671224],[114.71322191,34.86671378],[114.71325835,34.8668746],[114.7133149,34.86712413],[114.71339186,34.86746371],[114.71339283,34.86746799],[114.71344153,34.86768284],[114.71335673,34.86770192],[114.71330407,34.86771376],[114.71305028,34.86777086],[114.7129483,34.8677938],[114.71277241,34.86782796],[114.71258701,34.86786397],[114.71236517,34.86790706],[114.71218608,34.86794184],[114.71213704,34.86796873],[114.71208731,34.86799599],[114.71208579,34.86799683],[114.712085,34.86799726],[114.71202262,34.86803146],[114.71191694,34.86808939],[114.7119142,34.86810949],[114.71187172,34.86842084],[114.71192747,34.86881333],[114.71196063,34.86904673],[114.71194104,34.86909486],[114.71193067,34.86912037],[114.71191137,34.86916781],[114.71187071,34.86926776],[114.71168753,34.86931807],[114.71168007,34.86932012],[114.71160166,34.86934166],[114.71139145,34.8693764],[114.71102661,34.86943668],[114.71099496,34.86944191],[114.71068345,34.86949338],[114.7105395,34.86951716],[114.71048822,34.86952563],[114.71013858,34.8695834],[114.7098082,34.86963799],[114.7098009,34.86965793],[114.70979602,34.86967124],[114.70973915,34.8698265],[114.70973311,34.869843],[114.70969777,34.86993946],[114.70967327,34.87000634],[114.70971127,34.8706433],[114.7097172,34.87074275],[114.70966691,34.87078406],[114.70962475,34.8708187],[114.70961347,34.87082797],[114.70960557,34.87083446],[114.70949557,34.87092483],[114.70949283,34.87092708],[114.70911092,34.87099954],[114.70876276,34.8710656],[114.70842581,34.87112953],[114.70818722,34.8711748],[114.70802084,34.87120636],[114.70791202,34.87122701],[114.70756943,34.87129201],[114.70727892,34.87134713],[114.70688432,34.871422],[114.70669583,34.87145776],[114.706537,34.8714879],[114.70626533,34.87153944],[114.70619922,34.87155199],[114.70579509,34.87162867],[114.70559184,34.87166723],[114.70551411,34.87170657],[114.70543456,34.87174683],[114.70538989,34.87176943],[114.70538531,34.87177175],[114.70517156,34.87187993],[114.70511174,34.8719102],[114.70500869,34.87196235],[114.70500028,34.8720307],[114.70496339,34.87233062],[114.70495996,34.8723325],[114.704829,34.87240428],[114.7047153,34.8724666],[114.70470315,34.87247327],[114.70469422,34.87247816],[114.70448645,34.87253522],[114.70429606,34.8725875],[114.70419946,34.87261403],[114.70397262,34.87267633],[114.70368687,34.8727548],[114.70351145,34.87280297],[114.70345879,34.87281744],[114.70317428,34.87289557],[114.70307979,34.87292152],[114.70277368,34.87296704],[114.7026537,34.87298489],[114.70230781,34.87303633],[114.7019173,34.87309441],[114.70189266,34.87309808],[114.70157361,34.87314553],[114.70136132,34.8731771],[114.70124635,34.8731942],[114.70088964,34.87324725],[114.70083788,34.87325495],[114.70079526,34.87331787],[114.70071836,34.87343141],[114.70067243,34.87349924],[114.70064903,34.87353378],[114.70061329,34.87358655],[114.70071836,34.87396669],[114.70072727,34.87399892],[114.70081139,34.87430324],[114.70086612,34.87450124],[114.70088964,34.87458634],[114.70096703,34.8748663],[114.70100862,34.87501679],[114.70100932,34.87501931],[114.70106092,34.87520598],[114.70107426,34.87525426],[114.70116158,34.87557014],[114.70117207,34.87560808],[114.70117236,34.87560915],[114.70119331,34.87568492],[114.70118062,34.8757109],[114.70110267,34.87587061],[114.70106092,34.87595616],[114.7010135,34.87605331],[114.70097255,34.87606379],[114.70070133,34.8761332],[114.70053036,34.87617696],[114.70037581,34.87621651],[114.70015129,34.87627397],[114.69992027,34.8763331],[114.69986198,34.87634801],[114.69977359,34.87637063],[114.69960126,34.87641474],[114.69941927,34.87646131],[114.69934815,34.87647951],[114.6990512,34.87655551],[114.69899641,34.87656953],[114.69883432,34.87661101],[114.69853841,34.87668674],[114.69853705,34.87668708],[114.69850115,34.87669627],[114.69843662,34.87671278],[114.69814921,34.87678633],[114.69795107,34.87683704],[114.69780547,34.8768743],[114.69763538,34.87691782],[114.69758851,34.87692982],[114.69740098,34.87697781],[114.6971968,34.87703006],[114.69712155,34.87704931],[114.69685088,34.87711857],[114.69660773,34.87718079],[114.69630076,34.87725934],[114.69613619,34.87730145],[114.6960939,34.87731227],[114.69603084,34.87732841],[114.69575064,34.87740011],[114.69563934,34.87742859],[114.69540879,34.87748758],[114.69520052,34.87754087],[114.69509365,34.87756822],[114.69489496,34.87761172],[114.69457563,34.87768164],[114.69420985,34.87776172],[114.69397511,34.87781312],[114.69393269,34.87782241],[114.69384179,34.87784231],[114.69369602,34.87787422],[114.69349401,34.87791845],[114.69348557,34.8779203],[114.69328974,34.87796317],[114.69312524,34.87799919],[114.69301092,34.87802422],[114.69264676,34.87810394],[114.69236522,34.87816558],[114.69232581,34.87817421],[114.69200379,34.87824471],[114.69191388,34.87826439],[114.6916407,34.87832419],[114.69138233,34.87838075],[114.69136077,34.87838547],[114.69112137,34.87843788],[114.6909556,34.87847417],[114.69092465,34.87848095],[114.69071774,34.87852624],[114.69062214,34.87854717],[114.69044177,34.87858665],[114.69007471,34.87866701],[114.68978906,34.87872954],[114.68975666,34.87873663],[114.6896342,34.87876344],[114.68956224,34.87877919],[114.68951674,34.87878915],[114.68949977,34.87879287],[114.68943166,34.87880777],[114.68935319,34.87882495],[114.68924283,34.87899299],[114.68923783,34.87900061],[114.68917958,34.87908931],[114.68907155,34.87925379],[114.68903864,34.8793039],[114.68902188,34.87932475],[114.68898482,34.87937084],[114.68895214,34.87941148],[114.68890028,34.87947599],[114.68886171,34.87952395],[114.68875845,34.87965238],[114.68874041,34.87967481],[114.688729,34.879689],[114.68864526,34.87979314],[114.68855772,34.87990201],[114.68849252,34.87998311],[114.68841889,34.88007468],[114.688392,34.88010813],[114.68838645,34.88011503],[114.68830571,34.88021544],[114.68822765,34.88031252],[114.68821517,34.88032804],[114.68807933,34.88049698],[114.68804389,34.88054105],[114.68801777,34.88057355],[114.68796615,34.88063774],[114.68787262,34.88075406],[114.68773977,34.88091928],[114.68770134,34.88096708],[114.68764616,34.8810357],[114.68763076,34.88106004],[114.68753006,34.88121924],[114.68745268,34.88134158],[114.68736569,34.8814791],[114.68735879,34.88149002],[114.68735539,34.8814954],[114.6872746,34.88162311],[114.68721315,34.88172026],[114.68718751,34.88176079],[114.68716739,34.8817926],[114.68709652,34.88190465],[114.68701696,34.88203043],[114.68701624,34.88250913],[114.68708358,34.88274925],[114.68718751,34.8831198],[114.68728099,34.88345308],[114.68734032,34.88366461],[114.68735879,34.88373046],[114.68739068,34.88384417],[114.68743892,34.88401615],[114.68753006,34.88434111],[114.68759685,34.88457922],[114.68768167,34.88488162],[114.68770134,34.88495175],[114.68779427,34.88528305],[114.68787262,34.88556239],[114.6879522,34.88584612],[114.68798733,34.88597138],[114.68804389,34.88617302],[114.68805447,34.8862107],[114.68811014,34.88640918],[114.68821142,34.88677024],[114.68821517,34.88678362],[114.68830757,34.88711302],[114.68835953,34.88729824],[114.68838645,34.88739421],[114.68846551,34.88767609],[114.68853954,34.88794],[114.68855772,34.88800481],[114.68866294,34.88837992],[114.68872677,34.88860747],[114.688729,34.88861541],[114.68882089,34.88894299],[114.6888618,34.88908885],[114.68886184,34.88908899],[114.68890028,34.88922601],[114.68897884,34.88950605],[114.68907155,34.88983657],[114.68911249,34.88998249],[114.68913954,34.89006912],[114.68924283,34.8903999],[114.68925422,34.89043638],[114.68931537,34.89063219],[114.68938883,34.89086743],[114.68941411,34.89094839],[114.68945455,34.8910779],[114.6894912,34.89119526],[114.68958538,34.89149687],[114.68961661,34.89159687],[114.68966703,34.89175832],[114.68974172,34.89199752],[114.68975666,34.89204536],[114.68976235,34.89206359],[114.68984286,34.89232139],[114.68987121,34.89241218],[114.68992794,34.89261464],[114.69000355,34.89288446],[114.69009884,34.89322455],[114.69009921,34.89322587],[114.69011197,34.8932714],[114.69020077,34.89358829],[114.69021094,34.89362458],[114.69027049,34.89383709],[114.69027641,34.89385822],[114.69035856,34.89415136],[114.69044177,34.89444828],[114.69051635,34.89471443],[114.69061304,34.89505947],[114.69071359,34.89541826],[114.69078057,34.89565727],[114.69078432,34.89567065],[114.69087138,34.89598133],[114.69095299,34.89627255],[114.6909556,34.89628184],[114.69095833,34.8962916],[114.69102917,34.8965444],[114.69111488,34.89685024],[114.69112687,34.89689303],[114.69114007,34.89694013],[114.69122641,34.89724823],[114.69129815,34.89750422],[114.69138421,34.8978113],[114.69146943,34.8981154],[114.69152185,34.89830247],[114.69156079,34.89851513],[114.69163148,34.89890117],[114.6916407,34.89895154],[114.69171545,34.89935973],[114.69171777,34.89937238],[114.69174433,34.89951743],[114.69181198,34.90010472],[114.69190453,34.90090817],[114.69198243,34.9015844],[114.69198326,34.90159158],[114.69206669,34.90231584],[114.69215453,34.90307843],[114.69216268,34.90314911],[114.69224506,34.90386427],[114.69231389,34.90446184],[114.69232581,34.90456529],[114.69239395,34.90515681],[114.69240721,34.90527194],[114.6924815,34.90591674],[114.69249709,34.90605207],[114.69250248,34.90609888],[114.69253695,34.90639808],[114.69254025,34.90642674],[114.69266836,34.90645222],[114.6930066,34.9065195],[114.69310381,34.90653884],[114.6932239,34.90656273],[114.69333271,34.90657247],[114.69369602,34.90660497],[114.69423599,34.90665328],[114.69453035,34.90667961],[114.69485827,34.90670895],[114.69523751,34.90674287],[114.69577723,34.90679115],[114.69600523,34.90680389],[114.69630039,34.90682038],[114.69644651,34.90682854],[114.69763538,34.90689495],[114.69781995,34.90690526],[114.69797794,34.90689512],[114.69807569,34.90688884],[114.69840072,34.90686797],[114.69914167,34.90682038],[114.69928635,34.90681108],[114.6993816,34.90680497],[114.70020453,34.90675211],[114.70076066,34.90671638],[114.7007914,34.90671441],[114.70089806,34.90667961],[114.70091824,34.90667303],[114.70106092,34.90662648],[114.70132955,34.90653884],[114.70157475,34.90645885],[114.70160522,34.90644891],[114.70176103,34.90639808],[114.70177737,34.90639275],[114.7019173,34.90634709],[114.70212757,34.9062785],[114.70219251,34.90625731],[114.70243113,34.90617946],[114.70258162,34.90613036],[114.70262398,34.90611654],[114.70277368,34.9060677]]],[[[114.7694259,34.80462365],[114.76940028,34.80462365],[114.76940028,34.80471717],[114.76944396,34.80471264],[114.7694259,34.80462365]]],[[[114.75141624,34.77309187],[114.75141624,34.77323063],[114.75151537,34.77309187],[114.75141624,34.77309187]]]]}},{"type":"Feature","properties":{"adcode":"410225206","name":"孟寨乡","type":"乡","county_code":"410225","county_name":"兰考县","source_codes":["410225206"],"geometry_method":"沿用原边界","area_km2":37.6701},"geometry":{"type":"Polygon","coordinates":[[[115.03675968,34.95384495],[115.03675005,34.95380947],[115.03631299,34.95233663],[115.03618495,34.95190513],[115.03615474,34.95180226],[115.03608302,34.951558],[115.03588482,34.95088295],[115.03583244,34.95070455],[115.03568903,34.95022359],[115.03563038,34.9500269],[115.03558198,34.94986812],[115.03551942,34.94966287],[115.03549447,34.94958102],[115.03549722,34.94952012],[115.0355466,34.94842669],[115.03560962,34.94705902],[115.03565633,34.94625184],[115.03566068,34.94617664],[115.03556268,34.94618156],[115.0350133,34.94620916],[115.03443563,34.94623818],[115.03361738,34.94627148],[115.03317038,34.94628967],[115.03218594,34.94630929],[115.03212251,34.94631056],[115.03212065,34.94627255],[115.03204402,34.94470219],[115.03207822,34.94294489],[115.03207953,34.94287743],[115.03201542,34.94291379],[115.03173178,34.94307465],[115.03132057,34.94330784],[115.03074917,34.9436283],[115.02980643,34.94416345],[115.02914631,34.94453881],[115.02861572,34.94483691],[115.02806785,34.94515124],[115.02748423,34.94548279],[115.02712504,34.94568382],[115.02706057,34.94570866],[115.02681518,34.94580321],[115.02659552,34.94588594],[115.0264811,34.94592904],[115.02637562,34.94596876],[115.02632416,34.9459808],[115.02614136,34.94602358],[115.02453009,34.94633063],[115.02440731,34.94635351],[115.02326671,34.94656606],[115.02273487,34.94666902],[115.02208665,34.94679452],[115.02175062,34.94687939],[115.02161549,34.94691352],[115.02156088,34.94692731],[115.01984798,34.94732649],[115.01876515,34.94757523],[115.01776475,34.94780503],[115.01767363,34.94782596],[115.01769887,34.94789112],[115.0180076,34.94868833],[115.01802271,34.94872736],[115.01817514,34.94916766],[115.01830861,34.94955321],[115.01834526,34.94965906],[115.01841895,34.94986518],[115.01859829,34.9503668],[115.01882793,34.95102094],[115.01895885,34.95140974],[115.01905057,34.95168216],[115.01921394,34.9521439],[115.01926838,34.95232577],[115.01929186,34.95240424],[115.0192987,34.95244786],[115.01936033,34.95284084],[115.01937683,34.95292827],[115.0194021,34.95306225],[115.01941521,34.9531317],[115.01936588,34.9531802],[115.01897847,34.95356113],[115.01883834,34.95369891],[115.01845036,34.95409401],[115.01829412,34.95425312],[115.01780617,34.95473912],[115.01774407,34.95480097],[115.01775496,34.95485545],[115.01781294,34.95514525],[115.01790826,34.95562177],[115.01793063,34.95573362],[115.01794507,34.95580579],[115.01763223,34.95574722],[115.01762073,34.95574507],[115.01713215,34.95565359],[115.01696085,34.95562152],[115.0179274,34.95656414],[115.01839237,34.95701759],[115.0195776,34.95835715],[115.02083865,34.95988437],[115.02097573,34.96003759],[115.02097765,34.96003974],[115.0209804,34.96004282],[115.02175915,34.95993232],[115.0217655,34.95992601],[115.02177531,34.95991627],[115.02182139,34.95987044],[115.021824,34.95986784],[115.02182354,34.95986398],[115.02181646,34.95980478],[115.02178597,34.95954969],[115.02160817,34.95835735],[115.0215561,34.9581068],[115.02153983,34.95802854],[115.02165732,34.95801469],[115.02344999,34.95780329],[115.02354348,34.95779227],[115.02355395,34.95788186],[115.02360954,34.95835751],[115.02375023,34.95941414],[115.02381562,34.9599052],[115.0238235,34.95996433],[115.02382392,34.95996755],[115.02382823,34.95996727],[115.02390029,34.95996265],[115.02777272,34.95971441],[115.02782072,34.95971134],[115.02791218,34.95970547],[115.02801209,34.96027368],[115.02800753,34.96029353],[115.02800027,34.96032505],[115.02798683,34.96038349],[115.02798599,34.96038713],[115.02798167,34.96038792],[115.02793058,34.96039717],[115.0279111,34.9604007],[115.02786742,34.96040861],[115.02729218,34.96051282],[115.02657328,34.96064304],[115.0265027,34.96065583],[115.02649827,34.96065663],[115.0264986,34.96065993],[115.02650445,34.96071922],[115.02665012,34.96219569],[115.02665597,34.96225498],[115.02665629,34.96225822],[115.0266607,34.96225826],[115.02673297,34.9622589],[115.02675925,34.96225914],[115.02767322,34.96226726],[115.02774547,34.9622679],[115.02774987,34.96226794],[115.0277497,34.96227133],[115.0277468,34.96233077],[115.02768221,34.96365493],[115.02768007,34.96369881],[115.0276532,34.96424955],[115.02765111,34.96429234],[115.0275546,34.96627068],[115.02752784,34.96681924],[115.02743602,34.96870127],[115.02743534,34.96871527],[115.02742345,34.96895907],[115.02742306,34.96897709],[115.02742282,34.96898812],[115.02742353,34.96898816],[115.02753354,34.96899453],[115.02753293,34.96901986],[115.02752599,34.96930895],[115.02752599,34.96930925],[115.02752506,34.96934792],[115.02752288,34.96943865],[115.02921614,34.96952199],[115.02921954,34.96952215],[115.02928072,34.96952517],[115.02927606,34.96956499],[115.02923262,34.96993563],[115.02907454,34.97128446],[115.02906013,34.97140739],[115.02905235,34.9714738],[115.02903058,34.97165952],[115.0287497,34.97405606],[115.02896258,34.97408148],[115.02900462,34.97408651],[115.02904085,34.97409083],[115.02912409,34.97410077],[115.02884196,34.97803688],[115.02853337,34.9780169],[115.02852673,34.97801647],[115.02844363,34.97801109],[115.02842266,34.97816462],[115.0284127,34.97823756],[115.02813045,34.98030473],[115.02821513,34.98039671],[115.02824941,34.98043393],[115.02847354,34.98067733],[115.02923067,34.98116976],[115.03182522,34.98285761],[115.03182821,34.98285955],[115.03233639,34.98319011],[115.03250711,34.98329566],[115.03254635,34.98331992],[115.032593,34.98334876],[115.03261129,34.98335034],[115.0345807,34.98352094],[115.03458146,34.983521],[115.03469475,34.98353081],[115.03474396,34.98230471],[115.03475323,34.98207349],[115.03540965,34.98210345],[115.03540986,34.9827897],[115.036365,34.98285017],[115.03801776,34.98295478],[115.03801895,34.98295485],[115.03806474,34.98295775],[115.03810859,34.98258457],[115.03811116,34.98256275],[115.03811379,34.98254033],[115.03812365,34.98245645],[115.03898211,34.98249981],[115.04006949,34.98255473],[115.04093657,34.98259851],[115.04094682,34.98265204],[115.04097125,34.98277963],[115.0409721,34.98278405],[115.04127051,34.98434246],[115.04152892,34.98434663],[115.0418101,34.98435117],[115.04194212,34.98570551],[115.04359408,34.98563428],[115.04575787,34.98554094],[115.04581757,34.98553837],[115.04676085,34.98549767],[115.04685506,34.9854936],[115.04688974,34.9854921],[115.04715785,34.98548053],[115.04910163,34.98783787],[115.04910794,34.98784552],[115.04991828,34.98882821],[115.0510946,34.99022514],[115.05114496,34.99028495],[115.05307006,34.99257095],[115.05363242,34.99250896],[115.05388656,34.99248261],[115.05389183,34.99248207],[115.05418876,34.99245128],[115.05424818,34.99244512],[115.05428773,34.99244102],[115.05432211,34.99244209],[115.05445076,34.99244608],[115.05448624,34.99244718],[115.05448565,34.99245131],[115.05419652,34.99449895],[115.05402788,34.99555922],[115.05490995,34.99603148],[115.05548349,34.99634866],[115.05554673,34.99638363],[115.05622187,34.99546729],[115.05622271,34.99546614],[115.05631254,34.99534422],[115.05870885,34.99602674],[115.05963786,34.99629132],[115.05982995,34.9954298],[115.05985791,34.9953044],[115.06094075,34.99548865],[115.0610774,34.9955119],[115.06255417,34.99576315],[115.06299073,34.99583742],[115.06383226,34.99598608],[115.06382131,34.99609439],[115.06382054,34.996102],[115.06353137,34.99896223],[115.0636252,34.99898632],[115.06362535,34.99898636],[115.06362637,34.99898663],[115.06385054,34.99904419],[115.06401017,34.99908519],[115.06491186,34.99926322],[115.06558632,34.99939638],[115.06688893,34.99962646],[115.06697093,34.99964094],[115.0671203,34.99965153],[115.06716768,34.99775593],[115.06721336,34.9959287],[115.06722023,34.99565378],[115.07172279,34.9958941],[115.0718621,34.99590153],[115.07305698,34.9959978],[115.07305558,34.99601839],[115.07305552,34.99601932],[115.0727998,34.99978121],[115.07281881,34.9997817],[115.07303643,34.9997875],[115.07303817,34.99978754],[115.07395645,34.99981202],[115.0739586,34.99981207],[115.07549012,34.99985288],[115.0754779,34.99617124],[115.07547789,34.99616995],[115.075477,34.99590101],[115.07880264,34.99623925],[115.0806523,34.99642733],[115.08292388,34.99665644],[115.08329754,34.9952761],[115.0833092,34.99523304],[115.08339527,34.99523846],[115.08342643,34.99524042],[115.08345247,34.99524206],[115.08437119,34.99529987],[115.08449356,34.99530757],[115.08453167,34.99530997],[115.08658137,34.99543892],[115.08664468,34.9954429],[115.08664666,34.99544303],[115.08662161,34.99686804],[115.08659133,34.99859038],[115.08656615,35.00002238],[115.08656303,35.00019974],[115.08656166,35.00021931],[115.08654622,35.00044006],[115.08654457,35.00046366],[115.08683519,35.0004633],[115.0890847,35.00046048],[115.08916147,35.00046038],[115.08979852,35.00045957],[115.08981668,35.0013616],[115.09132358,35.00135312],[115.09121193,35.00019977],[115.09118568,35.00002238],[115.09116426,34.99987769],[115.09114945,34.9997776],[115.09110935,34.99950666],[115.09210207,34.99936058],[115.0922415,34.99934006],[115.09230894,34.99957345],[115.09231167,34.99958291],[115.09233575,34.99966625],[115.09263559,34.99961829],[115.09292559,34.99957262],[115.09299294,34.99956201],[115.0940117,34.99940156],[115.09490373,34.99924078],[115.09498468,34.999236],[115.09498782,34.99923582],[115.09504897,34.99923221],[115.09507438,34.99813664],[115.09507527,34.99809808],[115.09507605,34.99806464],[115.09508051,34.99806471],[115.09532346,34.99806853],[115.09532862,34.99806861],[115.09554675,34.99807204],[115.09557392,34.99769601],[115.09560776,34.99722766],[115.09562038,34.99705293],[115.09575238,34.9952258],[115.09575447,34.99519687],[115.09575931,34.99512993],[115.09576829,34.99500563],[115.09577161,34.99495968],[115.09730237,34.99539161],[115.09731131,34.99539413],[115.10389957,34.99725283],[115.10390109,34.99725326],[115.10395793,34.9972693],[115.10405784,34.99594867],[115.10406,34.9959201],[115.10420821,34.99396109],[115.10423696,34.99358104],[115.10432546,34.99358626],[115.1043259,34.99358628],[115.10474655,34.9936111],[115.10476249,34.99361204],[115.10476235,34.99361367],[115.10472992,34.99400478],[115.10463765,34.99511771],[115.10462807,34.99523327],[115.10443758,34.99753073],[115.1044322,34.99759564],[115.10442753,34.99765188],[115.10441706,34.99777794],[115.10606313,34.99846469],[115.10759119,34.99855257],[115.10760911,34.9985536],[115.10769518,34.99855855],[115.10770241,34.99858201],[115.10770418,34.99858774],[115.10809062,34.99984214],[115.10810593,34.99989184],[115.10814603,35.00002238],[115.10814633,35.00002336],[115.10820069,35.00019986],[115.10883876,35.00274119],[115.10891766,35.00305541],[115.10903413,35.00351928],[115.10907697,35.00368991],[115.10911212,35.0038299],[115.109275,35.00447856],[115.1092847,35.0045172],[115.10929025,35.00453932],[115.1092903,35.00453949],[115.10929034,35.00453966],[115.10929038,35.00453983],[115.10929043,35.00454],[115.10929047,35.00454018],[115.10929051,35.00454035],[115.10929056,35.00454052],[115.1092906,35.0045407],[115.10929064,35.00454087],[115.10929069,35.00454104],[115.10929073,35.00454121],[115.10929453,35.00455635],[115.10922016,35.00455429],[115.10853348,35.00453527],[115.1083656,35.00453062],[115.10835085,35.00453021],[115.10835336,35.0045362],[115.10843678,35.00473541],[115.1091129,35.00634989],[115.10962861,35.00759778],[115.10966589,35.00768799],[115.10969647,35.00776199],[115.10974041,35.00786832],[115.11112637,35.00733892],[115.11189051,35.00704702],[115.11222522,35.00692886],[115.11269657,35.00675615],[115.11280377,35.00671687],[115.11329316,35.00653755],[115.1135412,35.00644666],[115.11370635,35.00638615],[115.11381403,35.00634669],[115.1140989,35.0062423],[115.11438761,35.00613651],[115.11439552,35.00613361],[115.11454072,35.0060804],[115.11463842,35.0060446],[115.115082,35.00588206],[115.1153959,35.00581405],[115.11546545,35.00579898],[115.11567834,35.00575286],[115.11634955,35.00706838],[115.11640185,35.00717089],[115.11900316,35.00626216],[115.1190052,35.00626145],[115.1191253,35.00621949],[115.1193225,35.0061506],[115.1197697,35.00697731],[115.11988162,35.00718422],[115.11989882,35.007216],[115.1199168,35.00724925],[115.12000953,35.00739926],[115.12248302,35.00491046],[115.12375202,35.00371105],[115.12621267,35.00123131],[115.12627993,35.00116353],[115.12624125,35.00111457],[115.12605442,35.00087808],[115.12580185,35.00055837],[115.12551871,35.00019995],[115.12533647,35.00002238],[115.12473751,34.99943874],[115.12543859,34.99860114],[115.12545644,34.99857981],[115.12634838,34.99751414],[115.1266682,34.99713204],[115.12667356,34.99712563],[115.1267986,34.99697624],[115.12634837,34.99643977],[115.12606585,34.99610314],[115.12511903,34.99498639],[115.12511655,34.99498346],[115.12507905,34.99493923],[115.12552563,34.99477408],[115.12539855,34.99415175],[115.12529177,34.99363776],[115.12506064,34.99252518],[115.1238842,34.98686167],[115.12387619,34.98682311],[115.1238731,34.98680824],[115.12369341,34.98594308],[115.12362194,34.98559901],[115.12361722,34.98557627],[115.12357502,34.98537311],[115.1235718,34.98535759],[115.12356849,34.98537172],[115.12354791,34.98545967],[115.1235433,34.98547936],[115.12269005,34.98534985],[115.12240829,34.98528553],[115.12240171,34.98529677],[115.12236986,34.98535114],[115.1223698,34.98535125],[115.12236704,34.98535596],[115.12233519,34.98541035],[115.12216992,34.9856925],[115.12213849,34.98574617],[115.12213826,34.98574655],[115.12213156,34.98574786],[115.12206066,34.9857617],[115.12140776,34.98588912],[115.11990239,34.98618288],[115.11990103,34.98618518],[115.11987771,34.98622444],[115.11984588,34.98627802],[115.11984439,34.98628054],[115.11984092,34.98628172],[115.11977391,34.98630458],[115.11897745,34.98657628],[115.11859271,34.98670753],[115.11807575,34.98688388],[115.11800876,34.98690673],[115.118001,34.98690938],[115.11801818,34.98696903],[115.11802711,34.98700004],[115.1180582,34.98710798],[115.11804612,34.9871109],[115.11791834,34.98714175],[115.11776908,34.98717779],[115.11759687,34.98721937],[115.11750734,34.98706038],[115.11738344,34.98684038],[115.11733105,34.98682175],[115.11658698,34.98655723],[115.11605611,34.98637095],[115.11532313,34.98611374],[115.11525657,34.98609038],[115.11524972,34.98608797],[115.11524843,34.98608798],[115.11517563,34.98608822],[115.11504703,34.98608864],[115.11494622,34.98608897],[115.11492628,34.98609512],[115.11483192,34.98612422],[115.11475084,34.98614922],[115.11430959,34.98628528],[115.11415119,34.98633603],[115.11394965,34.98640061],[115.11337638,34.9865843],[115.11238615,34.98689119],[115.11233933,34.9869057],[115.1115482,34.98715302],[115.11114676,34.98727851],[115.11029803,34.98753599],[115.11026107,34.9875472],[115.11018594,34.98756999],[115.11016416,34.98751444],[115.10968774,34.98629917],[115.10969647,34.98629686],[115.10987238,34.98625021],[115.10987223,34.98624978],[115.10983934,34.98615283],[115.10981989,34.98609552],[115.10981854,34.98609153],[115.10982328,34.98609034],[115.10989241,34.98607287],[115.11002018,34.98604057],[115.11107427,34.98577416],[115.11237653,34.98544144],[115.11254402,34.98539742],[115.11261338,34.9853792],[115.11261712,34.98537821],[115.11261314,34.98537418],[115.11256759,34.98532796],[115.112455,34.98521371],[115.11144774,34.98419166],[115.11080833,34.98353171],[115.11040376,34.98311414],[115.1103714,34.98308074],[115.11032632,34.9830342],[115.11032091,34.98302863],[115.11032005,34.98302773],[115.11032197,34.98302822],[115.11032214,34.98302827],[115.11032637,34.98302934],[115.11032655,34.98302939],[115.11039739,34.98304742],[115.11148308,34.98332371],[115.11149645,34.98332711],[115.1134247,34.98381319],[115.11349387,34.98383062],[115.11349779,34.98383161],[115.11349543,34.98382826],[115.11345922,34.98377673],[115.11332583,34.98358693],[115.11314433,34.98332868],[115.1130877,34.9832481],[115.11299027,34.98310947],[115.11289123,34.98296854],[115.11265703,34.9826353],[115.11249193,34.98240038],[115.11208375,34.98181155],[115.11183624,34.98145449],[115.11171498,34.98127957],[115.11143548,34.98088583],[115.11074703,34.97991598],[115.11071033,34.97986428],[115.11070781,34.97986072],[115.11070595,34.9798615],[115.1106414,34.97988846],[115.11037839,34.9799983],[115.11011372,34.98010884],[115.11004918,34.98013579],[115.11004829,34.98013617],[115.11004678,34.98013338],[115.11001685,34.98007793],[115.10978352,34.97964559],[115.10972186,34.97953134],[115.10938988,34.97895206],[115.10875519,34.97784459],[115.10872419,34.97779048],[115.10872215,34.97778693],[115.10871988,34.97778613],[115.10865337,34.97776269],[115.10663789,34.97705233],[115.1063736,34.97695917],[115.10630715,34.97693575],[115.1063022,34.976934],[115.10630607,34.97693208],[115.10636806,34.97690133],[115.10802677,34.97607845],[115.10809227,34.97604595],[115.10809245,34.97604586],[115.10809321,34.97604548],[115.10809318,34.97604521],[115.10809249,34.97603988],[115.10809247,34.97603977],[115.1080847,34.97597984],[115.10798903,34.97524204],[115.10798132,34.97518258],[115.10798061,34.97517707],[115.10797766,34.97517606],[115.10790966,34.97515271],[115.10679959,34.97477149],[115.1067481,34.97475381],[115.10648053,34.97466192],[115.10648079,34.97466121],[115.10655048,34.97446834],[115.10655458,34.97445699],[115.10649094,34.97448293],[115.1064042,34.9745183],[115.10633885,34.97454494],[115.10633401,34.97454691],[115.10633231,34.97454726],[115.10626176,34.97456163],[115.10583034,34.97464949],[115.1057787,34.97459541],[115.10542434,34.97422426],[115.10542182,34.97422016],[115.10497678,34.97349918],[115.10496578,34.97348136],[115.1046183,34.97304424],[115.10456118,34.9729773],[115.10415044,34.97249593],[115.10400164,34.97232153],[115.10395978,34.97227249],[115.10395559,34.97226757],[115.10395541,34.97226733],[115.10391766,34.97221598],[115.10377532,34.9720224],[115.10367613,34.97188751],[115.10367454,34.97188535],[115.10366694,34.97187126],[115.10357546,34.97170161],[115.10353994,34.97164663],[115.10326537,34.97122153],[115.10288725,34.97093612],[115.10283398,34.97089591],[115.10283055,34.97089332],[115.1028314,34.97088974],[115.10284528,34.97083134],[115.10297668,34.97027825],[115.10297709,34.97027064],[115.1030006,34.96982865],[115.10301211,34.96961231],[115.10301251,34.96960471],[115.10301503,34.96956662],[115.10305555,34.96895384],[115.10308381,34.96881164],[115.10312343,34.96861236],[115.10312365,34.96860593],[115.10313831,34.96817762],[115.10313805,34.96817513],[115.1031311,34.96810813],[115.10306282,34.96744928],[115.10305648,34.96738816],[115.10305646,34.967388],[115.10305645,34.96738784],[115.10305616,34.96738508],[115.10305614,34.96738492],[115.10305595,34.96738306],[115.1030542,34.9673835],[115.10304862,34.96738488],[115.1029781,34.96740241],[115.10246414,34.96753011],[115.1018103,34.96769257],[115.10044242,34.96802524],[115.1003721,34.96804234],[115.10036586,34.96804386],[115.10036399,34.96804431],[115.10038497,34.96810237],[115.10063942,34.96880658],[115.10104235,34.96994075],[115.10106282,34.96999837],[115.10101142,34.97002018],[115.10099594,34.97002426],[115.10096346,34.97003281],[115.1008345,34.97007969],[115.10076078,34.97010475],[115.10075577,34.97010562],[115.10070538,34.97011439],[115.10062784,34.97013033],[115.10045799,34.9701654],[115.10000496,34.97016643],[115.0999993,34.97016644],[115.09991738,34.97016115],[115.09985444,34.97016172],[115.09974294,34.9701292],[115.09957203,34.97008502],[115.09948998,34.97004005],[115.09948237,34.97003661],[115.09943038,34.97001315],[115.09938189,34.96998616],[115.0991026,34.96992524],[115.09907385,34.96993103],[115.09903288,34.96991312],[115.0990081,34.96989602],[115.09900672,34.96989507],[115.09897304,34.96986794],[115.09888656,34.96983795],[115.09881883,34.96981446],[115.09881869,34.96981441],[115.09881691,34.9698138],[115.09881043,34.96981538],[115.09874076,34.96983238],[115.09776656,34.97007019],[115.09758229,34.97013871],[115.09746792,34.97018125],[115.09689072,34.9703295],[115.09652731,34.97044998],[115.09587521,34.97066617],[115.09560948,34.97075426],[115.09505817,34.97091314],[115.09477083,34.97104301],[115.09462606,34.97110844],[115.09382788,34.97133321],[115.09375932,34.97135251],[115.0937559,34.97135348],[115.09375143,34.97135441],[115.0936812,34.97136907],[115.09294949,34.97152176],[115.0929433,34.97152305],[115.0928427,34.97120892],[115.0926058,34.97046916],[115.09231979,34.96958872],[115.09230108,34.96953113],[115.0922989,34.96952441],[115.09229841,34.96952291],[115.09237355,34.96950708],[115.09308285,34.96935756],[115.0931529,34.9693428],[115.09315591,34.96934216],[115.09315485,34.96933946],[115.09313268,34.96928272],[115.09267562,34.96811335],[115.09248063,34.96759941],[115.09245466,34.96753096],[115.09244002,34.96749235],[115.09243309,34.96747409],[115.09243168,34.96747039],[115.09243117,34.96746742],[115.09242102,34.96740843],[115.09228512,34.96661885],[115.09218097,34.96601115],[115.0921247,34.96568289],[115.09205868,34.96529765],[115.09189543,34.96431203],[115.09183158,34.96392653],[115.09182153,34.96387016],[115.09170976,34.96324335],[115.09170504,34.96321684],[115.0916992,34.96318411],[115.09169834,34.96317928],[115.09170031,34.96317913],[115.09177277,34.96317369],[115.09233656,34.96313138],[115.09225113,34.96265454],[115.09218373,34.96227833],[115.09214807,34.96209578],[115.09203552,34.96151957],[115.09199532,34.96132356],[115.09198329,34.9612649],[115.09198243,34.96126069],[115.09197819,34.96126049],[115.09190598,34.96125703],[115.09176474,34.96125027],[115.09176239,34.96125016],[115.09175624,34.96119171],[115.09169257,34.96058601],[115.09168606,34.96052399],[115.09166883,34.96046264],[115.0916494,34.96039345],[115.09164644,34.96038292],[115.0915561,34.95966801],[115.09155994,34.95966765],[115.09172099,34.95965266],[115.09172095,34.95964951],[115.09171937,34.95953015],[115.09171878,34.95948624],[115.09164788,34.95871291],[115.09161866,34.95835778],[115.09162105,34.95835778],[115.09162484,34.95740351],[115.09162999,34.95610515],[115.09163028,34.95603091],[115.0916287,34.95597917],[115.09159967,34.9550287],[115.09152554,34.95260119],[115.09152378,34.95254347],[115.09145165,34.95253382],[115.09138863,34.95252539],[115.09132214,34.95251649],[115.08929287,34.95279624],[115.08923866,34.95280371],[115.08921654,34.95281862],[115.08915958,34.95285702],[115.08915501,34.9528601],[115.0891514,34.95286254],[115.08914068,34.95279457],[115.08913708,34.95277176],[115.08907475,34.95237636],[115.08906764,34.95233122],[115.08880343,34.95065523],[115.08879423,34.95059686],[115.08878639,34.95053048],[115.08863728,34.94926824],[115.0886302,34.94920827],[115.08862954,34.9492027],[115.0886294,34.94920156],[115.08855051,34.94920596],[115.088148,34.94922841],[115.08805997,34.94923331],[115.08639306,34.94937144],[115.08579457,34.94942594],[115.08553241,34.94944982],[115.08545548,34.94945682],[115.08545478,34.94945211],[115.08545379,34.94944542],[115.08544501,34.94938616],[115.08530013,34.94840901],[115.0852477,34.94805535],[115.08524503,34.94805547],[115.08504184,34.9480646],[115.08494795,34.94806882],[115.08487447,34.94807212],[115.08487431,34.94807213],[115.08486895,34.94807237],[115.08486893,34.94807214],[115.08486357,34.94801223],[115.0848499,34.94785946],[115.08480004,34.94730215],[115.08468075,34.94685724],[115.08468208,34.94659702],[115.08468826,34.9461646],[115.08462845,34.94553375],[115.08455931,34.94554457],[115.084419,34.94556653],[115.08414165,34.94560994],[115.08327367,34.94572919],[115.08323343,34.94574074],[115.08302992,34.9457992],[115.08227198,34.94587637],[115.08219941,34.94588376],[115.08219928,34.94588377],[115.0821968,34.94588402],[115.08219803,34.94588972],[115.08221069,34.94594837],[115.08245147,34.94706344],[115.08276215,34.94850225],[115.08276503,34.94851558],[115.0827744,34.94855899],[115.08270432,34.94856847],[115.08269449,34.9485698],[115.0818886,34.94867878],[115.07904281,34.94906359],[115.07851613,34.949131],[115.07813606,34.94917964],[115.07744491,34.9492681],[115.07739751,34.9492782],[115.07725094,34.94930946],[115.077179,34.9493248],[115.0771764,34.94931851],[115.0771736,34.94931171],[115.07715035,34.94925537],[115.07673013,34.94823702],[115.07629638,34.94718027],[115.07627192,34.94712068],[115.07620061,34.94711789],[115.07619215,34.94711756],[115.07530628,34.94717009],[115.07506347,34.94718252],[115.07476985,34.94719629],[115.07468879,34.94720009],[115.07468309,34.94714111],[115.07465697,34.94687097],[115.07460416,34.94632473],[115.07457415,34.94601309],[115.07452549,34.94550769],[115.07451889,34.94549887],[115.07451215,34.94548987],[115.0744763,34.94544198],[115.07440943,34.94543609],[115.0743997,34.94543523],[115.07436206,34.94543191],[115.0720282,34.94554796],[115.07100281,34.94559027],[115.07091498,34.94559389],[115.07091363,34.94554728],[115.07090506,34.94525126],[115.07090428,34.94522425],[115.07037406,34.94530187],[115.0698542,34.94535591],[115.06927194,34.94541644],[115.06825827,34.94552181],[115.06716268,34.94563568],[115.06688328,34.94566472],[115.06681161,34.94567216],[115.06680764,34.94567258],[115.06680828,34.94567617],[115.06681879,34.94573503],[115.06706319,34.94710367],[115.06709004,34.94725398],[115.0670912,34.94726048],[115.0671019,34.94732044],[115.06710276,34.94732524],[115.06710471,34.94733618],[115.06702656,34.94734354],[115.06701347,34.94734477],[115.06411508,34.94761754],[115.06393668,34.94763432],[115.06384977,34.94765182],[115.06345571,34.94773112],[115.06336901,34.94774005],[115.06321465,34.94775595],[115.06312666,34.94776501],[115.06311021,34.94768154],[115.06256828,34.94493241],[115.06255654,34.94487287],[115.06255548,34.94486747],[115.06255241,34.9448519],[115.06248232,34.94486623],[115.06202095,34.94496056],[115.06149883,34.9450673],[115.06066774,34.94519799],[115.0606071,34.94520752],[115.06035008,34.94524794],[115.06023497,34.94526603],[115.06025741,34.94533633],[115.06043528,34.94589357],[115.06054147,34.94620109],[115.06065113,34.94659562],[115.060668,34.94665635],[115.06060096,34.94666694],[115.06059109,34.9466685],[115.06026364,34.94672022],[115.05966182,34.94681527],[115.05914288,34.94689723],[115.05865596,34.94697414],[115.05814913,34.94705815],[115.05793467,34.94708897],[115.05785982,34.94709973],[115.05785032,34.94702186],[115.05771337,34.9458988],[115.05770503,34.94583045],[115.05759664,34.94584762],[115.05709685,34.94592681],[115.05682091,34.94597053],[115.05615413,34.94607617],[115.05600493,34.94609981],[115.05601807,34.94614847],[115.05614888,34.94663272],[115.05615122,34.94664139],[115.05613058,34.94664431],[115.0544725,34.94687876],[115.05445529,34.9468812],[115.05445261,34.94686835],[115.05430707,34.94616985],[115.0540903,34.94538474],[115.05388681,34.94464274],[115.05370617,34.94402585],[115.05363,34.9437657],[115.05360649,34.94368541],[115.05352036,34.94369625],[115.0521897,34.94386371],[115.05212217,34.9438722],[115.05215027,34.94398531],[115.05226639,34.94445268],[115.05227129,34.94447241],[115.05244249,34.94515198],[115.05258655,34.94573382],[115.05260555,34.94581054],[115.05248723,34.94583324],[115.05217769,34.94589263],[115.05171008,34.94598234],[115.05161407,34.94600076],[115.05159385,34.94590947],[115.05151753,34.94556499],[115.0514251,34.94514779],[115.05140804,34.94507079],[115.05130682,34.94508726],[115.05054455,34.94521128],[115.0503843,34.94523735],[115.05039132,34.94527098],[115.05049456,34.94576561],[115.05069749,34.94673782],[115.05078268,34.94726971],[115.05079428,34.94734208],[115.05072007,34.94735258],[115.05037867,34.94740089],[115.05016057,34.94743176],[115.04992318,34.94746665],[115.04904305,34.94759602],[115.04861799,34.94765507],[115.04851454,34.94766944],[115.04842175,34.94768233],[115.04843877,34.94775403],[115.04846535,34.94786597],[115.04846934,34.94788276],[115.04848814,34.94797917],[115.04865897,34.9488551],[115.04874362,34.94924819],[115.04881996,34.94960268],[115.04883545,34.9496746],[115.04875033,34.94969165],[115.04853504,34.94973477],[115.04860878,34.95002961],[115.04862662,34.95010093],[115.04854869,34.95011855],[115.04833649,34.95016651],[115.04689153,34.95049314],[115.04637646,34.95061248],[115.04601431,34.95069639],[115.04578447,34.95074965],[115.04578391,34.95074978],[115.045831,34.9509288],[115.04584578,34.95098496],[115.04579146,34.95099773],[115.0452149,34.95113328],[115.04465825,34.95126224],[115.04417201,34.95137489],[115.04416984,34.95139747],[115.04415375,34.95156528],[115.04414667,34.95163911],[115.04408306,34.95165297],[115.04378702,34.95171747],[115.04363799,34.95174995],[115.04357148,34.95176444],[115.04341314,34.95179699],[115.04264726,34.95195444],[115.04156737,34.95218624],[115.04145099,34.95221427],[115.04119858,34.95227507],[115.04112178,34.95229357],[115.04113195,34.95235656],[115.04114973,34.95246659],[115.04116685,34.95257261],[115.04133353,34.9534021],[115.04140562,34.95381268],[115.04141628,34.95387338],[115.04135801,34.9538896],[115.04101364,34.95398547],[115.04084658,34.95403198],[115.04011797,34.95421893],[115.04002151,34.95424369],[115.03995039,34.95425841],[115.03935402,34.95438191],[115.03887975,34.95448011],[115.03887622,34.9544809],[115.03849662,34.95456558],[115.03800098,34.95467615],[115.03777537,34.95472647],[115.03714659,34.95485511],[115.03701673,34.95488167],[115.03701128,34.95483301],[115.03699975,34.95472994],[115.03675968,34.95384495]]]}},{"type":"Feature","properties":{"adcode":"410225208","name":"葡萄架乡","type":"乡","county_code":"410225","county_name":"兰考县","source_codes":["410225208"],"geometry_method":"沿用原边界","area_km2":49.9206},"geometry":{"type":"Polygon","coordinates":[[[115.08937991,34.80039911],[115.08926809,34.79983244],[115.08916309,34.79928724],[115.08915846,34.79926323],[115.08905808,34.79874203],[115.08897083,34.79830697],[115.0889509,34.79822732],[115.08893598,34.7981677],[115.0888352,34.79816408],[115.08880914,34.79816314],[115.0884117,34.79819703],[115.08803385,34.79822925],[115.08734011,34.79829733],[115.08684177,34.79834482],[115.08623593,34.79840134],[115.08612645,34.79841339],[115.08593298,34.79843468],[115.08556708,34.79847219],[115.08534381,34.79849035],[115.08508517,34.79851339],[115.08480645,34.79853868],[115.08478888,34.79854],[115.08474275,34.79854346],[115.08468088,34.7985481],[115.08463065,34.79846896],[115.08458002,34.7983892],[115.08448512,34.79788339],[115.08444452,34.7975645],[115.08443642,34.79750087],[115.08434298,34.79751092],[115.08412601,34.79753424],[115.08391261,34.79755719],[115.08251199,34.79761715],[115.08232167,34.79761739],[115.08199368,34.7976178],[115.08155903,34.7976501],[115.08147218,34.79765655],[115.08146614,34.79757348],[115.08146305,34.79753098],[115.08146248,34.79752096],[115.08144955,34.7972916],[115.08144635,34.79726067],[115.08139418,34.79675607],[115.08134874,34.79631662],[115.0813388,34.79622054],[115.08128695,34.79569068],[115.08123511,34.79516082],[115.08118327,34.79463096],[115.08113632,34.79415114],[115.08113142,34.7941011],[115.08108649,34.79357118],[115.0810419,34.79306691],[115.0810189,34.79289319],[115.08101328,34.79286116],[115.08100231,34.79279854],[115.08091103,34.7928323],[115.08088591,34.7928416],[115.08088216,34.79284298],[115.08079894,34.7928498],[115.08079879,34.79284982],[115.08079865,34.79284983],[115.08075531,34.79285338],[115.08043431,34.79287969],[115.08018464,34.79290154],[115.08004433,34.79291753],[115.07970042,34.79295673],[115.07961537,34.79296642],[115.07960439,34.79288113],[115.07959584,34.79281474],[115.07953661,34.79236156],[115.07949888,34.79202367],[115.07946566,34.79177649],[115.07944452,34.79174258],[115.07940707,34.79168252],[115.0792131,34.78972946],[115.07908474,34.78823289],[115.07908079,34.78818682],[115.079031,34.78791122],[115.07767719,34.78800128],[115.07670407,34.788066],[115.07668416,34.78806732],[115.07667627,34.78806785],[115.076669,34.78806834],[115.07665995,34.78806895],[115.07654811,34.78807655],[115.0753134,34.78816035],[115.07519847,34.78816814],[115.07514575,34.7881821],[115.07503935,34.78821025],[115.07481733,34.788269],[115.07480589,34.78836306],[115.07480122,34.78840149],[115.07478734,34.78851569],[115.0730852,34.78864679],[115.07302789,34.78865121],[115.07302092,34.78865174],[115.07302118,34.78866311],[115.07303978,34.78946785],[115.07304225,34.78957467],[115.07299521,34.78957852],[115.0713223,34.7897155],[115.07132108,34.78971567],[115.06974753,34.78993886],[115.06821002,34.79009666],[115.06686583,34.79023461],[115.06608802,34.79031442],[115.06523733,34.79040171],[115.06503735,34.79039412],[115.06496161,34.79039125],[115.06496667,34.79046845],[115.06497239,34.7905557],[115.06503275,34.79147603],[115.0640009,34.7915838],[115.06384767,34.7915998],[115.06308241,34.79167972],[115.06269456,34.7917567],[115.06268877,34.79175785],[115.06244466,34.7918063],[115.06236213,34.79182269],[115.06227677,34.79184631],[115.06224246,34.7918558],[115.06223201,34.7918587],[115.06217487,34.79185557],[115.06199343,34.79185095],[115.06143238,34.79183668],[115.06059767,34.79181858],[115.06020916,34.79181526],[115.06011877,34.79181448],[115.06012746,34.79174327],[115.06013501,34.79168143],[115.06013513,34.79168042],[115.06012983,34.79158132],[115.06024753,34.79157796],[115.0603712,34.79157444],[115.06042892,34.79157279],[115.06042828,34.79152293],[115.06042693,34.79141683],[115.06041001,34.79009477],[115.06040923,34.79003448],[115.06040823,34.7900345],[115.06040811,34.7900345],[115.06040255,34.79003459],[115.06040242,34.79003459],[115.06032895,34.79003579],[115.05941967,34.79005058],[115.05933404,34.79005197],[115.05926745,34.790058],[115.05925058,34.79005952],[115.0591245,34.79007092],[115.0591032,34.79007285],[115.05913487,34.79066663],[115.05914891,34.79092995],[115.05919188,34.79168063],[115.05920742,34.79178443],[115.05922607,34.79190902],[115.05921976,34.79191702],[115.05921509,34.79192294],[115.05920369,34.79193737],[115.05906718,34.79192814],[115.05897787,34.79192211],[115.05897866,34.7919956],[115.05898743,34.79281672],[115.05899152,34.79363013],[115.0589919,34.79370638],[115.05899399,34.79412126],[115.05899434,34.7941903],[115.0589992,34.7942592],[115.05899964,34.7942653],[115.05900216,34.79430095],[115.05845498,34.79429473],[115.05783869,34.79428772],[115.05776407,34.79430543],[115.05775552,34.79430485],[115.05769102,34.79430042],[115.05751476,34.79436279],[115.05744244,34.79438837],[115.05735053,34.79439542],[115.05613301,34.79448868],[115.05545092,34.79454125],[115.05459498,34.79460721],[115.05344533,34.79467057],[115.05225687,34.79474096],[115.05190162,34.7947604],[115.05110912,34.79480378],[115.05007217,34.79486774],[115.04997603,34.79487367],[115.04982659,34.79488195],[115.04884576,34.79493631],[115.04827266,34.79497016],[115.048239,34.79497215],[115.04779711,34.79499824],[115.04680669,34.79505486],[115.04677268,34.79505682],[115.04635744,34.79508074],[115.04558032,34.79512551],[115.04557526,34.79512792],[115.04540122,34.79521083],[115.04526157,34.79527735],[115.04522217,34.79529459],[115.04516734,34.79531858],[115.04508924,34.79535276],[115.04501683,34.79531919],[115.04500259,34.79531259],[115.04499378,34.79530851],[115.04464907,34.79502046],[115.04409822,34.79456584],[115.0437913,34.79430513],[115.04363855,34.79417536],[115.04323201,34.79383734],[115.04281955,34.79349215],[115.04241882,34.79315167],[115.04233648,34.79309505],[115.04225306,34.79303769],[115.0421847,34.79299068],[115.04209966,34.79298294],[115.04200323,34.79297417],[115.04196179,34.7929704],[115.04156093,34.79296934],[115.04110183,34.79296813],[115.04025346,34.79296095],[115.03946922,34.79295321],[115.03893112,34.79295405],[115.03877837,34.79295429],[115.03864308,34.79295216],[115.03818358,34.79294493],[115.03763261,34.79294241],[115.03677845,34.79293766],[115.0365224,34.792938],[115.03643285,34.79293813],[115.03644,34.79301072],[115.03645072,34.79311961],[115.03660253,34.79438599],[115.03662091,34.79453933],[115.03673099,34.79546336],[115.03676818,34.79577553],[115.03687367,34.79668245],[115.03694267,34.79734805],[115.03694745,34.79744058],[115.03696263,34.79773454],[115.03697581,34.79798979],[115.03698568,34.79978117],[115.03698785,34.800075],[115.03699472,34.80100474],[115.03700318,34.80184689],[115.03700464,34.80203729],[115.03700651,34.80228006],[115.03701183,34.8030394],[115.03701631,34.80356403],[115.03702267,34.80385519],[115.03702415,34.80392322],[115.03711227,34.80393473],[115.03712139,34.80393592],[115.03751872,34.80392046],[115.03782005,34.80391016],[115.03832596,34.80389287],[115.0390168,34.80386368],[115.03909339,34.80386044],[115.03989432,34.80382944],[115.04059256,34.80379909],[115.04067704,34.80379541],[115.04069847,34.80386772],[115.04071463,34.80392225],[115.04072441,34.80395525],[115.0409863,34.80465026],[115.04102341,34.80510558],[115.04104578,34.80537674],[115.04107278,34.80570403],[115.04112798,34.80642117],[115.04119361,34.80727379],[115.04119532,34.80729597],[115.04130516,34.80871024],[115.04133536,34.80906316],[115.04134234,34.80914473],[115.04136277,34.80938345],[115.04137629,34.80954151],[115.04140598,34.80995324],[115.04142952,34.81027973],[115.04148175,34.81093856],[115.04148443,34.81098303],[115.04148877,34.81105484],[115.04157451,34.81104508],[115.04168072,34.81103299],[115.04169216,34.81103169],[115.04277921,34.81095335],[115.04278332,34.8109536],[115.04281409,34.81095547],[115.04289665,34.81096048],[115.04291658,34.81102885],[115.04292353,34.81105271],[115.04292489,34.81105738],[115.04292902,34.81113322],[115.04293034,34.81115744],[115.04298741,34.81203369],[115.04304392,34.81286508],[115.0430818,34.81338079],[115.04308896,34.81347878],[115.04311215,34.81379646],[115.04313494,34.8141532],[115.04315646,34.81448988],[115.04318108,34.81484715],[115.04318975,34.81497284],[115.04318937,34.81498631],[115.04318818,34.81502864],[115.04318616,34.81510101],[115.04328086,34.81509507],[115.04347279,34.81508305],[115.04415105,34.81504055],[115.04523934,34.8149788],[115.04544119,34.81496735],[115.04558043,34.81495867],[115.04629079,34.8149144],[115.04637621,34.81490907],[115.04639464,34.81497748],[115.0463988,34.81499292],[115.04639992,34.81499709],[115.04643281,34.81528157],[115.04644119,34.81535624],[115.04650649,34.81593847],[115.04651771,34.8160385],[115.04652449,34.81610211],[115.0465525,34.81636516],[115.04656016,34.81643707],[115.04665194,34.81643361],[115.04722134,34.81641214],[115.04791228,34.81638824],[115.04801824,34.81638458],[115.04832371,34.81637384],[115.04873356,34.81635944],[115.04928738,34.8163414],[115.04930989,34.81634067],[115.04933341,34.8163399],[115.04938197,34.81633832],[115.05013077,34.81631288],[115.05018613,34.81631037],[115.05026934,34.8163066],[115.05027844,34.81637514],[115.05030113,34.81654613],[115.05038542,34.81708733],[115.0504467,34.81748261],[115.05046291,34.81758716],[115.05047209,34.81764493],[115.05060618,34.81848856],[115.05077017,34.8195382],[115.05079232,34.81969203],[115.05081962,34.81988169],[115.05082954,34.81995066],[115.05074976,34.81994247],[115.05053181,34.81992013],[115.04962702,34.81992793],[115.04913121,34.8199322],[115.04705212,34.82003016],[115.04684867,34.82007569],[115.04663556,34.82012338],[115.0463227,34.82010862],[115.04608096,34.82009721],[115.04489457,34.82013484],[115.04359785,34.82021914],[115.04273333,34.82027228],[115.04236813,34.82033945],[115.0421817,34.82036778],[115.04192582,34.82040667],[115.04183711,34.82042015],[115.04182827,34.82049284],[115.0418242,34.8205263],[115.04183022,34.82091631],[115.04183559,34.82126487],[115.04184259,34.82144203],[115.04186099,34.82190796],[115.04186373,34.82197744],[115.04177758,34.82199169],[115.04173183,34.82199926],[115.04164355,34.82201199],[115.04159188,34.82201944],[115.04052527,34.82223738],[115.04028294,34.82228608],[115.03978007,34.82238699],[115.03861785,34.82262256],[115.03847338,34.82265184],[115.03785969,34.82277616],[115.0377581,34.82279604],[115.03733888,34.82287809],[115.03730649,34.82288442],[115.03679299,34.8229889],[115.03655238,34.82303932],[115.03626075,34.82310043],[115.03601136,34.82311796],[115.03586977,34.82312792],[115.03557535,34.82314954],[115.03512545,34.82318257],[115.03439947,34.82319737],[115.033617,34.82321264],[115.03283031,34.82322622],[115.0322236,34.82323999],[115.03218227,34.82324145],[115.03203116,34.8232468],[115.03200872,34.82324927],[115.03192167,34.82325888],[115.03183684,34.82327088],[115.03183598,34.82327116],[115.03176057,34.82329521],[115.03153669,34.82336662],[115.03072796,34.82362717],[115.02980251,34.82392494],[115.02978101,34.82393634],[115.02971188,34.82397296],[115.02962454,34.82399721],[115.0296076,34.82400191],[115.02957964,34.82400967],[115.02919215,34.82413991],[115.02910032,34.82417077],[115.02899042,34.82420692],[115.02862096,34.82432842],[115.02750178,34.8247003],[115.02735886,34.82474886],[115.02723087,34.82479233],[115.02708235,34.8248407],[115.02681192,34.82492876],[115.02640134,34.82506511],[115.0260283,34.82519079],[115.02573441,34.82528646],[115.02524043,34.82544768],[115.02521801,34.8254592],[115.0251428,34.82549784],[115.0250582,34.82551454],[115.02501117,34.82552382],[115.02459324,34.82557393],[115.02283787,34.82578026],[115.02113891,34.82597918],[115.01948385,34.82617426],[115.01866676,34.82627084],[115.01795627,34.82635617],[115.0166376,34.82650871],[115.01556739,34.8266381],[115.01541096,34.82665701],[115.01531121,34.82666829],[115.01485087,34.82672036],[115.01449623,34.82676321],[115.01440917,34.82677375],[115.01427886,34.82678947],[115.01422187,34.82679636],[115.01421838,34.82679709],[115.01419158,34.82680271],[115.01410089,34.8268217],[115.01410285,34.82681806],[115.01401953,34.82682773],[115.01347767,34.82689061],[115.01314153,34.82692961],[115.01222547,34.82702872],[115.01217385,34.82703431],[115.01214489,34.82703761],[115.01122713,34.82714227],[115.01031379,34.82724132],[115.00946318,34.8273364],[115.0087993,34.82740655],[115.00864804,34.82742254],[115.0084328,34.8274466],[115.00819486,34.8274732],[115.00789774,34.82750641],[115.00779704,34.82751706],[115.00726025,34.82757382],[115.00643987,34.82766669],[115.00643406,34.82766735],[115.00634019,34.82767797],[115.0062843,34.82763038],[115.00625865,34.82760854],[115.00625399,34.82760457],[115.00618325,34.8275541],[115.00538843,34.82698695],[115.00489475,34.82662369],[115.00465913,34.82645032],[115.0046578,34.82644933],[115.00453287,34.82635947],[115.00400543,34.8259801],[115.00373639,34.8257872],[115.00348187,34.82560472],[115.00318179,34.82539391],[115.00309283,34.82533141],[115.00302622,34.82528461],[115.00307711,34.82522361],[115.00309197,34.8252058],[115.00342267,34.82486481],[115.00355947,34.82472277],[115.00395382,34.82431333],[115.00408915,34.82417748],[115.00423294,34.82403316],[115.00449956,34.82375827],[115.00450011,34.82375441],[115.00450094,34.82374859],[115.00450477,34.82372185],[115.00451071,34.82368026],[115.00442571,34.82368308],[115.00429035,34.82368757],[115.00412117,34.82369317],[115.0040154,34.82369668],[115.00309099,34.82374399],[115.00256605,34.82377075],[115.00242735,34.82377749],[115.00209546,34.82379361],[115.00209197,34.82379379],[115.00181521,34.82380799],[115.0014534,34.8238265],[115.00135021,34.82382822],[115.00115977,34.82384137],[114.99970346,34.82394193],[114.99953943,34.82395326],[114.99947115,34.82395797],[114.99637658,34.82413155],[114.99464888,34.82422842],[114.99249986,34.82436312],[114.9924221,34.82436799],[114.99240233,34.82429628],[114.99213995,34.82334405],[114.99211945,34.82334511],[114.99194682,34.82335405],[114.99154282,34.82337498],[114.98804501,34.82355613],[114.98789223,34.82356404],[114.98789392,34.82359362],[114.98795986,34.82474969],[114.98800596,34.82555799],[114.98804749,34.82628619],[114.98799649,34.82645608],[114.98793136,34.826673],[114.98780998,34.8272375],[114.98767396,34.82787005],[114.98796146,34.83028385],[114.98796903,34.8303474],[114.98797833,34.83042544],[114.98798202,34.83045646],[114.98812194,34.83046066],[114.98903232,34.83048795],[114.9912532,34.83055452],[114.99486147,34.83061223],[114.99582972,34.83060432],[114.99701977,34.83059459],[114.99753156,34.83061241],[114.99765458,34.8306167],[114.99769497,34.83061811],[114.99766967,34.83064331],[114.9969157,34.83139431],[114.9950202,34.83334957],[114.99437692,34.8340333],[114.99426376,34.83415357],[114.99422216,34.83420476],[114.99186493,34.83659792],[114.99180757,34.83665616],[114.99175499,34.8367099],[114.99006136,34.83844117],[114.98985872,34.8386483],[114.98980171,34.83870657],[114.98974987,34.83876107],[114.9894947,34.8390293],[114.98779497,34.84081595],[114.9876418,34.84097381],[114.98728251,34.84134409],[114.98625971,34.84239816],[114.98620301,34.8424566],[114.98615278,34.84251153],[114.98568913,34.84301858],[114.98473805,34.84406164],[114.98376401,34.84512157],[114.9831122,34.84583562],[114.98305642,34.84589673],[114.98304938,34.84587183],[114.98303509,34.84582133],[114.98299832,34.84569133],[114.98289094,34.84531172],[114.98269317,34.84461253],[114.98263885,34.84442383],[114.98261787,34.84435094],[114.98234308,34.8433963],[114.98231493,34.84329763],[114.98203212,34.84230619],[114.9817363,34.84127322],[114.98173541,34.84127057],[114.98169504,34.84115142],[114.98167138,34.84108157],[114.98158515,34.84109781],[114.98090758,34.84122535],[114.98082208,34.84124145],[114.98079754,34.8411678],[114.98067359,34.84079572],[114.9803966,34.83996422],[114.98037414,34.83989679],[114.98029022,34.83991268],[114.97987132,34.83999199],[114.97918235,34.84012244],[114.97910539,34.84022087],[114.97910102,34.84022197],[114.97909099,34.84022449],[114.97866168,34.84033264],[114.97857479,34.84035453],[114.97849418,34.84037387],[114.97800986,34.84049013],[114.97767514,34.84057047],[114.97743342,34.84062848],[114.97683239,34.84077274],[114.97674701,34.84079323],[114.9767658,34.84086449],[114.97690078,34.84137632],[114.97716641,34.8423835],[114.97765731,34.84425944],[114.97833029,34.8468496],[114.97842359,34.84720967],[114.97845587,34.84733423],[114.97847422,34.84740505],[114.97856185,34.8474031],[114.97891449,34.84739526],[114.97919895,34.84738892],[114.97920476,34.84739126],[114.97928985,34.84802331],[114.97930942,34.84816575],[114.97931174,34.84817308],[114.97931544,34.84818478],[114.97918662,34.84830272],[114.97919317,34.84833879],[114.97922759,34.84852829],[114.9792402,34.84859772],[114.97931744,34.84863761],[114.97989225,34.8489345],[114.97991718,34.84894738],[114.98006806,34.84902531],[114.98010171,34.84904269],[114.98018225,34.84908429],[114.98012741,34.84913743],[114.97990283,34.84935508],[114.97917978,34.85005582],[114.97862828,34.85059028],[114.97857285,34.850644],[114.978593,34.85071672],[114.97865511,34.85094079],[114.9786952,34.85108544],[114.97880203,34.85146476],[114.97894339,34.85196661],[114.97899623,34.85215422],[114.97907375,34.85242944],[114.97926041,34.85309214],[114.97961836,34.85436138],[114.97965416,34.85448832],[114.97969749,34.85464281],[114.97985802,34.8552151],[114.98002895,34.85582446],[114.98017059,34.85631772],[114.98040353,34.85712894],[114.98040949,34.85714973],[114.98040972,34.85715052],[114.98057618,34.85707896],[114.98104338,34.85902123],[114.98169945,34.86175193],[114.98198856,34.86296086],[114.98219566,34.86382688],[114.98232596,34.8643659],[114.98252843,34.86520347],[114.98270038,34.86591045],[114.9828675,34.86659757],[114.98292694,34.86685232],[114.98295382,34.86696751],[114.983043,34.86734972],[114.98304509,34.8673587],[114.9830953,34.86757388],[114.98311332,34.86765112],[114.98319084,34.86760461],[114.9831998,34.86759924],[114.9832019,34.86759798],[114.9832822,34.86761713],[114.98335446,34.86763436],[114.9840048,34.86777402],[114.98434143,34.86784631],[114.98441807,34.86786277],[114.98440986,34.86793505],[114.98439133,34.86809836],[114.98437411,34.86825013],[114.98436968,34.86828915],[114.98430315,34.86887542],[114.98429438,34.86895279],[114.98437653,34.86895827],[114.98442517,34.86896152],[114.98442635,34.8689616],[114.98498323,34.86899879],[114.98513757,34.8690091],[114.98529167,34.86901939],[114.98538107,34.86902536],[114.98538788,34.86894584],[114.98540067,34.86879647],[114.98541475,34.86879683],[114.98552697,34.86879967],[114.98552915,34.86879972],[114.98578286,34.86880614],[114.98585109,34.86880787],[114.98618653,34.86881818],[114.98751006,34.86885885],[114.98809745,34.86887689],[114.98820282,34.86888013],[114.98829138,34.86888285],[114.98828808,34.86880407],[114.98827896,34.86858602],[114.98827155,34.86840902],[114.98825263,34.86795702],[114.98824095,34.86767803],[114.98823822,34.86761276],[114.98832662,34.86760598],[114.98847355,34.86759472],[114.98860851,34.86758437],[114.98982814,34.86749086],[114.99010975,34.86746927],[114.99231072,34.86732345],[114.99350873,34.86721688],[114.99359411,34.86720929],[114.99368095,34.86720787],[114.99410428,34.86720098],[114.99496124,34.8671448],[114.99550269,34.86710931],[114.99554932,34.86710619],[114.99564918,34.86709952],[114.99657701,34.86703754],[114.99728576,34.86699018],[114.99737274,34.86698437],[114.99737967,34.86705973],[114.9974968,34.86833369],[114.99755922,34.86901257],[114.99756483,34.86907357],[114.99762953,34.86981603],[114.99769149,34.87052713],[114.9977121,34.87076361],[114.9977193,34.87084629],[114.99763592,34.8708147],[114.99734994,34.87070636],[114.9973452,34.87094582],[114.99732527,34.87109172],[114.99693945,34.87394544],[114.99678888,34.87501777],[114.99678276,34.87507062],[114.9966444,34.87626539],[114.9965153,34.87704622],[114.99645388,34.87741771],[114.99632471,34.87819897],[114.9962675,34.87841726],[114.99611411,34.87923731],[114.99608183,34.87940992],[114.99606971,34.87947469],[114.99614606,34.87948073],[114.99997501,34.87978318],[115.001351,34.87989185],[115.00208028,34.87994603],[115.00316346,34.88001811],[115.00814567,34.88034949],[115.00817823,34.88035166],[115.00822604,34.88035484],[115.00822961,34.88039791],[115.00825623,34.88071925],[115.00981878,34.88087756],[115.01335377,34.88123564],[115.01340953,34.88124128],[115.01341952,34.88119683],[115.01341988,34.88119521],[115.01342843,34.88115718],[115.01343065,34.88114728],[115.014926,34.8812271],[115.01599804,34.88128432],[115.0160163,34.88128529],[115.01673394,34.88132359],[115.01839442,34.88139738],[115.01996871,34.88146731],[115.02102448,34.8815142],[115.02111189,34.88151808],[115.0211149,34.88144715],[115.02111504,34.88144379],[115.0211711,34.88012536],[115.02117532,34.88002629],[115.02117723,34.87998119],[115.02117764,34.87997161],[115.021172,34.87988596],[115.02116952,34.87984834],[115.02095528,34.8765957],[115.02095142,34.87653713],[115.02101016,34.87653857],[115.02277657,34.87658162],[115.02384983,34.87660776],[115.02560305,34.87665045],[115.02678403,34.87667919],[115.02688695,34.87668169],[115.02689264,34.8766144],[115.02702758,34.87502056],[115.02715917,34.87439312],[115.0271721,34.87433145],[115.02717594,34.87430129],[115.02720401,34.87408066],[115.02721484,34.8739955],[115.02722381,34.87392501],[115.02731585,34.87391239],[115.03229924,34.87322874],[115.03317875,34.87310807],[115.03326592,34.8730961],[115.03326886,34.87307899],[115.03327852,34.87302266],[115.03328273,34.87299807],[115.0333761,34.87245372],[115.03337836,34.87244055],[115.03338723,34.87238882],[115.03331787,34.87239137],[115.03302593,34.87240209],[115.03207722,34.86967732],[115.03208087,34.86967671],[115.03254545,34.86959856],[115.03410107,34.86933685],[115.03417321,34.86932471],[115.0341576,34.86924665],[115.03405836,34.86875025],[115.03393007,34.86810851],[115.03392971,34.86810672],[115.03396384,34.86810987],[115.03396692,34.86811016],[115.0340605,34.86811878],[115.03404572,34.86804175],[115.03375207,34.86651125],[115.03350328,34.86521448],[115.03349198,34.86515557],[115.03339616,34.86515593],[115.03312112,34.86515696],[115.03311881,34.86514409],[115.03310374,34.8650599],[115.03300845,34.86452782],[115.03299515,34.86445353],[115.03298272,34.8643877],[115.03285741,34.86372432],[115.0328005,34.86342302],[115.0327861,34.86334676],[115.03283163,34.86329539],[115.03446832,34.8614488],[115.03451857,34.86139209],[115.03460459,34.86139155],[115.03533933,34.86138692],[115.03715334,34.86125675],[115.03737692,34.86124071],[115.03748812,34.86123273],[115.03745711,34.86115996],[115.03743945,34.86111853],[115.03743216,34.86110142],[115.0373626,34.86088551],[115.03733854,34.8606475],[115.03732443,34.86050792],[115.03726222,34.86029128],[115.03721956,34.86014272],[115.03716699,34.85984676],[115.03715553,34.85978226],[115.03714374,34.85971588],[115.03722427,34.85970776],[115.03764827,34.85966502],[115.03768207,34.85966162],[115.03872746,34.85955623],[115.04328907,34.85909628],[115.04404472,34.85902007],[115.04411894,34.85901259],[115.04411391,34.8589408],[115.04410966,34.85888012],[115.0439542,34.85666061],[115.04393915,34.85644567],[115.04393371,34.85636797],[115.04402745,34.85636334],[115.04747297,34.85619302],[115.048624,34.85613611],[115.04991544,34.85607223],[115.05193881,34.85597213],[115.05247816,34.85594544],[115.05510692,34.85581533],[115.05588819,34.85577665],[115.05674581,34.85573418],[115.05682287,34.85573036],[115.05681751,34.8556552],[115.05660558,34.85268357],[115.05656913,34.85217246],[115.05656431,34.85210479],[115.05665798,34.85209967],[115.0579116,34.85203118],[115.06069197,34.85187922],[115.06077194,34.85187484],[115.06077482,34.85180249],[115.06078122,34.85164171],[115.06079189,34.85164144],[115.0623726,34.85160156],[115.06384843,34.8515643],[115.06412778,34.85155887],[115.06449537,34.85155173],[115.06450637,34.85155151],[115.06460151,34.85155123],[115.06460615,34.85160581],[115.06472336,34.85298493],[115.06482093,34.85413299],[115.06486055,34.85459921],[115.06486832,34.85486572],[115.06487,34.85492349],[115.06491066,34.85491872],[115.06546702,34.85485344],[115.06788529,34.85456966],[115.06796837,34.85455991],[115.06794292,34.85444656],[115.06756387,34.85275875],[115.06755303,34.85271051],[115.06765024,34.85269793],[115.06821671,34.85262464],[115.06839378,34.85260173],[115.06846285,34.85259279],[115.06855167,34.85258669],[115.06855818,34.85258624],[115.07060257,34.85244562],[115.07059888,34.8524114],[115.07057593,34.85219821],[115.0705939,34.8521965],[115.07095779,34.85216192],[115.07159295,34.85210155],[115.07197437,34.8520653],[115.07196961,34.8519843],[115.07196411,34.85189068],[115.07185933,34.85010884],[115.07185841,34.85009321],[115.07169518,34.85008766],[115.07101705,34.8500646],[115.07087695,34.85005983],[115.07085219,34.85005899],[115.07085242,34.85000061],[115.07085634,34.84898138],[115.07085635,34.84897884],[115.07085686,34.84884501],[115.07085718,34.84876309],[115.07093658,34.84876039],[115.07413207,34.84865146],[115.0742476,34.84864752],[115.07430673,34.84864367],[115.07719527,34.84845578],[115.07718571,34.84840521],[115.07717758,34.84836223],[115.07731926,34.84835259],[115.07790499,34.84831273],[115.0779135,34.84831215],[115.07790181,34.84825853],[115.07789295,34.84821787],[115.07752892,34.84654713],[115.07750128,34.84642027],[115.07757094,34.84640839],[115.07768043,34.84638971],[115.07771995,34.84638297],[115.07818165,34.8463042],[115.07818786,34.84630314],[115.07814411,34.84612089],[115.07805098,34.84573286],[115.07803675,34.84567357],[115.07814523,34.84566099],[115.07897597,34.84556471],[115.07909927,34.84555042],[115.0790843,34.84546411],[115.07862211,34.84279838],[115.07838619,34.84143761],[115.07833906,34.84116577],[115.07827829,34.84081524],[115.07827304,34.84078494],[115.07832545,34.84074981],[115.07863793,34.84054037],[115.07917153,34.84018272],[115.07915658,34.83829211],[115.07915473,34.83805797],[115.08004453,34.8382462],[115.08020374,34.83827988],[115.08021686,34.83828265],[115.08021381,34.8382637],[115.08020318,34.83819772],[115.07989262,34.83626924],[115.07987225,34.83614279],[115.07987433,34.83614264],[115.0806904,34.83608151],[115.0805243,34.83426783],[115.08051358,34.8341508],[115.08051332,34.83411361],[115.08050798,34.83335123],[115.08048197,34.83291054],[115.08047042,34.83271478],[115.0804128,34.83236606],[115.08038657,34.83226365],[115.08034992,34.8320792],[115.08033654,34.83200747],[115.08032707,34.83199728],[115.08000697,34.83203092],[115.07966191,34.83205964],[115.07959782,34.83206536],[115.07951947,34.83207235],[115.07950447,34.83199558],[115.07949221,34.83193283],[115.07947544,34.8318406],[115.079429,34.83162031],[115.07939771,34.8313691],[115.0793679,34.83123078],[115.07935919,34.83116483],[115.07935064,34.83110006],[115.07934638,34.83109502],[115.07942183,34.83107371],[115.07944977,34.83106582],[115.07967355,34.83106161],[115.07970801,34.83106096],[115.07977408,34.83105661],[115.07997852,34.83104316],[115.08003115,34.8310427],[115.08003453,34.83104267],[115.08010951,34.8310061],[115.08011493,34.83100346],[115.08018787,34.83099584],[115.08028348,34.8309923],[115.0803046,34.83099151],[115.08032121,34.83099397],[115.08043556,34.83101088],[115.08060419,34.83105558],[115.08080079,34.83109746],[115.08091619,34.83111697],[115.08114946,34.8311072],[115.08131749,34.8311057],[115.08149177,34.83110672],[115.08160493,34.83110572],[115.08162246,34.83110556],[115.08172525,34.83110314],[115.08178533,34.83110172],[115.08179668,34.83110145],[115.08178925,34.83100913],[115.08178496,34.83095372],[115.08178186,34.83089277],[115.08178182,34.83089207],[115.08187522,34.83088546],[115.08204114,34.83088399],[115.08217435,34.8308828],[115.08234956,34.83087739],[115.08267912,34.83087832],[115.08269783,34.83087772],[115.08278382,34.83087496],[115.08279031,34.83080423],[115.08279635,34.83073838],[115.08280707,34.83061347],[115.08280148,34.8305036],[115.08279813,34.83043797],[115.08279748,34.83042518],[115.08279735,34.83042251],[115.08279711,34.83041791],[115.08279709,34.8304175],[115.08241303,34.83042913],[115.08220817,34.83044021],[115.08218062,34.8304417],[115.08214687,34.83044253],[115.08184621,34.83044993],[115.08080497,34.83049333],[115.08053394,34.83049767],[115.08043867,34.8304992],[115.07949286,34.83053124],[115.07924134,34.83054397],[115.07891333,34.83055476],[115.07800578,34.83058907],[115.07777642,34.8305911],[115.07645173,34.83064223],[115.07627334,34.8306438],[115.07608539,34.83064546],[115.07580838,34.83065842],[115.07579569,34.83065897],[115.07579246,34.8306591],[115.07578459,34.83065944],[115.07502966,34.83071201],[115.07481349,34.83072705],[115.07461459,34.83073202],[115.07417758,34.83074639],[115.07404382,34.8307493],[115.07370622,34.83075667],[115.07330642,34.83077333],[115.07305975,34.83077872],[115.07276498,34.83079594],[115.07268568,34.83080058],[115.07263976,34.83085111],[115.07261257,34.83088103],[115.07260659,34.83089305],[115.07251942,34.83106838],[115.0723338,34.83149563],[115.07227241,34.83160229],[115.07227321,34.83160369],[115.07228002,34.83161564],[115.07230247,34.83165502],[115.07200452,34.83168334],[115.07156863,34.83170499],[115.07074622,34.83171981],[115.07037372,34.83171163],[115.07033739,34.83171083],[115.07030942,34.83159743],[115.07029199,34.83152673],[115.07028169,34.83146902],[115.07026989,34.83129572],[115.07025737,34.83106726],[115.07025262,34.83094645],[115.07023551,34.83094601],[115.07002634,34.83094056],[115.06935411,34.83094121],[115.0690386,34.83093347],[115.06899908,34.83093398],[115.06892902,34.83093488],[115.06796481,34.8309473],[115.06775806,34.83094996],[115.0675167,34.83094876],[115.06737572,34.83094805],[115.06734056,34.83094933],[115.06718465,34.83095498],[115.06706597,34.83095602],[115.06681194,34.83095825],[115.06668087,34.83095767],[115.06641367,34.83095648],[115.0663696,34.83095388],[115.06621331,34.83094466],[115.06622112,34.83088446],[115.06628879,34.83036326],[115.06631312,34.82952186],[115.06637983,34.82874362],[115.06638977,34.82862759],[115.06638706,34.82859148],[115.06637667,34.82845332],[115.06637585,34.82844015],[115.06634902,34.82800811],[115.06634807,34.82799286],[115.06623835,34.82771594],[115.0658404,34.82671155],[115.06580693,34.82656161],[115.06579202,34.82649483],[115.06585527,34.82648857],[115.06595475,34.82647872],[115.0663346,34.82646515],[115.06648704,34.82645971],[115.06709582,34.82643428],[115.06773591,34.82640858],[115.06818127,34.82639606],[115.06863695,34.82637484],[115.0687518,34.82637384],[115.06913097,34.82635389],[115.06914484,34.82635316],[115.06955528,34.82633234],[115.07009607,34.82631648],[115.07032353,34.82630982],[115.0704262,34.82630681],[115.07041491,34.82623427],[115.07040172,34.82614959],[115.07037183,34.82502817],[115.07033497,34.82408191],[115.07032977,34.82394666],[115.07029088,34.8232332],[115.07030052,34.82247944],[115.07031097,34.82240317],[115.0703049,34.82135348],[115.07028806,34.82034104],[115.07028145,34.81983037],[115.07027941,34.81967225],[115.0702706,34.81899107],[115.07026959,34.81858636],[115.07026943,34.81852315],[115.07026592,34.81844934],[115.07025366,34.81819143],[115.07024317,34.81764077],[115.07022178,34.81720785],[115.07020662,34.81690119],[115.07019082,34.81620037],[115.07017523,34.81551624],[115.07016839,34.81545407],[115.07016759,34.81544677],[115.0704508,34.8154415],[115.07046121,34.81544255],[115.07047444,34.81544389],[115.07058097,34.81545468],[115.07057343,34.81537835],[115.070509,34.81472613],[115.07043214,34.81399803],[115.07037283,34.8135841],[115.0703665,34.81342515],[115.07036352,34.8133504],[115.07043535,34.81333327],[115.07051504,34.81331426],[115.07054461,34.81330721],[115.07058604,34.81330322],[115.07095084,34.81326814],[115.07120947,34.81323461],[115.07177811,34.81314679],[115.07181126,34.81319138],[115.07194805,34.81309147],[115.07195144,34.813089],[115.07243944,34.81301239],[115.07277314,34.81296319],[115.07296116,34.81293547],[115.07346601,34.8128587],[115.07397087,34.81278193],[115.07447565,34.81269959],[115.07452475,34.81269083],[115.07465126,34.81266824],[115.07474204,34.81265203],[115.07474739,34.8125746],[115.07475006,34.81253584],[115.07466107,34.81217502],[115.07456192,34.81181151],[115.07446953,34.81144794],[115.07437713,34.81108437],[115.07429148,34.81072074],[115.07426665,34.81061535],[115.07420582,34.81035711],[115.07412529,34.81004729],[115.07411709,34.81001576],[115.07406388,34.80981317],[115.07401741,34.80961052],[115.07397094,34.80940788],[115.0739111,34.8092137],[115.07384847,34.80896594],[115.07380446,34.80879184],[115.07376536,34.80863138],[115.07375122,34.80857335],[115.07364418,34.80813402],[115.07359076,34.80791474],[115.07350374,34.80755853],[115.07344329,34.80728771],[115.07337968,34.80701692],[115.07331053,34.80674921],[115.07330975,34.80674619],[115.07323981,34.80647545],[115.07316988,34.80620471],[115.07309995,34.80593398],[115.07303002,34.80566324],[115.07293986,34.80529615],[115.0728497,34.80492905],[115.07284197,34.80491308],[115.07281535,34.80485808],[115.07281659,34.80485776],[115.07284314,34.8048509],[115.07288673,34.80483964],[115.07308632,34.80478809],[115.07329226,34.80475047],[115.07357613,34.8047299],[115.07371622,34.80469182],[115.07395514,34.80463572],[115.07423228,34.80458069],[115.07442288,34.80454188],[115.07444308,34.80453776],[115.07479863,34.80448136],[115.07496594,34.8044564],[115.07536991,34.80438761],[115.07569821,34.80433775],[115.07602338,34.80429052],[115.07634856,34.80424329],[115.07655372,34.80421017],[115.07659957,34.804199],[115.07669647,34.80417541],[115.07668702,34.80411689],[115.07661985,34.8037008],[115.07656942,34.80347164],[115.076519,34.80324248],[115.0764682,34.80298462],[115.07641741,34.80272676],[115.07636988,34.80247671],[115.07636964,34.80239128],[115.07636949,34.80233588],[115.07642366,34.80232771],[115.07653536,34.80231087],[115.0767051,34.80228063],[115.07693612,34.80223949],[115.07715648,34.80221797],[115.07722989,34.8022108],[115.07760246,34.80216054],[115.07797503,34.80211028],[115.0783476,34.80206002],[115.07890012,34.80198468],[115.07900421,34.80196288],[115.07900515,34.80196129],[115.07900745,34.8019574],[115.0790104,34.80195239],[115.07897238,34.80170486],[115.07897526,34.80165974],[115.07898027,34.80158104],[115.0790457,34.80156352],[115.07909688,34.80154981],[115.07941592,34.80151829],[115.07973496,34.80148676],[115.07986747,34.80147366],[115.080054,34.80145523],[115.08037303,34.8014237],[115.08069207,34.80139217],[115.08091166,34.80137047],[115.08101111,34.80136064],[115.08133658,34.80133688],[115.08139588,34.80133262],[115.0814118,34.80133148],[115.08166837,34.80131306],[115.08199699,34.80128927],[115.08232558,34.80126287],[115.08266985,34.80122589],[115.082955,34.80119526],[115.08301412,34.80118891],[115.08336478,34.80115709],[115.08366986,34.80113188],[115.08373624,34.80111743],[115.08374661,34.80111517],[115.08378575,34.80111287],[115.08407246,34.801096],[115.08416099,34.80108804],[115.08442629,34.80106416],[115.08478011,34.8010323],[115.08513393,34.80100045],[115.08550353,34.80096585],[115.08607838,34.80090594],[115.0870229,34.80081663],[115.08796749,34.80073253],[115.08881654,34.80065928],[115.08924908,34.8006182],[115.08931046,34.80061021],[115.08939555,34.80059913],[115.08938892,34.80051436],[115.08938793,34.80050165],[115.08937991,34.80039911]]]}},{"type":"Feature","properties":{"adcode":"410225209","name":"闫楼乡","type":"乡","county_code":"410225","county_name":"兰考县","source_codes":["410225209"],"geometry_method":"沿用原边界","area_km2":38.0448},"geometry":{"type":"Polygon","coordinates":[[[114.97839531,34.86742579],[114.97838034,34.86809514],[114.97833852,34.86963188],[114.97830834,34.87072738],[114.97830633,34.87080044],[114.97830624,34.87080357],[114.97830611,34.87080357],[114.97822103,34.87080528],[114.9778889,34.87081194],[114.97747706,34.8708202],[114.9773836,34.87082122],[114.97609509,34.87083539],[114.97599076,34.87083654],[114.97565271,34.87084025],[114.97459744,34.87085184],[114.97451391,34.87085276],[114.9745129,34.87092978],[114.97450839,34.87127456],[114.9744943,34.87235141],[114.97449308,34.87239829],[114.97447766,34.87299191],[114.9744633,34.87354424],[114.97446267,34.87356842],[114.97444722,34.87416307],[114.97444673,34.87418191],[114.97444622,34.87420174],[114.97444431,34.87427501],[114.9743561,34.87426676],[114.97397343,34.87423097],[114.97317146,34.87415596],[114.97308734,34.87414809],[114.9730874,34.87421987],[114.97308745,34.87428295],[114.97308745,34.87428536],[114.97308746,34.87430354],[114.97322896,34.87502066],[114.97337959,34.87585916],[114.97357972,34.87699124],[114.97385938,34.87857315],[114.97387096,34.87863867],[114.97388546,34.87871425],[114.97390731,34.87882817],[114.97403531,34.87954083],[114.97403968,34.87956518],[114.97407135,34.87969269],[114.97432182,34.8807011],[114.97441847,34.88109023],[114.97442162,34.8811029],[114.97463885,34.88197748],[114.97465466,34.88204114],[114.97474989,34.88202818],[114.97518302,34.88196923],[114.97532596,34.88194978],[114.9754202,34.88193695],[114.97543334,34.88201109],[114.97561708,34.88304807],[114.9757332,34.88370338],[114.97574599,34.88377559],[114.97565521,34.88379141],[114.97547073,34.88382355],[114.97376965,34.88411992],[114.97368123,34.88413532],[114.97369464,34.8842046],[114.97382945,34.88490099],[114.97383323,34.8849205],[114.97389372,34.8852543],[114.97390681,34.88532652],[114.97399396,34.88531409],[114.9759632,34.88503322],[114.97605156,34.88502062],[114.97605588,34.88509274],[114.97608694,34.88561083],[114.97615451,34.88673821],[114.97615861,34.88680654],[114.97611664,34.88686762],[114.97604956,34.88696525],[114.97580483,34.88732145],[114.97572864,34.88737489],[114.97568567,34.88740502],[114.97562413,34.88744818],[114.97555379,34.88741802],[114.97436219,34.88690722],[114.97317095,34.88639655],[114.97266203,34.88617837],[114.97256786,34.886138],[114.97252394,34.88619208],[114.97251051,34.88620861],[114.97250895,34.88621054],[114.97248801,34.88634541],[114.9723148,34.8874611],[114.97222232,34.88796051],[114.97208317,34.88871197],[114.97192451,34.88977088],[114.97189447,34.88997131],[114.97171113,34.89123062],[114.97155791,34.8919992],[114.97154713,34.89205327],[114.97147849,34.89239763],[114.97134927,34.89320779],[114.97128395,34.8936173],[114.97108941,34.89483698],[114.97103802,34.89515917],[114.97089486,34.89605665],[114.9704548,34.89878473],[114.97013372,34.90077505],[114.97012245,34.90084495],[114.97003722,34.90083805],[114.96959571,34.90080234],[114.96657069,34.90055758],[114.96649694,34.90055161],[114.96649495,34.90048776],[114.9664415,34.89877401],[114.9664391,34.89869694],[114.96634283,34.8986941],[114.96572663,34.89867592],[114.96512024,34.89865802],[114.9650259,34.89865524],[114.96502853,34.89872689],[114.96506169,34.89962762],[114.96507636,34.90002608],[114.96507883,34.9000933],[114.96508227,34.90016966],[114.96510399,34.90065329],[114.96510775,34.90073698],[114.96513011,34.9013386],[114.96514755,34.90180775],[114.96515276,34.90194672],[114.96519081,34.90296205],[114.96520623,34.90337353],[114.9652198,34.90373557],[114.96522267,34.90381235],[114.96530883,34.90381444],[114.96654229,34.90384435],[114.96703518,34.90385629],[114.96800637,34.90394959],[114.96976388,34.90411839],[114.9698423,34.90412592],[114.96984011,34.90419377],[114.9698046,34.90529925],[114.96979729,34.90552677],[114.96974798,34.90706205],[114.96974562,34.90713533],[114.96974217,34.90720587],[114.96966166,34.9088501],[114.96965906,34.90890329],[114.96965692,34.90898333],[114.96964427,34.90945651],[114.96960935,34.91076315],[114.96960775,34.91082291],[114.96960771,34.91082435],[114.96960732,34.9108295],[114.9696028,34.91088921],[114.96954425,34.91166125],[114.96953821,34.91174089],[114.96953472,34.91180515],[114.96953356,34.91182656],[114.96947316,34.91293971],[114.96946892,34.91301788],[114.9695624,34.91300886],[114.970373,34.91293064],[114.97294751,34.91268216],[114.97303502,34.91267371],[114.97311313,34.91266617],[114.97312355,34.91273876],[114.97324922,34.91361446],[114.97324573,34.91378757],[114.97324214,34.91396599],[114.97330544,34.91409728],[114.97344966,34.91557683],[114.97348881,34.91597851],[114.9734956,34.91604814],[114.97359114,34.91604264],[114.97487397,34.9159688],[114.97562228,34.91592572],[114.97569648,34.91592144],[114.97572445,34.91599863],[114.97593468,34.91657872],[114.9759747,34.91668914],[114.97601805,34.91684836],[114.97634284,34.91681763],[114.97650967,34.91729614],[114.97670855,34.9178666],[114.97678223,34.91816813],[114.9757052,34.91818712],[114.97561104,34.91818878],[114.97562728,34.9182593],[114.97568649,34.91851644],[114.97571504,34.91864044],[114.9758512,34.91923853],[114.97592535,34.9195612],[114.97600946,34.9199272],[114.97605053,34.92009998],[114.97583,34.92020137],[114.97582062,34.92020568],[114.97580865,34.9202173],[114.97571241,34.9203107],[114.97566566,34.92035607],[114.97566068,34.92036091],[114.97566085,34.92036203],[114.97566086,34.92036215],[114.97566972,34.92042193],[114.97574841,34.92095308],[114.97575658,34.92101381],[114.97583625,34.92160598],[114.97584711,34.92168665],[114.97591236,34.92172448],[114.97601349,34.92178312],[114.97654727,34.92209259],[114.97674168,34.9222053],[114.97721522,34.92245054],[114.97749681,34.92259223],[114.97773459,34.92271186],[114.978057,34.9228774],[114.97812949,34.92291462],[114.97812979,34.92298502],[114.97813094,34.9232601],[114.9781326,34.92365809],[114.97813322,34.92380499],[114.97812837,34.92397365],[114.97812325,34.92415201],[114.97812114,34.92422569],[114.97821344,34.92422554],[114.97844865,34.92422515],[114.97900232,34.92422423],[114.97897413,34.92411964],[114.9789741,34.92411712],[114.97897417,34.92405686],[114.97897425,34.92399303],[114.97929004,34.9239939],[114.97947408,34.92399441],[114.97956315,34.92399465],[114.97955762,34.92391989],[114.97950999,34.92327535],[114.97950145,34.9231598],[114.97949779,34.92311028],[114.97947544,34.9228469],[114.97946489,34.92272255],[114.97945831,34.92264511],[114.9795494,34.92264956],[114.97994851,34.92266909],[114.98006374,34.92267473],[114.98022627,34.92268268],[114.98022739,34.92268274],[114.98029445,34.92268602],[114.98047785,34.92266577],[114.98081643,34.92262838],[114.9809428,34.92261442],[114.98120727,34.92258522],[114.98129348,34.9225757],[114.98169467,34.92252826],[114.98206785,34.92248413],[114.98215105,34.92247429],[114.98216049,34.92254786],[114.98219179,34.92279189],[114.98222687,34.92303999],[114.98247424,34.92302694],[114.98355607,34.92296987],[114.98413133,34.92287942],[114.98444076,34.92283077],[114.98452203,34.92281799],[114.9845223,34.92281794],[114.98453423,34.92289339],[114.98457692,34.92316317],[114.98465662,34.92360404],[114.98465935,34.92361913],[114.98469747,34.92390179],[114.98472687,34.92421268],[114.98472949,34.92424035],[114.98476842,34.92426776],[114.98480326,34.92429228],[114.98481456,34.92430024],[114.98502304,34.92427303],[114.98510626,34.92426217],[114.98511149,34.92433706],[114.98514703,34.92484587],[114.98515187,34.92491513],[114.98515668,34.92499321],[114.98516852,34.92518568],[114.98517023,34.9252003],[114.98519466,34.9254092],[114.98520447,34.92566875],[114.98521436,34.92587466],[114.98521786,34.92594761],[114.98522918,34.92610112],[114.98524188,34.92627335],[114.98526602,34.92661012],[114.98527262,34.92676488],[114.98529381,34.92726194],[114.98529659,34.92732714],[114.9853863,34.92732332],[114.98574413,34.92730809],[114.98635299,34.92728217],[114.98657909,34.92726293],[114.98668527,34.9272539],[114.98724091,34.92720662],[114.98768179,34.92716911],[114.98804663,34.92713006],[114.98890336,34.92703837],[114.98898189,34.92702997],[114.98898948,34.92711743],[114.9890267,34.92754685],[114.98914973,34.92810935],[114.98921419,34.92851762],[114.9893102,34.92919193],[114.98944623,34.92989162],[114.9895406,34.93022638],[114.98955881,34.93029098],[114.98964981,34.93027893],[114.99016897,34.93021017],[114.99041113,34.9301781],[114.99075279,34.93010596],[114.99082894,34.93008988],[114.99084472,34.93015409],[114.99086518,34.93023731],[114.99088355,34.93031207],[114.99096818,34.93074587],[114.99100833,34.93095583],[114.99105292,34.93118901],[114.99120387,34.93194931],[114.99121321,34.93199317],[114.99124119,34.93212458],[114.99125798,34.93220349],[114.99139086,34.93287516],[114.99139298,34.93288643],[114.99145683,34.93322583],[114.99145841,34.93323422],[114.99210658,34.93315785],[114.99210771,34.93315751],[114.99219292,34.93313193],[114.99226166,34.93311129],[114.9922495,34.93305133],[114.99217451,34.93268146],[114.99218055,34.93268093],[114.99250658,34.93265185],[114.99321291,34.93258887],[114.99387025,34.93253008],[114.99467793,34.93245784],[114.99475918,34.93245057],[114.99475689,34.9323787],[114.99474076,34.93187309],[114.99473614,34.9317285],[114.99473483,34.93168734],[114.99473388,34.93165751],[114.99482686,34.93164654],[114.99635309,34.93146646],[114.99643237,34.9314571],[114.99644591,34.93153957],[114.99658017,34.93235749],[114.99658185,34.93235725],[114.99675459,34.93233293],[114.99789815,34.93220741],[114.99875723,34.93211441],[114.99958515,34.93203322],[114.99967418,34.93202449],[114.99969388,34.93208941],[114.99978141,34.93237778],[114.99978956,34.93237867],[114.99980118,34.93237994],[115.00020118,34.93234275],[115.00051393,34.93231368],[115.00113023,34.93225471],[115.00125195,34.93224306],[115.00134723,34.93223395],[115.00135169,34.93223045],[115.0013745,34.93221253],[115.00137278,34.93230737],[115.00135918,34.93305578],[115.00143863,34.93306041],[115.00144087,34.93306054],[115.00144116,34.9330643],[115.00145196,34.93320473],[115.00145902,34.93329651],[115.00151451,34.93328318],[115.00162486,34.93325666],[115.00258395,34.9331717],[115.00315386,34.9331212],[115.00330804,34.93309611],[115.0033784,34.93308466],[115.00338217,34.93310085],[115.00338376,34.93310768],[115.0033974,34.9331662],[115.00356643,34.9338917],[115.00359267,34.9340043],[115.00373279,34.93459315],[115.00380654,34.93490303],[115.00388262,34.93524157],[115.00407669,34.93519239],[115.00422123,34.93515576],[115.00429704,34.93513654],[115.00429756,34.93513906],[115.00429885,34.93514526],[115.00431115,34.93520432],[115.00439672,34.93561528],[115.00442467,34.93574951],[115.00448902,34.93614193],[115.00449931,34.93620465],[115.00452509,34.93619885],[115.00453229,34.93619722],[115.00460253,34.9361814],[115.00461799,34.93617792],[115.005404,34.93607751],[115.00546972,34.93606911],[115.00548063,34.93607797],[115.00548483,34.93608138],[115.00553723,34.93612391],[115.00555749,34.93614035],[115.005558,34.93614077],[115.00580253,34.93628562],[115.00640657,34.93664343],[115.00640887,34.93664507],[115.00661018,34.93678902],[115.00664009,34.9368104],[115.00667871,34.93680848],[115.00667886,34.93680848],[115.00668498,34.93680817],[115.00675827,34.93680453],[115.00799762,34.93674288],[115.00860634,34.93671591],[115.00947529,34.9366774],[115.00977708,34.93666402],[115.01010571,34.93664371],[115.01050307,34.93661914],[115.01068883,34.93661636],[115.01104262,34.93661107],[115.0110866,34.93661041],[115.01110089,34.93666568],[115.01112602,34.9367629],[115.01113115,34.93678274],[115.01127064,34.93732233],[115.01123618,34.93749629],[115.01125915,34.9376272],[115.01126929,34.937685],[115.0112898,34.93768328],[115.01129847,34.93768256],[115.01137035,34.93767654],[115.01191996,34.93763052],[115.01233157,34.93759605],[115.01306546,34.93752772],[115.01396092,34.93744435],[115.01430369,34.93741538],[115.01453649,34.9373957],[115.01535175,34.93732679],[115.01535113,34.93732258],[115.01524142,34.93657654],[115.01524584,34.93657605],[115.01562027,34.93653426],[115.01567765,34.93652785],[115.01569074,34.93658273],[115.01575727,34.93686173],[115.01589735,34.93754441],[115.01589839,34.9375495],[115.01590028,34.93754931],[115.01597206,34.93754182],[115.01597993,34.937541],[115.0165424,34.93748234],[115.0165713,34.93747932],[115.01675168,34.93746588],[115.01683782,34.93745946],[115.01682678,34.93737346],[115.01679687,34.93714064],[115.01674297,34.93672358],[115.01672067,34.93655094],[115.01668598,34.9363919],[115.01668592,34.93639166],[115.01667313,34.93633299],[115.01669473,34.93632984],[115.0166977,34.93632941],[115.01670332,34.9363286],[115.01670564,34.93632826],[115.01677447,34.93631825],[115.01677712,34.93631786],[115.0173715,34.93623141],[115.01852499,34.93606834],[115.0191214,34.93598403],[115.02044928,34.93579504],[115.02102029,34.93571078],[115.0212644,34.93567602],[115.02126341,34.93567231],[115.02126332,34.935672],[115.02119234,34.93540683],[115.02116108,34.93529005],[115.02101213,34.93473359],[115.02100701,34.93471233],[115.02070115,34.93344321],[115.02069391,34.93341314],[115.02073637,34.93340407],[115.02213049,34.93310636],[115.02292689,34.93295332],[115.02300573,34.93293817],[115.0229852,34.93286634],[115.02294425,34.93272311],[115.02291358,34.93261584],[115.02304161,34.93259775],[115.02308394,34.93259177],[115.02294697,34.93224036],[115.02273487,34.93169619],[115.02270811,34.93162752],[115.02279729,34.93159987],[115.02339311,34.93141516],[115.0233988,34.9314134],[115.02339895,34.9314137],[115.02347916,34.93157655],[115.02357675,34.9317747],[115.02361656,34.93185553],[115.023689,34.93184256],[115.0237611,34.93182965],[115.02388262,34.93180789],[115.02396289,34.93179352],[115.02393641,34.93172033],[115.02391954,34.9316737],[115.02389573,34.93160791],[115.02466775,34.93139514],[115.02508282,34.93127794],[115.0251687,34.93125369],[115.02513056,34.93119437],[115.02500787,34.93100357],[115.02500026,34.93099174],[115.02500046,34.93099168],[115.02535191,34.93088416],[115.02543176,34.93085973],[115.02546767,34.93091432],[115.02563844,34.93117392],[115.02591374,34.93159243],[115.02592587,34.93161086],[115.0260041,34.93160019],[115.02694708,34.93147167],[115.02694918,34.93147451],[115.02695035,34.93147609],[115.0271222,34.93173382],[115.02715144,34.93177767],[115.02723745,34.93175798],[115.0274753,34.93170351],[115.02754636,34.93168724],[115.02793341,34.93159861],[115.02796711,34.9315909],[115.02887234,34.93135979],[115.0291504,34.93128451],[115.02944017,34.93120607],[115.02953799,34.93117959],[115.02954064,34.93118379],[115.02964139,34.93134365],[115.02968584,34.93141416],[115.02977201,34.93138153],[115.02977447,34.9313806],[115.02979864,34.93137145],[115.02986408,34.93134666],[115.0298932,34.93133563],[115.03012272,34.93125993],[115.03081072,34.93103303],[115.03079918,34.93099324],[115.03075815,34.93085164],[115.03073631,34.93077628],[115.03081452,34.93075828],[115.03185418,34.93051906],[115.03241071,34.930391],[115.03294515,34.93027417],[115.03303422,34.9302547],[115.03305824,34.93031052],[115.03308253,34.93036695],[115.03315835,34.93054313],[115.03337394,34.930883],[115.03351867,34.93115514],[115.03359634,34.93135203],[115.0336232,34.93156491],[115.03362556,34.93158358],[115.03371549,34.93157129],[115.03411898,34.93151615],[115.03412607,34.93151518],[115.03463132,34.93138923],[115.03577139,34.93110501],[115.03639076,34.93095334],[115.03653591,34.9309178],[115.03661952,34.93089732],[115.03664521,34.9309656],[115.03668462,34.93107038],[115.0368044,34.9313888],[115.03775251,34.93121093],[115.03822757,34.93112643],[115.03901379,34.93098659],[115.03929924,34.93094457],[115.03937014,34.93093414],[115.03947076,34.93091561],[115.03993251,34.93083055],[115.0412957,34.93057945],[115.04253492,34.93035527],[115.04342192,34.93023003],[115.04345111,34.93022591],[115.04343711,34.9301185],[115.04329889,34.92905853],[115.04318849,34.92802732],[115.04318065,34.92795408],[115.04328604,34.92794095],[115.04340895,34.92792563],[115.0441519,34.92783307],[115.04425236,34.92782055],[115.04424916,34.9277352],[115.04420588,34.92658056],[115.04474496,34.92652131],[115.04484792,34.92651],[115.0448381,34.92644044],[115.04478625,34.92607304],[115.04475512,34.92585254],[115.04473648,34.92572045],[115.04460055,34.92574238],[115.04452111,34.92575519],[115.04450506,34.92566344],[115.04436686,34.92487328],[115.04431567,34.92460073],[115.04431548,34.92459971],[115.04376476,34.9240847],[115.04373044,34.92405126],[115.04348268,34.92380983],[115.04343383,34.92376222],[115.04336797,34.92370089],[115.04308791,34.92344005],[115.04308386,34.92343627],[115.04271167,34.92308962],[115.0426661,34.92304718],[115.04258419,34.92305809],[115.04176779,34.92316686],[115.04161808,34.92318669],[115.04155434,34.92319513],[115.04153563,34.92311161],[115.04143129,34.92264576],[115.04141734,34.92258346],[115.04131572,34.92202688],[115.04125703,34.92170543],[115.04100045,34.92054951],[115.0409904,34.92050427],[115.04095259,34.92051308],[115.04028155,34.92066946],[115.0403061,34.91985292],[115.04031133,34.91967905],[115.04031883,34.91962429],[115.0403988,34.91903995],[115.04041049,34.91895456],[115.04032125,34.91895082],[115.03932105,34.91890885],[115.03910476,34.91889978],[115.03844128,34.91887194],[115.03838251,34.91886947],[115.03838211,34.91880735],[115.03837297,34.91739311],[115.03837248,34.91731736],[115.03835153,34.91731726],[115.03826211,34.91731683],[115.03797189,34.91731543],[115.03797051,34.91731543],[115.03795383,34.91668915],[115.03795377,34.91667997],[115.03795181,34.9163219],[115.03795136,34.91623918],[115.03794769,34.91623879],[115.03785294,34.91623075],[115.03664141,34.91612787],[115.0366173,34.91612582],[115.03655792,34.91612078],[115.03655372,34.91612059],[115.03644266,34.91611978],[115.03424708,34.91610377],[115.03417697,34.91610326],[115.03417315,34.91606611],[115.03398011,34.91418728],[115.03397379,34.91412579],[115.0339729,34.9141171],[115.03391824,34.91412424],[115.03369823,34.91415301],[115.03348586,34.91418077],[115.03237011,34.91432664],[115.03215323,34.91435499],[115.0320662,34.91436637],[115.03198371,34.91438116],[115.03159254,34.91445129],[115.03098344,34.9145607],[115.03003232,34.91473152],[115.02966394,34.91479768],[115.02800422,34.91509575],[115.02792859,34.91510933],[115.0279149,34.91504568],[115.02788673,34.91491467],[115.02788396,34.91490178],[115.02737251,34.9125232],[115.02734622,34.91240093],[115.02734111,34.91237716],[115.02733222,34.91233585],[115.02740331,34.91231827],[115.02763045,34.91226209],[115.02766957,34.91225242],[115.02825072,34.91210984],[115.0283595,34.91208315],[115.02834251,34.91201453],[115.02808905,34.91099066],[115.02798875,34.91058548],[115.02797273,34.91052076],[115.02796998,34.91050965],[115.02795768,34.91044445],[115.02792234,34.91025708],[115.02789443,34.91010909],[115.02786002,34.90992664],[115.02768778,34.90901342],[115.0274841,34.90793345],[115.02746975,34.90785558],[115.02731935,34.90703926],[115.0272277,34.90654179],[115.02709077,34.90581546],[115.0270761,34.90573765],[115.02698508,34.90575067],[115.02619638,34.90586355],[115.02610668,34.90587638],[115.02609855,34.90582152],[115.02603313,34.90538008],[115.02598025,34.90502329],[115.02585854,34.90420202],[115.02585805,34.90419873],[115.02634934,34.90415682],[115.02687825,34.9041117],[115.0281353,34.90400444],[115.02848384,34.9039747],[115.02857122,34.90396724],[115.02861499,34.90402868],[115.02911153,34.90472573],[115.02914269,34.90476948],[115.02922495,34.9047661],[115.03218483,34.9046446],[115.03361116,34.90458602],[115.03584459,34.90449426],[115.03659747,34.90446332],[115.03665446,34.90446098],[115.0366793,34.90445996],[115.03667948,34.90446524],[115.0366816,34.90452887],[115.03668776,34.90471353],[115.03669598,34.90471433],[115.03748182,34.90479129],[115.0414912,34.90518386],[115.04152237,34.90518654],[115.04298818,34.90531256],[115.04344472,34.90535181],[115.04352987,34.90535913],[115.04361573,34.90535846],[115.04458823,34.90535079],[115.04622461,34.90532675],[115.04641038,34.90532401],[115.04685238,34.90531751],[115.04773296,34.90530253],[115.04836316,34.9052918],[115.04931771,34.90527555],[115.0498336,34.90526877],[115.0508492,34.90525543],[115.05085233,34.90525539],[115.05088633,34.90552247],[115.05089272,34.90557267],[115.0509534,34.90557215],[115.05320457,34.90555292],[115.0532055,34.90555938],[115.05325647,34.90591339],[115.05326227,34.90595367],[115.05330836,34.90593809],[115.05607412,34.90500261],[115.05629568,34.90492767],[115.05631633,34.90492068],[115.05632491,34.90491778],[115.05644974,34.9052001],[115.05647145,34.90524921],[115.05657015,34.90547241],[115.05658913,34.90551535],[115.05666591,34.90551526],[115.05867528,34.90551306],[115.05888599,34.90551283],[115.05897099,34.90551273],[115.05905613,34.905494],[115.05926527,34.90544798],[115.05983423,34.90532277],[115.05994294,34.90529884],[115.06003196,34.90527925],[115.06002828,34.9052525],[115.06002203,34.90520718],[115.05975793,34.90328992],[115.0596973,34.90284973],[115.05966799,34.90263697],[115.05965773,34.90256248],[115.05974565,34.90255723],[115.05993825,34.90254573],[115.06094107,34.90248584],[115.06102813,34.90248064],[115.06111577,34.90248045],[115.0617715,34.902479],[115.0622767,34.90247789],[115.06236772,34.90247769],[115.06235133,34.9024068],[115.06200162,34.90089503],[115.0620032,34.90089486],[115.06225775,34.900867],[115.06233274,34.90085878],[115.06234785,34.90091084],[115.06262643,34.90187082],[115.06264181,34.90187542],[115.06264458,34.90187625],[115.06271726,34.90189801],[115.06281155,34.90188641],[115.06345502,34.90180728],[115.06384913,34.90175881],[115.06385575,34.90175759],[115.06397674,34.90173528],[115.06406186,34.90171959],[115.06404387,34.90165016],[115.06391494,34.90115259],[115.06384911,34.90086537],[115.06365136,34.89986804],[115.06368797,34.89987717],[115.06371073,34.89986786],[115.0638491,34.89981126],[115.06385832,34.89981054],[115.06508554,34.8997151],[115.06530087,34.89969835],[115.06579314,34.89966006],[115.06582955,34.89965723],[115.06587097,34.89965425],[115.06587698,34.89965381],[115.06766294,34.89952506],[115.06766266,34.8995236],[115.06764908,34.89945395],[115.06763701,34.899392],[115.06739451,34.89814789],[115.0673812,34.8980796],[115.0672925,34.8980929],[115.06673185,34.89817694],[115.06583462,34.89831142],[115.06580783,34.89831381],[115.06567362,34.89832579],[115.06553062,34.89833855],[115.06552002,34.89828747],[115.06550711,34.89822531],[115.06545395,34.89796921],[115.06541292,34.89779707],[115.06539068,34.89770375],[115.06532083,34.89741064],[115.06531949,34.89740503],[115.065074,34.89637502],[115.06500833,34.89609947],[115.06477604,34.89503391],[115.06472915,34.89480434],[115.06471389,34.89472964],[115.06469741,34.89466252],[115.06450075,34.89386155],[115.0643403,34.8938921],[115.06384901,34.89398566],[115.06331683,34.89410026],[115.06246854,34.89429925],[115.06238972,34.89431774],[115.06230132,34.89429947],[115.06178157,34.89419206],[115.06172077,34.8941795],[115.06134291,34.8941014],[115.06125734,34.89408372],[115.06125567,34.89408337],[115.06117477,34.89410125],[115.0604701,34.89425691],[115.05998849,34.8943633],[115.05972569,34.89442135],[115.05885288,34.89461414],[115.05873641,34.89463998],[115.05482052,34.8955087],[115.05412064,34.89566395],[115.05300248,34.89591198],[115.05296702,34.89581752],[115.05286005,34.8955326],[115.05281379,34.8954094],[115.05279644,34.89536318],[115.0527943,34.89535749],[115.05272127,34.89537308],[115.05074416,34.89579532],[115.05072851,34.89579866],[115.04818732,34.89634131],[115.04695802,34.89660379],[115.04693174,34.89660941],[115.04689689,34.89661685],[115.04686545,34.89656066],[115.04664098,34.89615954],[115.04640324,34.89573469],[115.04638107,34.89569509],[115.04633345,34.89570346],[115.04509428,34.89592117],[115.04478577,34.89597537],[115.04460727,34.89545926],[115.04458419,34.89539253],[115.04456674,34.89539532],[115.04450509,34.89540516],[115.04372015,34.89553044],[115.04230797,34.89575583],[115.03900047,34.89628365],[115.03888523,34.89630204],[115.03886186,34.89625187],[115.038511,34.8954987],[115.03847994,34.89543202],[115.03845282,34.89543597],[115.03841702,34.89544118],[115.03839943,34.89544374],[115.03830888,34.89545692],[115.03764297,34.89555385],[115.03762949,34.89555581],[115.03762704,34.89555617],[115.03762664,34.89555524],[115.03754859,34.89537303],[115.03701029,34.89411637],[115.03679729,34.89361911],[115.03677255,34.89356136],[115.03675485,34.89355385],[115.0366742,34.89351967],[115.03650628,34.8934485],[115.03646085,34.8934394],[115.03634384,34.89341596],[115.03627518,34.8934022],[115.03627296,34.89338666],[115.03614695,34.89250258],[115.03613671,34.89243075],[115.03610845,34.8924352],[115.03603145,34.89244732],[115.03597028,34.89245694],[115.03583529,34.89247818],[115.03583278,34.89247858],[115.03572751,34.89210903],[115.03528728,34.89056364],[115.03527212,34.89051041],[115.03534406,34.8904989],[115.03572412,34.8904381],[115.03574709,34.89043442],[115.03576636,34.89043134],[115.0357143,34.89009203],[115.03571349,34.89008673],[115.0356867,34.8900893],[115.03414108,34.89023743],[115.03382712,34.89026752],[115.03317987,34.89032955],[115.03307362,34.89033973],[115.0330742,34.89037972],[115.03307843,34.89067004],[115.03308471,34.89110036],[115.03115625,34.89107584],[115.03109257,34.89107503],[115.03104511,34.89107443],[115.03104684,34.8910476],[115.03105147,34.89097585],[115.0312482,34.88792416],[115.0312625,34.88764451],[115.03126846,34.88752804],[115.03132137,34.88649342],[115.03138655,34.88521884],[115.03149113,34.88338851],[115.03149591,34.88330479],[115.03148948,34.88329935],[115.03144877,34.88326024],[115.03089866,34.88273171],[115.03050448,34.882353],[115.03043089,34.88228229],[115.03035861,34.88228103],[115.02855874,34.88224944],[115.02847809,34.88224802],[115.02841976,34.88225815],[115.0284263,34.88219817],[115.02846598,34.88183468],[115.02798249,34.88184258],[115.02790806,34.88184379],[115.0266302,34.88186466],[115.02654361,34.88186607],[115.02654782,34.88180244],[115.02660792,34.88089492],[115.02660911,34.88087704],[115.02663218,34.88052858],[115.02688203,34.87675588],[115.02688695,34.87668169],[115.02678403,34.87667919],[115.02560305,34.87665045],[115.02384983,34.87660776],[115.02277657,34.87658162],[115.02101016,34.87653857],[115.02095142,34.87653713],[115.02095528,34.8765957],[115.02116952,34.87984834],[115.021172,34.87988596],[115.02117764,34.87997161],[115.02117723,34.87998119],[115.02117532,34.88002629],[115.0211711,34.88012536],[115.02111504,34.88144379],[115.0211149,34.88144715],[115.02111189,34.88151808],[115.02102448,34.8815142],[115.01996871,34.88146731],[115.01839442,34.88139738],[115.01673394,34.88132359],[115.0160163,34.88128529],[115.01599804,34.88128432],[115.014926,34.8812271],[115.01343065,34.88114728],[115.01342843,34.88115718],[115.01341988,34.88119521],[115.01341952,34.88119683],[115.01340953,34.88124128],[115.01335377,34.88123564],[115.00981878,34.88087756],[115.00825623,34.88071925],[115.00822961,34.88039791],[115.00822604,34.88035484],[115.00817823,34.88035166],[115.00814567,34.88034949],[115.00316346,34.88001811],[115.00208028,34.87994603],[115.001351,34.87989185],[114.99997501,34.87978318],[114.99614606,34.87948073],[114.99606971,34.87947469],[114.99608183,34.87940992],[114.99611411,34.87923731],[114.9962675,34.87841726],[114.99632471,34.87819897],[114.99645388,34.87741771],[114.9965153,34.87704622],[114.9966444,34.87626539],[114.99678276,34.87507062],[114.99678888,34.87501777],[114.99693945,34.87394544],[114.99732527,34.87109172],[114.9973452,34.87094582],[114.99734994,34.87070636],[114.99763592,34.8708147],[114.9977193,34.87084629],[114.9977121,34.87076361],[114.99769149,34.87052713],[114.99762953,34.86981603],[114.99756483,34.86907357],[114.99755922,34.86901257],[114.9974968,34.86833369],[114.99737967,34.86705973],[114.99737274,34.86698437],[114.99728576,34.86699018],[114.99657701,34.86703754],[114.99564918,34.86709952],[114.99554932,34.86710619],[114.99550269,34.86710931],[114.99496124,34.8671448],[114.99410428,34.86720098],[114.99368095,34.86720787],[114.99359411,34.86720929],[114.99350873,34.86721688],[114.99231072,34.86732345],[114.99010975,34.86746927],[114.98982814,34.86749086],[114.98860851,34.86758437],[114.98847355,34.86759472],[114.98832662,34.86760598],[114.98823822,34.86761276],[114.98824095,34.86767803],[114.98825263,34.86795702],[114.98827155,34.86840902],[114.98827896,34.86858602],[114.98828808,34.86880407],[114.98829138,34.86888285],[114.98820282,34.86888013],[114.98809745,34.86887689],[114.98751006,34.86885885],[114.98618653,34.86881818],[114.98585109,34.86880787],[114.98578286,34.86880614],[114.98552915,34.86879972],[114.98552697,34.86879967],[114.98541475,34.86879683],[114.98540067,34.86879647],[114.98538788,34.86894584],[114.98538107,34.86902536],[114.98529167,34.86901939],[114.98513757,34.8690091],[114.98498323,34.86899879],[114.98442635,34.8689616],[114.98442517,34.86896152],[114.98437653,34.86895827],[114.98429438,34.86895279],[114.98430315,34.86887542],[114.98436968,34.86828915],[114.98437411,34.86825013],[114.98439133,34.86809836],[114.98440986,34.86793505],[114.98441807,34.86786277],[114.98434143,34.86784631],[114.9840048,34.86777402],[114.98335446,34.86763436],[114.9832822,34.86761713],[114.9832019,34.86759798],[114.9831998,34.86759924],[114.98319084,34.86760461],[114.98311332,34.86765112],[114.98303502,34.86766814],[114.98239842,34.86780645],[114.98234154,34.86781881],[114.98169287,34.86789388],[114.98142653,34.86787127],[114.98125467,34.86785668],[114.98120966,34.86784393],[114.98086814,34.86774721],[114.98086504,34.86774633],[114.97944123,34.86705998],[114.97943417,34.86705658],[114.97849728,34.86678484],[114.97841022,34.86675959],[114.97840849,34.86683684],[114.97839574,34.86740674],[114.97839531,34.86742579]]]}}]}